ue_id,loc_x,loc_y,tick,cell_lat,cell_lon,cell_id,cell_az_deg,cell_carrier_freq_mhz,distance_km,relative_bearing,cell_el_deg,cell_rxpower_dbm
0,51.20535802890328,-18.291827769374905,0,-90.0,-180.0,1,0,2100,15.892758684781597,231.20535802890328,0.0,-99.8929713419565
1,20.358091180733794,70.68567917919134,0,-90.0,-180.0,1,0,2100,16.699604049711706,200.3580911807338,0.0,-100.33241688764355
2,22.49990746095409,-53.21105732666324,0,-90.0,-180.0,1,0,2100,15.225351413658034,202.49990746095406,0.0,-99.54973084885974
3,-74.47932863872016,-88.34634359726613,0,-90.0,-180.0,1,0,2100,12.123148110457498,105.52067136127994,0.0,-97.63066136578618
4,-178.30023394141617,-43.70960001708253,0,-90.0,-180.0,1,0,2100,15.455088630158562,1.6997660585838048,0.0,-99.44198235669917
5,-24.048312225830216,-41.2820909861415,0,-90.0,-180.0,1,0,2100,15.506200728722717,155.95168777416984,0.0,-99.70428022236075
6,-108.47836824519521,32.38174938392123,0,-90.0,-180.0,1,0,2100,16.42729916630802,71.52163175480479,0.0,-100.06139763617905
7,175.5473273801415,43.42275000503383,0,-90.0,-180.0,1,0,2100,16.513676566322644,355.5473273801415,0.0,-99.89562567676607
8,155.23613400067836,-10.092506602099107,0,-90.0,-180.0,1,0,2100,16.001023585784033,335.23613400067836,0.0,-99.74205344849716
9,75.79971720635524,-45.57713916436796,0,-90.0,-180.0,1,0,2100,15.41390826312138,255.79971720635524,0.0,-99.61177227896951
10,-88.92890944562123,-80.67878968295952,0,-90.0,-180.0,1,0,2100,13.852447286631714,91.07109055437877,0.0,-98.7416900789415
11,178.3253570450301,80.49500681013097,0,-90.0,-180.0,1,0,2100,16.758859903697246,358.3253570450301,0.0,-99.98233637792208
12,105.93076090303862,-8.897956093410059,0,-90.0,-180.0,1,0,2100,16.015862114153375,285.9307609030386,0.0,-99.86981154153
13,33.49493922489975,-65.93226428869107,0,-90.0,-180.0,1,0,2100,14.801026389912954,213.49493922489972,0.0,-99.30715089892652
14,34.35681487060319,-71.56768198214515,0,-90.0,-180.0,1,0,2100,14.53425986558365,214.35681487060316,0.0,-99.1542714228744
15,-182.07511525519877,10.7702422697906,0,-90.0,-180.0,1,0,2100,16.23299702590513,357.9248847448012,0.0,-99.77311791632364
16,174.22350336551216,-77.87783799303831,0,-90.0,-180.0,1,0,2100,14.115189929486103,354.22350336551216,0.0,-98.83944106279453
17,-6.050434142557435,34.297205940962726,0,-90.0,-180.0,1,0,2100,16.44282943246956,173.94956585744262,0.0,-100.20809338718027
18,107.8162105821122,-43.419766185566495,0,-90.0,-180.0,1,0,2100,15.461330317214104,287.81621058211215,0.0,-99.59015111767714
19,-157.8686175716932,31.990420610946927,0,-90.0,-180.0,1,0,2100,16.42409643599126,22.13138242830678,0.0,-99.9183771179911
20,-5.7875298055867574,45.56210974058229,0,-90.0,-180.0,1,0,2100,16.529583816318475,174.2124701944133,0.0,-100.25227639435411
21,-2.759699771969224,53.71002764327855,0,-90.0,-180.0,1,0,2100,16.587951475234593,177.24030022803072,0.0,-100.28208661606178
22,166.97683402852323,-78.7086824272585,0,-90.0,-180.0,1,0,2100,14.04418870985616,346.97683402852323,0.0,-98.81014858221732
23,27.249826374547183,82.7911555944149,0,-90.0,-180.0,1,0,2100,16.772237564430796,207.24982637454718,0.0,-100.36368553507076
24,-9.488448319603464,-54.20959239031286,0,-90.0,-180.0,1,0,2100,15.197834004919153,170.51155168039656,0.0,-99.53742173578671
25,-87.94920848529614,-92.76743104468542,0,-90.0,-180.0,1,0,2100,12.638076555511496,272.05079151470375,0.0,-97.99760127682566
26,-64.7312685659185,10.924911712899444,0,-90.0,-180.0,1,0,2100,16.234530721252742,115.26873143408147,0.0,-100.05289501423405
27,7.561405634069075,-25.463489637544328,0,-90.0,-180.0,1,0,2100,15.787385095266064,187.56140563406905,0.0,-99.86221314353112
28,-23.107101147200638,65.55509656972981,0,-90.0,-180.0,1,0,2100,16.667153885673578,156.89289885279936,0.0,-100.31478452069415
29,-182.1867603584852,61.31132707641396,0,-90.0,-180.0,1,0,2100,16.639493382658355,357.81323964151477,0.0,-99.9375991689748
30,123.45460529448462,-36.28514273733048,0,-90.0,-180.0,1,0,2100,15.60384364232974,303.4546052944846,0.0,-99.63227774458643
31,151.18779767703552,90.80953112449751,0,-90.0,-180.0,1,0,2100,16.80860320246446,151.1877976770354,0.0,-100.38020949847329
0,51.20535802890328,-18.291827769374905,0,0.0,0.0,2,120,2100,15.599769454407589,352.9829269665365,0.0,-99.75753524789718
1,20.358091180733794,70.68567917919134,0,0.0,0.0,2,120,2100,15.895921261303236,246.95151690800247,0.0,-99.92323525245459
2,22.49990746095409,-53.21105732666324,0,0.0,0.0,2,120,2100,15.652755251155995,44.0305994851559,0.0,-99.78398203050926
3,-74.47932863872016,-88.34634359726613,0,0.0,0.0,2,120,2100,16.115035506599515,61.59338580183831,0.0,-100.03734605412973
4,-178.30023394141617,-43.70960001708253,0,0.0,0.0,2,120,2100,16.534748330003257,61.77727595957407,0.0,-100.2593113169522
5,-24.048312225830216,-41.2820909861415,0,0.0,0.0,2,120,2100,15.463179513683516,84.89826686649178,0.0,-99.68131993483841
6,-108.47836824519521,32.38174938392123,0,0.0,0.0,2,120,2100,16.279103018975047,183.76849583125403,0.0,-100.1279386174893
7,175.5473273801415,43.42275000503383,0,0.0,0.0,2,120,2100,16.535707773752584,244.68959114783877,0.0,-100.2674322267252
8,155.23613400067836,-10.092506602099107,0,0.0,0.0,2,120,2100,16.653066566456797,353.021832056367,0.0,-100.28995756101448
9,75.79971720635524,-45.57713916436796,0,0.0,0.0,2,120,2100,16.003591894970732,16.465552011680927,0.0,-99.97298496998286
10,-88.92890944562123,-80.67878968295952,0,0.0,0.0,2,120,2100,16.118034264292536,69.3196102113964,0.0,-100.03920644272638
11,178.3253570450301,80.49500681013097,0,0.0,0.0,2,120,2100,16.220320578654672,240.28034699423068,0.0,-100.09932834926202
12,105.93076090303862,-8.897956093410059,0,0.0,0.0,2,120,2100,16.281080791471343,339.2473143534611,0.0,-100.11890423601211
13,33.49493922489975,-65.93226428869107,0,0.0,0.0,2,120,2100,15.870326528491471,46.15332328129796,0.0,-99.9040021788841
14,34.35681487060319,-71.56768198214515,0,0.0,0.0,2,120,2100,15.935897383344484,49.34790276504941,0.0,-99.93994530463614
15,-182.07511525519877,10.7702422697906,0,0.0,0.0,2,120,2100,16.750253711451542,250.7775884511301,0.0,-100.3784451678383
16,174.22350336551216,-77.87783799303831,0,0.0,0.0,2,120,2100,16.24571165608743,58.761582873531324,0.0,-100.10708763293701
17,-6.050434142557435,34.297205940962726,0,0.0,0.0,2,120,2100,15.16868962985753,231.21542946274678,0.0,-99.51694519586559
18,107.8162105821122,-43.419766185566495,0,0.0,0.0,2,120,2100,16.25333083607034,14.826872087976199,0.0,-100.10531085731101
19,-157.8686175716932,31.990420610946927,0,0.0,0.0,2,120,2100,16.574435067400167,208.90493520296843,0.0,-100.28732793308798
20,-5.7875298055867574,45.56210974058229,0,0.0,0.0,2,120,2100,15.445481086909913,234.35293202205202,0.0,-99.6731760314985
21,-2.759699771969224,53.71002764327855,0,0.0,0.0,2,120,2100,15.604661493338995,237.9751693185969,0.0,-99.76206079993284
22,166.97683402852323,-78.7086824272585,0,0.0,0.0,2,120,2100,16.235246963670686,57.4238362669098,0.0,-100.10143957677057
23,27.249826374547183,82.7911555944149,0,0.0,0.0,2,120,2100,16.04613485616969,243.31454796387573,0.0,-100.0051341571923
24,-9.488448319603464,-54.20959239031286,0,0.0,0.0,2,120,2100,15.623346861576781,66.77785051643707,0.0,-99.76924315411044
25,-87.94920848529614,-92.76743104468542,0,0.0,0.0,2,120,2100,16.12106295287068,57.23433875119724,0.0,-100.04039165658514
26,-64.7312685659185,10.924911712899444,0,0.0,0.0,2,120,2100,15.797927013469119,162.04863077232437,0.0,-99.86652893576941
27,7.561405634069075,-25.463489637544328,0,0.0,0.0,2,120,2100,14.896939384962685,44.55269142460486,0.0,-99.35131838531879
28,-23.107101147200638,65.55509656972981,0,0.0,0.0,2,120,2100,15.834176006807857,229.88514093589447,0.0,-99.88863829552977
29,-182.1867603584852,61.31132707641396,0,0.0,0.0,2,120,2100,16.396465411451825,241.1961901732762,0.0,-100.19373575440684
30,123.45460529448462,-36.28514273733048,0,0.0,0.0,2,120,2100,16.377042727167378,11.346606977199826,0.0,-100.1685975147852
31,151.18779767703552,90.80953112449751,0,0.0,0.0,2,120,2100,16.112051179478353,239.6098344019805,0.0,-100.04078463754713
0,51.20535802890328,-18.291827769374905,0,90.0,180.0,3,240,2100,16.304983615204836,68.79464197109672,0.0,-100.07115941115748
1,20.358091180733794,70.68567917919134,0,90.0,180.0,3,240,2100,14.581001137587752,99.64190881926623,0.0,-99.17073515042503
2,22.49990746095409,-53.21105732666324,0,90.0,180.0,3,240,2100,16.58447337052552,97.50009253904591,0.0,-100.27505013927795
3,-74.47932863872016,-88.34634359726613,0,90.0,180.0,3,240,2100,16.803881300971913,194.4793286387203,0.0,-100.23768647087763
4,-178.30023394141617,-43.70960001708253,0,90.0,180.0,3,240,2100,16.515824191670045,298.3002339414162,0.0,-99.51560908084494
5,-24.048312225830216,-41.2820909861415,0,90.0,180.0,3,240,2100,16.497502283048718,144.04831222583022,0.0,-100.22767785783306
6,-108.47836824519521,32.38174938392123,0,90.0,180.0,3,240,2100,15.673993364682396,228.47836824519516,0.0,-99.54914809788276
7,175.5473273801415,43.42275000503383,0,90.0,180.0,3,240,2100,15.46126625754287,304.4526726198585,0.0,-99.10933240546791
8,155.23613400067836,-10.092506602099107,0,90.0,180.0,3,240,2100,16.226248754432845,324.76386599932164,0.0,-99.25195286597884
9,75.79971720635524,-45.57713916436796,0,90.0,180.0,3,240,2100,16.529694677603704,44.20028279364476,0.0,-100.10241091857554
10,-88.92890944562123,-80.67878968295952,0,90.0,180.0,3,240,2100,16.759937260064092,208.92890944562123,0.0,-100.15209396902183
11,178.3253570450301,80.49500681013097,0,90.0,180.0,3,240,2100,13.87197204484929,301.6746429549699,0.0,-98.53975970186285
12,105.93076090303862,-8.897956093410059,0,90.0,180.0,3,240,2100,16.214242503136543,14.069239096961383,0.0,-99.81676649784623
13,33.49493922489975,-65.93226428869107,0,90.0,180.0,3,240,2100,16.66957560757266,86.50506077510022,0.0,-100.3006071433057
14,34.35681487060319,-71.56768198214515,0,90.0,180.0,3,240,2100,16.70507803423741,85.64318512939678,0.0,-100.31669859028612
15,-182.07511525519877,10.7702422697906,0,90.0,180.0,3,240,2100,15.992505910835053,302.07511525519874,0.0,-99.30945814759617
16,174.22350336551216,-77.87783799303831,0,90.0,180.0,3,240,2100,16.74339045388962,305.77649663448784,0.0,-99.53937106737706
17,-6.050434142557435,34.297205940962726,0,90.0,180.0,3,240,2100,15.640184309869829,126.05043414255744,0.0,-99.7720761242314
18,107.8162105821122,-43.419766185566495,0,90.0,180.0,3,240,2100,16.5136542024257,12.183789417887795,0.0,-99.94522705132975
19,-157.8686175716932,31.990420610946927,0,90.0,180.0,3,240,2100,15.680762153930802,277.8686175716932,0.0,-99.3228899348507
20,-5.7875298055867574,45.56210974058229,0,90.0,180.0,3,240,2100,15.41424653217054,125.78752980558676,0.0,-99.64581611050589
21,-2.759699771969224,53.71002764327855,0,90.0,180.0,3,240,2100,15.211695547316205,122.75969977196922,0.0,-99.53289383523091
22,166.97683402852323,-78.7086824272585,0,90.0,180.0,3,240,2100,16.7483273484292,313.02316597147677,0.0,-99.49000151294408
23,27.249826374547183,82.7911555944149,0,90.0,180.0,3,240,2100,13.595463748253769,92.75017362545282,0.0,-98.58446524463962
24,-9.488448319603464,-54.20959239031286,0,90.0,180.0,3,240,2100,16.59142164664646,129.4884483196035,0.0,-100.29072696249882
25,-87.94920848529614,-92.76743104468542,0,90.0,180.0,3,240,2100,16.797616709969066,27.949208485296083,0.0,-100.15348548680998
26,-64.7312685659185,10.924911712899444,0,90.0,180.0,3,240,2100,15.990551839577451,184.73126856591853,0.0,-99.86747296108439
27,7.561405634069075,-25.463489637544328,0,90.0,180.0,3,240,2100,16.36910829104112,112.43859436593095,0.0,-100.17396486669942
28,-23.107101147200638,65.55509656972981,0,90.0,180.0,3,240,2100,14.816575953305136,143.10710114720064,0.0,-99.30223762651522
29,-182.1867603584852,61.31132707641396,0,90.0,180.0,3,240,2100,14.97665652662198,302.1867603584851,0.0,-98.94725800041435
30,123.45460529448462,-36.28514273733048,0,90.0,180.0,3,240,2100,16.45869629915539,356.5453947055154,0.0,-99.11949169885438
31,151.18779767703552,90.80953112449751,0,90.0,180.0,3,240,2100,11.408864879458969,148.81220232296437,0.0,-97.12711771802985
0,51.900520754384104,-17.90023606120414,1,-90.0,-180.0,1,0,2100,15.898204735083754,231.90052075438408,0.0,-99.89510793563564
1,19.90252458947137,72.33048023467094,1,-90.0,-180.0,1,0,2100,16.7097881543272,199.90252458947137,0.0,-100.33773284939132
2,21.554115088497127,-53.66479812783931,1,-90.0,-180.0,1,0,2100,15.212941107428875,201.5541150884971,0.0,-99.54310230396437
3,-73.47174362428844,-88.74400656973212,1,-90.0,-180.0,1,0,2100,11.848087829883585,106.52825637571169,0.0,-97.43202378278309
4,-178.3035416967876,-43.71140704885592,1,-90.0,-180.0,1,0,2100,15.455049592546125,1.6964583032124096,0.0,-99.44194589605618
5,-22.785856677037486,-41.25114987401515,1,-90.0,-180.0,1,0,2100,15.506835634566213,157.2141433229625,0.0,-99.70513340140668
6,-107.65227087647465,31.957025909135638,1,-90.0,-180.0,1,0,2100,16.4238226499768,72.34772912352537,0.0,-100.06179870325192
7,175.31996541385126,42.74635963683602,1,-90.0,-180.0,1,0,2100,16.508594145004576,355.31996541385126,0.0,-99.89438601490446
8,154.90590547345693,-9.777365315794299,1,-90.0,-180.0,1,0,2100,16.00495965529931,334.90590547345687,0.0,-99.74472236756395
9,75.7789133962109,-45.66000525474194,1,-90.0,-180.0,1,0,2100,15.412041128560809,255.7789133962109,0.0,-99.61081701012321
10,-89.43816563899023,-78.4271860646155,1,-90.0,-180.0,1,0,2100,14.068813337779671,90.5618343610098,0.0,-98.86524061377342
11,177.87411645481166,80.6769313274147,1,-90.0,-180.0,1,0,2100,16.759926371976785,357.87411645481166,0.0,-99.98447297160124
12,103.65921786388049,-8.239442496325466,1,-90.0,-180.0,1,0,2100,16.023948895371586,283.6592178638805,0.0,-99.87848188243274
13,33.376233284699964,-65.5089036874499,1,-90.0,-180.0,1,0,2100,14.818463842764151,213.37623328469994,0.0,-99.31709007020527
14,31.25618798454272,-69.64285701048104,1,-90.0,-180.0,1,0,2100,14.633586138720844,211.2561879845427,0.0,-99.21236051928419
15,-182.37256886856233,11.39639786678957,1,-90.0,-180.0,1,0,2100,16.239191495409464,357.6274311314377,0.0,-99.77663272230777
16,174.2326329828452,-79.16720327961579,1,-90.0,-180.0,1,0,2100,14.002732935482035,354.23263298284513,0.0,-98.78553764819986
17,-7.634266213939327,35.556484489270815,1,-90.0,-180.0,1,0,2100,16.45290964476165,172.36573378606067,0.0,-100.21296452908356
18,112.80849710193144,-42.9148699830609,1,-90.0,-180.0,1,0,2100,15.472111271353242,292.8084971019314,0.0,-99.5870300866373
19,-152.88556918801027,31.103157645807443,1,-90.0,-180.0,1,0,2100,16.416796639378855,27.114430811989735,0.0,-99.93117480368018
20,-6.035656129657724,45.65919668762538,1,-90.0,-180.0,1,0,2100,16.53029974049152,173.9643438703423,0.0,-100.25260454014102
21,-2.956486349952627,53.64118187106624,1,-90.0,-180.0,1,0,2100,16.587472300155834,177.04351365004732,0.0,-100.28182409943226
22,166.84385641707752,-81.1409188997671,1,-90.0,-180.0,1,0,2100,13.801597900241422,346.8438564170775,0.0,-98.69037536999905
23,27.22321312211332,83.91380655026762,1,-90.0,-180.0,1,0,2100,16.778713703765114,207.22321312211332,0.0,-100.36686490313937
24,-10.322946947906559,-53.49190763019706,1,-90.0,-180.0,1,0,2100,15.217688031121657,169.67705305209347,0.0,-99.54841097358354
25,-86.4140111662882,-93.7783774945903,1,-90.0,-180.0,1,0,2100,12.9494509010603,273.5859888337117,0.0,-98.19849212756547
26,-64.52081907607425,11.042016288729442,1,-90.0,-180.0,1,0,2100,16.235690362385025,115.47918092392575,0.0,-100.05378465392297
27,7.0534116153929745,-25.19701246421424,1,-90.0,-180.0,1,0,2100,15.791505685150714,187.05341161539295,0.0,-99.86450287191082
28,-22.807505332194467,65.46774022056314,1,-90.0,-180.0,1,0,2100,16.666592149774576,157.19249466780548,0.0,-100.31466784663658
29,-183.19900347971014,60.62783286799899,1,-90.0,-180.0,1,0,2100,16.634966011413496,356.80099652028986,0.0,-99.93953158305321
30,122.15571470506757,-34.03377239090412,1,-90.0,-180.0,1,0,2100,15.644902431197002,302.1557147050675,0.0,-99.65491980388248
31,152.11006784880732,91.03713657672907,1,-90.0,-180.0,1,0,2100,16.807332207887953,152.11006784880726,0.0,-100.38031158827366
0,51.900520754384104,-17.90023606120414,1,0.0,0.0,2,120,2100,15.609957120510673,352.3154470925577,0.0,-99.76314985887537
1,19.90252458947137,72.33048023467094,1,0.0,0.0,2,120,2100,15.916314744086431,246.18912280856347,0.0,-99.9343766807918
2,21.554115088497127,-53.66479812783931,1,0.0,0.0,2,120,2100,15.655442337032884,44.87894499321965,0.0,-99.78554559306015
3,-73.47174362428844,-88.74400656973212,1,0.0,0.0,2,120,2100,16.115985832510418,61.2041108268823,0.0,-100.03784355130502
4,-178.3035416967876,-43.71140704885592,1,0.0,0.0,2,120,2100,16.534735832966593,61.77370866602476,0.0,-100.25930086533087
5,-22.785856677037486,-41.25114987401515,1,0.0,0.0,2,120,2100,15.451395825128225,83.82622747822612,0.0,-99.67468942626701
6,-107.65227087647465,31.957025909135638,1,0.0,0.0,2,120,2100,16.273245779365322,183.21082728485163,0.0,-100.12474460201102
7,175.31996541385126,42.74635963683602,1,0.0,0.0,2,120,2100,16.54048045865614,245.04477263390947,0.0,-100.26993016422296
8,154.90590547345693,-9.777365315794299,1,0.0,0.0,2,120,2100,16.651792614907574,352.11293722463495,0.0,-100.29008089014617
9,75.7789133962109,-45.66000525474194,1,0.0,0.0,2,120,2100,16.00359738505315,16.55095307629955,0.0,-99.97300796354979
10,-89.43816563899023,-78.4271860646155,1,0.0,0.0,2,120,2100,16.118710496832065,71.57227255729674,0.0,-100.03962241725529
11,177.87411645481166,80.6769313274147,1,0.0,0.0,2,120,2100,16.218466605438913,240.3489213381594,0.0,-100.09833544523572
12,103.65921786388049,-8.239442496325466,1,0.0,0.0,2,120,2100,16.259875627562234,338.47582226807447,0.0,-100.10849860181649
13,33.376233284699964,-65.5089036874499,1,0.0,0.0,2,120,2100,15.865014227574319,45.93100429712092,0.0,-99.90108408620891
14,31.25618798454272,-69.64285701048104,1,0.0,0.0,2,120,2100,15.906491578385838,49.10259278810338,0.0,-99.92392924011087
15,-182.37256886856233,11.39639786678957,1,0.0,0.0,2,120,2100,16.746273000352247,251.6057107823309,0.0,-100.37631930805989
16,174.2326329828452,-79.16720327961579,1,0.0,0.0,2,120,2100,16.233067105979792,58.89839259579719,0.0,-100.10036305977364
17,-7.634266213939327,35.556484489270815,1,0.0,0.0,2,120,2100,15.210895400265265,229.47115515383177,0.0,-99.5410424540028
18,112.80849710193144,-42.9148699830609,1,0.0,0.0,2,120,2100,16.288236120899782,15.245558903496828,0.0,-100.12364091079863
19,-152.88556918801027,31.103157645807443,1,0.0,0.0,2,120,2100,16.55931392257096,202.93103418538135,0.0,-100.27903979737371
20,-6.035656129657724,45.65919668762538,1,0.0,0.0,2,120,2100,15.448116197416935,234.13314622386622,0.0,-99.67466225205155
21,-2.956486349952627,53.64118187106624,1,0.0,0.0,2,120,2100,15.6035167578825,237.82557881627633,0.0,-99.76142325103174
22,166.84385641707752,-81.1409188997671,1,0.0,0.0,2,120,2100,16.211476313005484,57.96825175010201,0.0,-100.08880356658324
23,27.22321312211332,83.91380655026762,1,0.0,0.0,2,120,2100,16.057971240723816,242.79248540729287,0.0,-100.01155354301287
24,-10.322946947906559,-53.49190763019706,1,0.0,0.0,2,120,2100,15.612380366208349,67.55546330210402,0.0,-99.76321256860334
25,-86.4140111662882,-93.7783774945903,1,0.0,0.0,2,120,2100,16.122584102050304,56.22899900026027,0.0,-100.04116298623926
26,-64.52081907607425,11.042016288729442,1,0.0,0.0,2,120,2100,15.794929336092824,162.1976833488598,0.0,-99.86490266349055
27,7.0534116153929745,-25.19701246421424,1,0.0,0.0,2,120,2100,14.882219820446043,45.37282506481142,0.0,-99.34280658490808
28,-22.807505332194467,65.46774022056314,1,0.0,0.0,2,120,2100,15.832228135832567,229.96706657478882,0.0,-99.88756804950563
29,-183.19900347971014,60.62783286799899,1,0.0,0.0,2,120,2100,16.401979040177423,241.7989722819434,0.0,-100.19668520194602
30,122.15571470506757,-34.03377239090412,1,0.0,0.0,2,120,2100,16.37521987622173,8.58059801488264,0.0,-100.16684373272612
31,152.11006784880732,91.03713657672907,1,0.0,0.0,2,120,2100,16.109726277557343,239.51481254434708,0.0,-100.03951999136626
0,51.900520754384104,-17.90023606120414,1,90.0,180.0,3,240,2100,16.301360983578654,68.0994792456159,0.0,-100.06739543644272
1,19.90252458947137,72.33048023467094,1,90.0,180.0,3,240,2100,14.491995456681302,100.0974754105286,0.0,-99.12012779237818
2,21.554115088497127,-53.66479812783931,1,90.0,180.0,3,240,2100,16.587636698093878,98.44588491150284,0.0,-100.27789789661185
3,-73.47174362428844,-88.74400656973212,1,90.0,180.0,3,240,2100,16.806108541874167,193.4717436242886,0.0,-100.24294814751408
4,-178.3035416967876,-43.71140704885592,1,90.0,180.0,3,240,2100,16.515837706177916,298.30354169678765,0.0,-99.51559087785061
5,-22.785856677037486,-41.25114987401515,1,90.0,180.0,3,240,2100,16.497266571105722,142.7858566770375,0.0,-100.2292251123504
6,-107.65227087647465,31.957025909135638,1,90.0,180.0,3,240,2100,15.681337663845262,227.65227087647463,0.0,-99.55605208911801
7,175.31996541385126,42.74635963683602,1,90.0,180.0,3,240,2100,15.475683726085705,304.68003458614874,0.0,-99.11331077100468
8,154.90590547345693,-9.777365315794299,1,90.0,180.0,3,240,2100,16.223095287468478,325.0940945265431,0.0,-99.24895746213545
9,75.7789133962109,-45.66000525474194,1,90.0,180.0,3,240,2100,16.53030570075572,44.221086603789104,0.0,-100.10278913634644
10,-89.43816563899023,-78.4271860646155,1,90.0,180.0,3,240,2100,16.746657419837398,209.4381656389902,0.0,-100.14365485859878
11,177.87411645481166,80.6769313274147,1,90.0,180.0,3,240,2100,13.85264663504966,302.12588354518834,0.0,-98.53141615715998
12,103.65921786388049,-8.239442496325466,1,90.0,180.0,3,240,2100,16.207561721194033,16.340782136119515,0.0,-99.82442591334583
13,33.376233284699964,-65.5089036874499,1,90.0,180.0,3,240,2100,16.6668568864714,86.62376671530001,0.0,-100.29946844488312
14,31.25618798454272,-69.64285701048104,1,90.0,180.0,3,240,2100,16.693093073158465,88.74381201545725,0.0,-100.31669050006641
15,-182.37256886856233,11.39639786678957,1,90.0,180.0,3,240,2100,15.984571481621376,302.3725688685623,0.0,-99.30495594033393
16,174.2326329828452,-79.16720327961579,1,90.0,180.0,3,240,2100,16.751041487726194,305.7673670171548,0.0,-99.5418365618302
17,-7.634266213939327,35.556484489270815,1,90.0,180.0,3,240,2100,15.61731775686013,127.63426621393933,0.0,-99.75882737819755
18,112.80849710193144,-42.9148699830609,1,90.0,180.0,3,240,2100,16.50986275584154,7.191502898068563,0.0,-99.916865774899
19,-152.88556918801027,31.103157645807443,1,90.0,180.0,3,240,2100,15.695941471744105,272.8855691880102,0.0,-99.35398368298465
20,-6.035656129657724,45.65919668762538,1,90.0,180.0,3,240,2100,15.412059364006824,126.03565612965775,0.0,-99.64453077685128
21,-2.956486349952627,53.64118187106624,1,90.0,180.0,3,240,2100,15.213590851431663,122.95648634995263,0.0,-99.53393342846216
22,166.84385641707752,-81.1409188997671,1,90.0,180.0,3,240,2100,16.762641197037162,313.1561435829225,0.0,-99.49338221350061
23,27.22321312211332,83.91380655026762,1,90.0,180.0,3,240,2100,13.426178153272835,92.7767868778867,0.0,-98.47917508037276
24,-10.322946947906559,-53.49190763019706,1,90.0,180.0,3,240,2100,16.586432543677496,130.32294694790653,0.0,-100.28765166773591
25,-86.4140111662882,-93.7783774945903,1,90.0,180.0,3,240,2100,16.791896312929214,26.414011166288162,0.0,-100.14322708823221
26,-64.52081907607425,11.042016288729442,1,90.0,180.0,3,240,2100,15.989069813284221,184.52081907607425,0.0,-99.86733643862698
27,7.0534116153929745,-25.19701246421424,1,90.0,180.0,3,240,2100,16.366797732721,112.94658838460703,0.0,-100.17292628474561
28,-22.807505332194467,65.46774022056314,1,90.0,180.0,3,240,2100,14.820143183582749,142.80750533219447,0.0,-99.30445940309993
29,-183.19900347971014,60.62783286799899,1,90.0,180.0,3,240,2100,15.000201675879637,303.1990034797101,0.0,-98.95166363067895
30,122.15571470506757,-34.03377239090412,1,90.0,180.0,3,240,2100,16.440707799223592,357.84428529493243,0.0,-99.10698169100675
31,152.11006784880732,91.03713657672907,1,90.0,180.0,3,240,2100,11.656626126059615,147.88993215119257,0.0,-97.30282970530152
0,51.77783683792751,-17.9000872525135,2,-90.0,-180.0,1,0,2100,15.898206799008937,231.77783683792745,0.0,-99.89524648607899
1,19.925166063406095,72.91937607737407,2,-90.0,-180.0,1,0,2100,16.713409348570718,199.92516606340607,0.0,-100.33950483664057
2,23.75212017599995,-53.81383502677728,2,-90.0,-180.0,1,0,2100,15.208830951255322,203.75212017599992,0.0,-99.5400687784677
3,-73.26242755790688,-88.92542285912641,2,-90.0,-180.0,1,0,2100,11.692089426875226,106.73757244209332,0.0,-97.31743892006213
4,-178.2821004007462,-44.02129713319099,2,-90.0,-180.0,1,0,2100,15.448332343786026,1.7178995992537693,0.0,-99.43905092100287
5,-21.432587537310468,-37.497716187435884,2,-90.0,-180.0,1,0,2100,15.581010681228957,158.5674124626895,0.0,-99.74626100669808
6,-103.89691542108505,29.836160770813876,2,-90.0,-180.0,1,0,2100,16.40627939821114,76.10308457891495,0.0,-100.0625279161117
7,174.62572657037356,41.5755899759593,2,-90.0,-180.0,1,0,2100,16.49973542374032,354.6257265703735,0.0,-99.8932411507146
8,151.15831606660225,-11.731729796570988,2,-90.0,-180.0,1,0,2100,15.980296242253882,331.15831606660225,0.0,-99.7439129412896
9,76.07677719589162,-45.66750634401744,2,-90.0,-180.0,1,0,2100,15.411871942200783,256.0767771958916,0.0,-99.61034302176435
10,-88.86193748549425,-78.50995290396779,2,-90.0,-180.0,1,0,2100,14.061635812832868,91.13806251450575,0.0,-98.86141953838819
11,178.03602408122202,81.53968175547814,2,-90.0,-180.0,1,0,2100,16.764968512992777,358.036024081222,0.0,-99.98580743113462
12,104.36345875114603,-6.40570410193456,2,-90.0,-180.0,1,0,2100,16.046129234624992,284.363458751146,0.0,-99.88790331258105
13,35.572776345907045,-63.42005579803248,2,-90.0,-180.0,1,0,2100,14.900311132287978,215.57277634590702,0.0,-99.36247627859775
14,31.462390408499118,-69.76563552195928,2,-90.0,-180.0,1,0,2100,14.62753665501204,211.4623904084991,0.0,-99.20884571330006
15,-182.38564479001073,11.400894655904224,2,-90.0,-180.0,1,0,2100,16.239235843030293,357.61435520998924,0.0,-99.77669835146514
16,174.2313675757406,-79.13497411590762,2,-90.0,-180.0,1,0,2100,14.005703663127058,354.2313675757406,0.0,-98.78695961327642
17,-6.352349567904923,33.85211328356198,2,-90.0,-180.0,1,0,2100,16.439242131856517,173.64765043209513,0.0,-100.20619014161625
18,113.0189487297855,-42.79343405805992,2,-90.0,-180.0,1,0,2100,15.474687022436438,293.0189487297855,0.0,-99.58792701845482
19,-150.54916700253006,30.992903565413656,2,-90.0,-180.0,1,0,2100,16.415885810187483,29.450832997469945,0.0,-99.93813878649104
20,-7.5921994256613345,44.56835583332327,2,-90.0,-180.0,1,0,2100,16.522226198790346,172.4078005743387,0.0,-100.24824384723955
21,-2.660092965754643,54.368177189979235,2,-90.0,-180.0,1,0,2100,16.592520725109694,177.33990703424536,0.0,-100.28439822082727
22,167.94229015362583,-81.8300400947082,2,-90.0,-180.0,1,0,2100,13.72061894113175,347.94229015362583,0.0,-98.64951028133717
23,27.740183953564326,84.38161892664024,2,-90.0,-180.0,1,0,2100,16.781400001656735,207.74018395356433,0.0,-100.36782017198568
24,-10.105678055856458,-51.36834433350248,2,-90.0,-180.0,1,0,2100,15.274226108183026,169.89432194414348,0.0,-99.57999318254046
25,-85.42986098573213,-93.75648305609656,2,-90.0,-180.0,1,0,2100,12.943639393929768,274.5701390142678,0.0,-98.19533463588263
26,-64.13159729860449,11.19706723847932,2,-90.0,-180.0,1,0,2100,16.237223705630555,115.86840270139555,0.0,-100.05512640558497
27,5.980455622042911,-24.7787573554659,2,-90.0,-180.0,1,0,2100,15.797939201319352,185.98045562204288,0.0,-99.86811247556672
28,-22.291581623123307,65.85867223682774,2,-90.0,-180.0,1,0,2100,16.669103547353018,157.7084183768767,0.0,-100.31622836215651
29,-183.11599267335575,59.34246987123069,2,-90.0,-180.0,1,0,2100,16.626396024485075,356.8840073266442,0.0,-99.93584176598274
30,118.18353119413564,-32.19985138823435,2,-90.0,-180.0,1,0,2100,15.677145342515823,298.18353119413564,0.0,-99.6786483903396
31,153.37688750498404,90.86452505026105,2,-90.0,-180.0,1,0,2100,16.8082962533061,153.37688750498398,0.0,-100.38170438483583
0,51.77783683792751,-17.9000872525135,2,0.0,0.0,2,120,2100,15.607854465575166,352.34915317772027,0.0,-99.76200227085339
1,19.925166063406095,72.91937607737407,2,0.0,0.0,2,120,2100,15.92381831219991,245.97795975697375,0.0,-99.93848207765001
2,23.75212017599995,-53.81383502677728,2,0.0,0.0,2,120,2100,15.66826368717569,43.58283990103041,0.0,-99.79255654064796
3,-73.26242755790688,-88.92542285912641,2,0.0,0.0,2,120,2100,16.116519360719895,61.02906144929432,0.0,-100.03812156443237
4,-178.2821004007462,-44.02129713319099,2,0.0,0.0,2,120,2100,16.532456245856807,61.77677823505789,0.0,-100.25811983212064
5,-21.432587537310468,-37.497716187435884,2,0.0,0.0,2,120,2100,15.367184714457673,85.46593965543917,0.0,-99.62776791747048
6,-103.89691542108505,29.836160770813876,2,0.0,0.0,2,120,2100,16.2453731906643,180.57620800502957,0.0,-100.10958975108329
7,174.62572657037356,41.5755899759593,2,0.0,0.0,2,120,2100,16.5484307710826,246.02717603345633,0.0,-100.27408781918781
8,151.15831606660225,-11.731729796570988,2,0.0,0.0,2,120,2100,16.62446646229019,353.29170661683963,0.0,-100.27665264706206
9,76.07677719589162,-45.66750634401744,2,0.0,0.0,2,120,2100,16.006168226415117,16.52116678930122,0.0,-99.97438757756527
10,-88.86193748549425,-78.50995290396779,2,0.0,0.0,2,120,2100,16.11744170970397,71.48784081355848,0.0,-100.0389409715446
11,178.03602408122202,81.53968175547814,2,0.0,0.0,2,120,2100,16.209756691606994,240.29206799189035,0.0,-100.09363430596173
12,104.36345875114603,-6.40570410193456,2,0.0,0.0,2,120,2100,16.267155614246388,336.6105960360147,0.0,-100.11284647628955
13,35.572776345907045,-63.42005579803248,2,0.0,0.0,2,120,2100,15.84928413837855,43.771976233015494,0.0,-99.89232771785908
14,31.462390408499118,-69.76563552195928,2,0.0,0.0,2,120,2100,15.908441868300196,49.10983821855393,0.0,-99.92499112483793
15,-182.38564479001073,11.400894655904224,2,0.0,0.0,2,120,2100,16.74623119922142,251.66329194217553,0.0,-100.37629422416869
16,174.2313675757406,-79.13497411590762,2,0.0,0.0,2,120,2100,16.233384941230426,58.89479463457644,0.0,-100.10053446636344
17,-6.352349567904923,33.85211328356198,2,0.0,0.0,2,120,2100,15.157426646352727,230.6333521765917,0.0,-99.51055925523328
18,113.0189487297855,-42.79343405805992,2,0.0,0.0,2,120,2100,16.28994206054451,15.168262346553547,0.0,-100.1245063050447
19,-150.54916700253006,30.992903565413656,2,0.0,0.0,2,120,2100,16.54946688972761,200.6991003782603,0.0,-100.27370319952288
20,-7.5921994256613345,44.56835583332327,2,0.0,0.0,2,120,2100,15.428503693865006,232.3606654101252,0.0,-99.66368386900707
21,-2.660092965754643,54.368177189979235,2,0.0,0.0,2,120,2100,15.616746404661175,238.0947123708226,0.0,-99.76878119244769
22,167.94229015362583,-81.8300400947082,2,0.0,0.0,2,120,2100,16.20500427111945,58.28217443883557,0.0,-100.08537334446291
23,27.740183953564326,84.38161892664024,2,0.0,0.0,2,120,2100,16.063147328644188,242.6217310637016,0.0,-100.01435875817769
24,-10.105678055856458,-51.36834433350248,2,0.0,0.0,2,120,2100,15.572844368542626,67.9825400082938,0.0,-99.74130178964825
25,-85.42986098573213,-93.75648305609656,2,0.0,0.0,2,120,2100,16.12328144842937,56.255426494816106,0.0,-100.04153506395858
26,-64.13159729860449,11.19706723847932,2,0.0,0.0,2,120,2100,15.789285306757664,162.4072037122922,0.0,-99.86183406746822
27,5.980455622042911,-24.7787573554659,2,0.0,0.0,2,120,2100,14.856708202308779,47.28112905331636,0.0,-99.32815341180417
28,-22.291581623123307,65.85867223682774,2,0.0,0.0,2,120,2100,15.836184373438014,230.35158761100024,0.0,-99.88976288998482
29,-183.11599267335575,59.34246987123069,2,0.0,0.0,2,120,2100,16.4126939857939,241.8454696599049,0.0,-100.20237924524632
30,118.18353119413564,-32.19985138823435,2,0.0,0.0,2,120,2100,16.35245570172474,5.543295560454908,0.0,-100.1542202644844
31,153.37688750498404,90.86452505026105,2,0.0,0.0,2,120,2100,16.11133923209982,239.61256575787922,0.0,-100.04039165658514
0,51.77783683792751,-17.9000872525135,2,90.0,180.0,3,240,2100,16.30135960444561,68.22216316207249,0.0,-100.06772106778558
1,19.925166063406095,72.91937607737407,2,90.0,180.0,3,240,2100,14.458099083335028,100.0748339365939,0.0,-99.10066778017077
2,23.75212017599995,-53.81383502677728,2,90.0,180.0,3,240,2100,16.588673553607904,96.24787982400005,0.0,-100.27554667651195
3,-73.26242755790688,-88.92542285912641,2,90.0,180.0,3,240,2100,16.80712297744462,193.26242755790702,0.0,-100.24428809015166
4,-178.2821004007462,-44.02129713319099,2,90.0,180.0,3,240,2100,16.51815262846486,298.28210040074623,0.0,-99.5165252982258
5,-21.432587537310468,-37.497716187435884,2,90.0,180.0,3,240,2100,16.468252362925043,141.43258753731044,0.0,-100.21563556581175
6,-103.89691542108505,29.836160770813876,2,90.0,180.0,3,240,2100,15.717225484176845,223.89691542108505,0.0,-99.58861623468216
7,174.62572657037356,41.5755899759593,2,90.0,180.0,3,240,2100,15.500158051720383,305.37427342962644,0.0,-99.11853705292995
8,151.15831606660225,-11.731729796570988,2,90.0,180.0,3,240,2100,16.242493177048566,328.84168393339775,0.0,-99.23190429028836
9,76.07677719589162,-45.66750634401744,2,90.0,180.0,3,240,2100,16.530360992522755,43.92322280410838,0.0,-100.10161807704507
10,-88.86193748549425,-78.50995290396779,2,90.0,180.0,3,240,2100,16.747148709321586,208.86193748549425,0.0,-100.1466603752168
11,178.03602408122202,81.53968175547814,2,90.0,180.0,3,240,2100,13.755541692555058,301.963975918778,0.0,-98.4939053478889
12,104.36345875114603,-6.40570410193456,2,90.0,180.0,3,240,2100,16.188719304513725,15.636541248853973,0.0,-99.81220058010385
13,35.572776345907045,-63.42005579803248,2,90.0,180.0,3,240,2100,16.653333521063352,84.42722365409293,0.0,-100.28822809588944
14,31.462390408499118,-69.76563552195928,2,90.0,180.0,3,240,2100,16.69386185992206,88.53760959150088,0.0,-100.31669454517628
15,-182.38564479001073,11.400894655904224,2,90.0,180.0,3,240,2100,15.984514271555799,302.3856447900107,0.0,-99.30485885769755
16,174.2313675757406,-79.13497411590762,2,90.0,180.0,3,240,2100,16.750850952966164,305.7686324242594,0.0,-99.54176779496275
17,-6.352349567904923,33.85211328356198,2,90.0,180.0,3,240,2100,15.648143044357965,126.35234956790492,0.0,-99.77644079775878
18,113.0189487297855,-42.79343405805992,2,90.0,180.0,3,240,2100,16.508948701418717,6.981051270214493,0.0,-99.91531852038165
19,-150.54916700253006,30.992903565413656,2,90.0,180.0,3,240,2100,15.697811707749157,270.54916700253,0.0,-99.36640014766701
20,-7.5921994256613345,44.56835583332327,2,90.0,180.0,3,240,2100,15.436362908341302,127.5921994256613,0.0,-99.65768951919098
21,-2.660092965754643,54.368177189979235,2,90.0,180.0,3,240,2100,15.193393230122398,122.66009296575464,0.0,-99.52264049304044
22,167.94229015362583,-81.8300400947082,2,90.0,180.0,3,240,2100,16.766659741862238,312.05770984637417,0.0,-99.50234314309422
23,27.740183953564326,84.38161892664024,2,90.0,180.0,3,240,2100,13.346198996347338,92.25981604643567,0.0,-98.42876947217962
24,-10.105678055856458,-51.36834433350248,2,90.0,180.0,3,240,2100,16.57152275905659,130.10567805585646,0.0,-100.2800195567278
25,-85.42986098573213,-93.75648305609656,2,90.0,180.0,3,240,2100,16.792020548973888,25.42986098573209,0.0,-100.13826879483446
26,-64.13159729860449,11.19706723847932,2,90.0,180.0,3,240,2100,15.9871041682375,184.13159729860445,0.0,-99.86747093852946
27,5.980455622042911,-24.7787573554659,2,90.0,180.0,3,240,2100,16.36316034485577,114.01954437795706,0.0,-100.17135374829171
28,-22.291581623123307,65.85867223682774,2,90.0,180.0,3,240,2100,14.804079429167247,142.2915816231233,0.0,-99.29578365375069
29,-183.11599267335575,59.34246987123069,2,90.0,180.0,3,240,2100,15.043032446709663,303.11599267335566,0.0,-98.96725398967679
30,118.18353119413564,-32.19985138823435,2,90.0,180.0,3,240,2100,16.425811744398217,1.8164688058643605,0.0,-99.8503823719712
31,153.37688750498404,90.86452505026105,2,90.0,180.0,3,240,2100,11.474589233454296,146.62311249501585,0.0,-97.17273037669031
0,52.210599955498054,-17.318538783676132,3,-90.0,-180.0,1,0,2100,15.906240311999978,232.21059995549808,0.0,-99.89900922443543
1,19.796161032963454,72.92694783362046,3,-90.0,-180.0,1,0,2100,16.71345582296846,199.79616103296345,0.0,-100.33957046579795
2,24.683222155742584,-53.66863729669546,3,-90.0,-180.0,1,0,2100,15.212835442108574,204.68322215574256,0.0,-99.54195743977452
3,-72.50103859079782,-89.25235973063492,3,-90.0,-180.0,1,0,2100,11.329332515626145,107.49896140920248,0.0,-97.04527845047208
4,-178.27877642694793,-44.02516885139163,3,-90.0,-180.0,1,0,2100,15.448248133483771,1.7212235730520433,0.0,-99.43903633674569
5,-19.728470281384517,-36.2206317060485,3,-90.0,-180.0,1,0,2100,15.60504391197977,160.2715297186155,0.0,-99.76001396123345
6,-103.85053005818268,28.180868574702487,3,-90.0,-180.0,1,0,2100,16.392370151778806,76.1494699418173,0.0,-100.05601604527389
7,174.4052068991839,41.50595289883216,3,-90.0,-180.0,1,0,2100,16.499206028380716,354.4052068991839,0.0,-99.89380993674523
8,152.00610882493356,-10.810183502313294,3,-90.0,-180.0,1,0,2100,15.992001664702162,332.0061088249335,0.0,-99.74689542188608
9,77.85792688054875,-43.70246145277785,3,-90.0,-180.0,1,0,2100,15.455242830868652,257.85792688054875,0.0,-99.63108183549639
10,-90.34770195668696,-77.78875624383983,3,-90.0,-180.0,1,0,2100,14.122511722600875,89.65229804331307,0.0,-98.89517480166724
11,176.38434981626284,81.61366573749194,3,-90.0,-180.0,1,0,2100,16.765399713677994,356.38434981626284,0.0,-99.99228648739374
12,103.08646252529434,-5.673722954877874,3,-90.0,-180.0,1,0,2100,16.054847471970795,283.08646252529434,0.0,-99.89483812687752
13,35.80263906308343,-61.565774346128116,3,-90.0,-180.0,1,0,2100,14.967747704453842,215.8026390630834,0.0,-99.40031513389155
14,30.35773903539402,-69.33400682674818,3,-90.0,-180.0,1,0,2100,14.648643782424829,210.357739035394,0.0,-99.22127150043066
15,-184.29929214615095,12.295574910736136,3,-90.0,-180.0,1,0,2100,16.248020344118263,355.70070785384905,0.0,-99.78655001720072
16,174.00488280772515,-79.2844325205964,3,-90.0,-180.0,1,0,2100,13.991852267353178,354.00488280772515,0.0,-98.78040398966704
17,-4.721622350020965,33.011258229629675,3,-90.0,-180.0,1,0,2100,16.432429794818088,175.278377649979,0.0,-100.20290868374725
18,111.71287078552672,-42.855424166293766,3,-90.0,-180.0,1,0,2100,15.473372992649777,291.71287078552666,0.0,-99.58957503951792
19,-146.68774088896686,30.207910735515213,3,-90.0,-180.0,1,0,2100,16.40937674805815,33.31225911103314,0.0,-99.94726123936684
20,-6.3340249234447015,44.90940135644658,3,-90.0,-180.0,1,0,2100,16.52475735895752,173.66597507655524,0.0,-100.24976060998789
21,-2.2995835643345117,56.0164170622391,3,-90.0,-180.0,1,0,2100,16.60387296282508,177.7004164356655,0.0,-100.29012983390511
22,168.63654103899728,-81.96546333389972,3,-90.0,-180.0,1,0,2100,13.703904291429144,348.6365410389973,0.0,-98.64097119874918
23,24.89900895163379,84.81879118359831,3,-90.0,-180.0,1,0,2100,16.783903850164375,204.8990089516338,0.0,-100.37106516921169
24,-9.909346845360261,-51.511178682150955,3,-90.0,-180.0,1,0,2100,15.270521917434271,170.09065315463977,0.0,-99.57795138653309
25,-79.95745898811641,-94.53416172668209,3,-90.0,-180.0,1,0,2100,13.131796042716987,280.04254101188354,0.0,-98.31445155652712
26,-65.73549723829268,10.528356690431224,3,-90.0,-180.0,1,0,2100,16.2305937734688,114.26450276170732,0.0,-100.04943125315012
27,9.009527649192535,-24.417693247005673,3,-90.0,-180.0,1,0,2100,15.80345992270012,189.00952764919253,0.0,-99.87065742844733
28,-22.050574044061506,65.84683540094667,3,-90.0,-180.0,1,0,2100,16.669027598517243,157.94942595593852,0.0,-100.31633774408547
29,-182.19383959230916,59.95500024109677,3,-90.0,-180.0,1,0,2100,16.630489150885673,357.80616040769087,0.0,-99.93406977873349
30,116.62284155704913,-31.90227597031216,3,-90.0,-180.0,1,0,2100,15.68228048467027,296.6228415570491,0.0,-99.68428520574568
31,156.39730546171785,88.75219525168092,3,-90.0,-180.0,1,0,2100,16.806154353166686,336.3973054617179,0.0,-100.08249376421237
0,52.210599955498054,-17.318538783676132,3,0.0,0.0,2,120,2100,15.612804434807222,351.53296234954917,0.0,-99.76477613115424
1,19.796161032963454,72.92694783362046,3,0.0,0.0,2,120,2100,15.923733030997372,245.93830365121,0.0,-99.9384340001919
2,24.683222155742584,-53.66863729669546,3,0.0,0.0,2,120,2100,15.67072982011767,42.92772709251278,0.0,-99.79385672234135
3,-72.50103859079782,-89.25235973063492,3,0.0,0.0,2,120,2100,16.11746269669883,60.713044932057215,0.0,-100.03861488095913
4,-178.27877642694793,-44.02516885139163,3,0.0,0.0,2,120,2100,16.532427034655758,61.77997232904036,0.0,-100.25810729017505
5,-19.728470281384517,-36.2206317060485,3,0.0,0.0,2,120,2100,15.323656293233821,84.74370452964229,0.0,-99.60330276226246
6,-103.85053005818268,28.180868574702487,3,0.0,0.0,2,120,2100,16.246906664146376,178.8903599021554,0.0,-100.11032345490062
7,174.4052068991839,41.50595289883216,3,0.0,0.0,2,120,2100,16.548758402034327,246.2870414721233,0.0,-100.27424250318349
8,152.00610882493356,-10.810183502313294,3,0.0,0.0,2,120,2100,16.63178599121514,352.1366673923866,0.0,-100.28089391499756
9,77.85792688054875,-43.70246145277785,3,0.0,0.0,2,120,2100,16.017729895254718,14.350231191762646,0.0,-99.98021958226711
10,-90.34770195668696,-77.78875624383983,3,0.0,0.0,2,120,2100,16.120780435596835,72.21102565092656,0.0,-100.04074492138608
11,176.38434981626284,81.61366573749194,3,0.0,0.0,2,120,2100,16.208884949130592,240.5326625648387,0.0,-100.09317443462322
12,103.08646252529434,-5.673722954877874,3,0.0,0.0,2,120,2100,16.255088935057078,335.8239746791944,0.0,-100.10701238126344
13,35.80263906308343,-61.565774346128116,3,0.0,0.0,2,120,2100,15.829066081990002,42.42401706360329,0.0,-99.88114448303655
14,30.35773903539402,-69.33400682674818,3,0.0,0.0,2,120,2100,15.900564932725748,49.20713988076727,0.0,-99.92070386976859
15,-184.29929214615095,12.295574910736136,3,0.0,0.0,2,120,2100,16.738060153600447,258.9808918092042,0.0,-100.37122936847243
16,174.00488280772515,-79.2844325205964,3,0.0,0.0,2,120,2100,16.23186542152081,58.867740103168444,0.0,-100.099721330224
17,-4.721622350020965,33.011258229629675,3,0.0,0.0,2,120,2100,15.125992175208095,232.7791625421636,0.0,-99.49247376968476
18,111.71287078552672,-42.855424166293766,3,0.0,0.0,2,120,2100,16.281098685413404,14.96171022865542,0.0,-100.11985115290456
19,-146.68774088896686,30.207910735515213,3,0.0,0.0,2,120,2100,16.534550292196222,196.67054886160838,0.0,-100.26555929618297
20,-6.3340249234447015,44.90940135644658,3,0.0,0.0,2,120,2100,15.432559909274051,233.68454833037538,0.0,-99.66594559986277
21,-2.2995835643345117,56.0164170622391,3,0.0,0.0,2,120,2100,15.64635380785647,238.45066367510424,0.0,-99.7852362250688
22,168.63654103899728,-81.96546333389972,3,0.0,0.0,2,120,2100,16.203855570097492,58.4068900558359,0.0,-100.084760879453
23,24.89900895163379,84.81879118359831,3,0.0,0.0,2,120,2100,16.066346174451105,242.18629702777974,0.0,-100.01608327569706
24,-9.909346845360261,-51.511178682150955,3,0.0,0.0,2,120,2100,15.575000270097453,67.7914871519935,0.0,-99.74248282285848
25,-79.95745898811641,-94.53416172668209,3,0.0,0.0,2,120,2100,16.12870158981031,55.5350251167979,0.0,-100.04440925982419
26,-65.73549723829268,10.528356690431224,3,0.0,0.0,2,120,2100,15.812374718165753,161.5224533620766,0.0,-99.87437601306358
27,9.009527649192535,-24.417693247005673,3,0.0,0.0,2,120,2100,14.875590426468266,40.968804159519095,0.0,-99.33785669704645
28,-22.050574044061506,65.84683540094667,3,0.0,0.0,2,120,2100,15.835431321612093,230.44364563240896,0.0,-99.8893531864287
29,-182.19383959230916,59.95500024109677,3,0.0,0.0,2,120,2100,16.40781824762404,241.26839501226914,0.0,-100.19978097218382
30,116.62284155704913,-31.90227597031216,3,0.0,0.0,2,120,2100,16.341863659629997,4.85057549093824,0.0,-100.14855339539956
31,156.39730546171785,88.75219525168092,3,0.0,0.0,2,120,2100,16.1325880706815,240.49967753203288,0.0,-100.0519406981542
0,52.210599955498054,-17.318538783676132,3,90.0,180.0,3,240,2100,16.295955333947294,67.78940004450192,0.0,-100.06372247669958
1,19.796161032963454,72.92694783362046,3,90.0,180.0,3,240,2100,14.457655690221642,100.20383896703657,0.0,-99.100473614898
2,24.683222155742584,-53.66863729669546,3,90.0,180.0,3,240,2100,16.587663420835774,95.31677784425739,0.0,-100.27372233196992
3,-72.50103859079782,-89.25235973063492,3,90.0,180.0,3,240,2100,16.80894853425913,192.5010385907981,0.0,-100.24828566996021
4,-178.27877642694793,-44.02516885139163,3,90.0,180.0,3,240,2100,16.518181516873646,298.27877642694796,0.0,-99.51655968165952
5,-19.728470281384517,-36.2206317060485,3,90.0,180.0,3,240,2100,16.45818533240037,139.7284702813845,0.0,-100.21228419230162
6,-103.85053005818268,28.180868574702487,3,90.0,180.0,3,240,2100,15.744366872144306,223.8505300581827,0.0,-99.60188925137511
7,174.4052068991839,41.50595289883216,3,90.0,180.0,3,240,2100,15.501595075756201,305.5947931008161,0.0,-99.11796365860882
8,152.00610882493356,-10.810183502313294,3,90.0,180.0,3,240,2100,16.23339330673778,327.99389117506644,0.0,-99.23435259302462
9,77.85792688054875,-43.70246145277785,3,90.0,180.0,3,240,2100,16.51577080167868,42.142073119451254,0.0,-100.08728018518431
10,-90.34770195668696,-77.78875624383983,3,90.0,180.0,3,240,2100,16.742859678721334,210.34770195668693,0.0,-100.13751943823489
11,176.38434981626284,81.61366573749194,3,90.0,180.0,3,240,2100,13.746758418998438,303.61565018373716,0.0,-98.48770621704487
12,103.08646252529434,-5.673722954877874,3,90.0,180.0,3,240,2100,16.181097617660452,16.913537474705663,0.0,-99.81458112725015
13,35.80263906308343,-61.565774346128116,3,90.0,180.0,3,240,2100,16.64117358438563,84.19736093691654,0.0,-100.28161130745349
14,30.35773903539402,-69.33400682674818,3,90.0,180.0,3,240,2100,16.691156567424862,89.64226096460595,0.0,-100.31735086424932
15,-184.29929214615095,12.295574910736136,3,90.0,180.0,3,240,2100,15.97306616259973,304.29929214615095,0.0,-99.28991015424954
16,174.00488280772515,-79.2844325205964,3,90.0,180.0,3,240,2100,16.75173422622733,305.99511719227485,0.0,-99.54045313426174
17,-4.721622350020965,33.011258229629675,3,90.0,180.0,3,240,2100,15.663007733441638,124.721622350021,0.0,-99.7851438515995
18,111.71287078552672,-42.855424166293766,3,90.0,180.0,3,240,2100,16.509415408526593,8.287129214473282,0.0,-99.92258657150334
19,-146.68774088896686,30.207910735515213,3,90.0,180.0,3,240,2100,15.711027356184177,266.68774088896686,0.0,-99.39101767493224
20,-6.3340249234447015,44.90940135644658,3,90.0,180.0,3,240,2100,15.42882780849194,126.3340249234447,0.0,-99.65383452950462
21,-2.2995835643345117,56.0164170622391,3,90.0,180.0,3,240,2100,15.146031657856655,122.29958356433451,0.0,-99.49610861753902
22,168.63654103899728,-81.96546333389972,3,90.0,180.0,3,240,2100,16.76744755460422,311.3634589610027,0.0,-99.50747841004788
23,24.89900895163379,84.81879118359831,3,90.0,180.0,3,240,2100,13.265193965374333,95.10099104836621,0.0,-98.37796137555651
24,-9.909346845360261,-51.511178682150955,3,90.0,180.0,3,240,2100,16.572532619015295,129.9093468453603,0.0,-100.2806607066389
25,-79.95745898811641,-94.53416172668209,3,90.0,180.0,3,240,2100,16.78759826172608,19.957458988116343,0.0,-100.10777068912583
26,-65.73549723829268,10.528356690431224,3,90.0,180.0,3,240,2100,15.995554223423287,185.73549723829262,0.0,-99.86703204411081
27,9.009527649192535,-24.417693247005673,3,90.0,180.0,3,240,2100,16.360009647033923,110.99047235080747,0.0,-100.16840688576652
28,-22.050574044061506,65.84683540094667,3,90.0,180.0,3,240,2100,14.804569623023134,142.05057404406148,0.0,-99.29622861583411
29,-182.19383959230916,59.95500024109677,3,90.0,180.0,3,240,2100,15.022850389037627,302.19383959230913,0.0,-98.96377418392896
30,116.62284155704913,-31.90227597031216,3,90.0,180.0,3,240,2100,16.4233736210877,3.377158442950872,0.0,-99.85778997938269
31,156.39730546171785,88.75219525168092,3,90.0,180.0,3,240,2100,11.84154684550592,323.6026945382822,0.0,-97.73879698133351
0,50.273518785179334,-18.71543120722363,4,-90.0,-180.0,1,0,2100,15.88683384383143,230.27351878517936,0.0,-99.89079099550575
1,19.260437692940712,72.46408808095075,4,-90.0,-180.0,1,0,2100,16.71061087649967,199.26043769294074,0.0,-100.33846206225108
2,22.944475449834783,-53.72552867045823,4,-90.0,-180.0,1,0,2100,15.211268312632383,202.94447544983475,0.0,-99.5416876310164
3,-71.01741775452003,-89.96316238709517,4,-90.0,-180.0,1,0,2100,8.319161804159469,108.9825822454851,0.0,-95.10814271879757
4,-177.63304153064595,-45.094779708262216,4,-90.0,-180.0,1,0,2100,15.424708093172093,2.3669584693540173,0.0,-99.43030765881416
5,-18.453790430938568,-34.06217208097016,4,-90.0,-180.0,1,0,2100,15.644394859134808,161.54620956906138,0.0,-99.78190493128395
6,-101.67531930841935,28.164869744330417,4,-90.0,-180.0,1,0,2100,16.39223476681867,78.32468069158062,0.0,-100.06101115336337
7,174.17623784926207,39.999736191911296,4,-90.0,-180.0,1,0,2100,16.48768633054687,354.17623784926207,0.0,-99.88993781645982
8,152.03445836470974,-10.453025256883876,4,-90.0,-180.0,1,0,2100,15.996501677647124,332.0344583647097,0.0,-99.74883512809309
9,78.16090665807064,-44.68036277561427,4,-90.0,-180.0,1,0,2100,15.433894469873593,258.16090665807064,0.0,-99.61945089038296
10,-89.71599548717484,-78.12722990306062,4,-90.0,-180.0,1,0,2100,14.094402147884052,90.28400451282516,0.0,-98.87960610711102
11,173.4337213502883,81.47302080622427,4,-90.0,-180.0,1,0,2100,16.764579833820818,353.4337213502883,0.0,-100.00314811294011
12,102.83218359389582,-5.538994718940998,4,-90.0,-180.0,1,0,2100,16.056443898530343,282.8321835938958,0.0,-99.89612154151072
13,43.24535946865271,-60.02186026358307,4,-90.0,-180.0,1,0,2100,15.020622580539488,223.24535946865268,0.0,-99.42606363997025
14,33.039589157941236,-71.04278556036334,4,-90.0,-180.0,1,0,2100,14.562338882444585,213.0395891579412,0.0,-99.17086101543431
15,-189.9554261545779,11.648593986409821,4,-90.0,-180.0,1,0,2100,16.24167563672902,350.0445738454221,0.0,-99.80210412749975
16,173.84652039877602,-79.80393220997827,4,-90.0,-180.0,1,0,2100,13.942156856509913,353.846520398776,0.0,-98.75647851573777
17,-2.973518112410545,32.80430058773865,4,-90.0,-180.0,1,0,2100,16.4307459496078,177.0264818875894,0.0,-100.20220863940187
18,114.86483169957717,-42.73262787966442,4,-90.0,-180.0,1,0,2100,15.475974280625849,294.86483169957717,0.0,-99.58532372854542
19,-148.4499689626383,30.36487492609635,4,-90.0,-180.0,1,0,2100,16.410681668734863,31.55003103736169,0.0,-99.94239738959213
20,-2.774283929940111,45.23144836535343,4,-90.0,-180.0,1,0,2100,16.52714164952583,177.2257160700599,0.0,-100.25139404679379
21,-2.961551647927166,54.88281262297306,4,-90.0,-180.0,1,0,2100,16.59607912914072,177.0384483520728,0.0,-100.28617020807653
22,167.69902883817053,-81.46691447106829,4,-90.0,-180.0,1,0,2100,13.764105915851404,347.69902883817053,0.0,-98.67135020648747
23,23.26259973204469,83.47777925519568,4,-90.0,-180.0,1,0,2100,16.776203409795375,203.2625997320447,0.0,-100.36836708163052
24,-8.867969963744713,-52.36388150307475,4,-90.0,-180.0,1,0,2100,15.24811826660935,171.1320300362553,0.0,-99.56559852068847
25,-76.59094438932848,-95.61572503973306,4,-90.0,-180.0,1,0,2100,13.345726145298624,283.4090556106715,0.0,-98.44429519833889
26,-64.41627349333056,11.539189055423748,4,-90.0,-180.0,1,0,2100,16.240598751787935,115.58372650666945,0.0,-100.05640982021818
27,7.021898561722253,-28.097892461123962,4,-90.0,-180.0,1,0,2100,15.745708211992897,187.02189856172222,0.0,-99.83970963467843
28,-22.45738335059329,65.86619931380457,4,-90.0,-180.0,1,0,2100,16.66915184042958,157.54261664940668,0.0,-100.31615544087053
29,-180.59203917230138,59.89703505205594,4,-90.0,-180.0,1,0,2100,16.630102525620764,359.4079608276986,0.0,-99.92801731199734
30,118.02348760162607,-30.862390321728455,4,-90.0,-180.0,1,0,2100,15.700021087775095,298.023487601626,0.0,-99.69018453778128
31,160.21837057153908,87.26743404059641,4,-90.0,-180.0,1,0,2100,16.797813410016076,340.2183705715391,0.0,-100.06532809349324
0,50.273518785179334,-18.71543120722363,4,0.0,0.0,2,120,2100,15.585670006288112,353.7729369975943,0.0,-99.74975506097952
1,19.260437692940712,72.46408808095075,4,0.0,0.0,2,120,2100,15.917094656485533,245.95060228591512,0.0,-99.93480101661777
2,22.944475449834783,-53.72552867045823,4,0.0,0.0,2,120,2100,15.662959336280714,44.03429060497763,0.0,-99.78963844797278
3,-71.01741775452003,-89.96316238709517,4,0.0,0.0,2,120,2100,16.119830461978392,60.03483429206534,0.0,-100.03985862389733
4,-177.63304153064595,-45.094779708262216,4,0.0,0.0,2,120,2100,16.524365293188428,62.357138787999446,0.0,-100.25397471910138
5,-18.453790430938568,-34.06217208097016,4,0.0,0.0,2,120,2100,15.263050454339306,85.08865317613115,0.0,-99.56921584445853
6,-101.67531930841935,28.164869744330417,4,0.0,0.0,2,120,2100,16.22808839373009,178.6662076232398,0.0,-100.10017702091397
7,174.17623784926207,39.999736191911296,4,0.0,0.0,2,120,2100,16.559286862086196,246.8951296207553,0.0,-100.27974841729986
8,152.03445836470974,-10.453025256883876,4,0.0,0.0,2,120,2100,16.63274116717389,351.47573095039945,0.0,-100.28182619962016
9,78.16090665807064,-44.68036277561427,4,0.0,0.0,2,120,2100,16.02212741735236,15.296334514525597,0.0,-99.98275096495311
10,-89.71599548717484,-78.12722990306062,4,0.0,0.0,2,120,2100,16.119314170645815,71.8726283798124,0.0,-100.03995059816503
11,173.4337213502883,81.47302080622427,4,0.0,0.0,2,120,2100,16.209912280391237,240.9822482311638,0.0,-100.09374300282354
12,102.83218359389582,-5.538994718940998,4,0.0,0.0,2,120,2100,16.25265958979597,335.6799597203331,0.0,-100.10582089643188
13,43.24535946865271,-60.02186026358307,4,0.0,0.0,2,120,2100,15.849257205172336,38.435668314131135,0.0,-99.89186784652058
14,33.039589157941236,-71.04278556036334,4,0.0,0.0,2,120,2100,15.926878281180375,49.39260783293389,0.0,-99.93504140390836
15,-189.9554261545779,11.648593986409821,4,0.0,0.0,2,120,2100,16.72441092792709,279.98332588163646,0.0,-100.36036177261406
16,173.84652039877602,-79.80393220997827,4,0.0,0.0,2,120,2100,16.22669017045504,58.895513469958246,0.0,-100.09696837316582
17,-2.973518112410545,32.80430058773865,4,0.0,0.0,2,120,2100,15.114349568783222,235.39875118807197,0.0,-99.48562168674117
18,114.86483169957717,-42.73262787966442,4,0.0,0.0,2,120,2100,16.30219406684443,15.517084559039006,0.0,-100.13097585864764
19,-148.4499689626383,30.36487492609635,4,0.0,0.0,2,120,2100,16.54254970996095,198.23196158903107,0.0,-100.26990089968322
20,-2.774283929940111,45.23144836535343,4,0.0,0.0,2,120,2100,15.43341741656045,237.25122569020277,0.0,-99.66638874860713
21,-2.961551647927166,54.88281262297306,4,0.0,0.0,2,120,2100,15.626333980744487,237.9191018544779,0.0,-99.77410942900144
22,167.69902883817053,-81.46691447106829,4,0.0,0.0,2,120,2100,16.20854179763913,58.169114428011085,0.0,-100.08725672662648
23,23.26259973204469,83.47777925519568,4,0.0,0.0,2,120,2100,16.05109019660792,242.58535267156174,0.0,-100.00780350127985
24,-8.867969963744713,-52.36388150307475,4,0.0,0.0,2,120,2100,15.588371303282527,66.77908541746626,0.0,-99.74985539654428
25,-76.59094438932848,-95.61572503973306,4,0.0,0.0,2,120,2100,16.13430826870267,54.53642470943089,0.0,-100.04736288801189
26,-64.41627349333056,11.539189055423748,4,0.0,0.0,2,120,2100,15.794071086347175,162.75441495509904,0.0,-99.86443652117926
27,7.021898561722253,-28.097892461123962,4,0.0,0.0,2,120,2100,14.983736657768647,47.10320421800577,0.0,-99.40293263943093
28,-22.45738335059329,65.86619931380457,4,0.0,0.0,2,120,2100,15.836696910734812,230.2881696766376,0.0,-99.8900409031122
29,-180.59203917230138,59.89703505205594,4,0.0,0.0,2,120,2100,16.40848856631096,240.3432238238605,0.0,-100.20012169503916
30,118.02348760162607,-30.862390321728455,4,0.0,0.0,2,120,2100,16.354464711032673,4.096722579052539,0.0,-100.15478674236044
31,160.21837057153908,87.26743404059641,4,0.0,0.0,2,120,2100,16.14813205514573,240.925420649832,0.0,-100.06037933721562
0,50.273518785179334,-18.71543120722363,4,90.0,180.0,3,240,2100,16.308887668394664,69.72648121482064,0.0,-100.07567678758166
1,19.260437692940712,72.46408808095075,4,90.0,180.0,3,240,2100,14.484405240447801,100.73956230705926,0.0,-99.11610594191053
2,22.944475449834783,-53.72552867045823,4,90.0,180.0,3,240,2100,16.58805933263696,97.05552455016522,0.0,-100.27632030377063
3,-71.01741775452003,-89.96316238709517,4,90.0,180.0,3,240,2100,16.812906066742443,191.01741775452518,0.0,-100.25619588227046
4,-177.63304153064595,-45.094779708262216,4,90.0,180.0,3,240,2100,16.526130510794484,297.633041530646,0.0,-99.52355468786638
5,-18.453790430938568,-34.06217208097016,4,90.0,180.0,3,240,2100,16.440936740395475,138.45379043093857,0.0,-100.20450645733892
6,-101.67531930841935,28.164869744330417,4,90.0,180.0,3,240,2100,15.74462563925705,221.67531930841938,0.0,-99.6108613050208
7,174.17623784926207,39.999736191911296,4,90.0,180.0,3,240,2100,15.53218230152376,305.82376215073793,0.0,-99.12753843362205
8,152.03445836470974,-10.453025256883876,4,90.0,180.0,3,240,2100,16.229844137561127,327.96554163529026,0.0,-99.23344952225078
9,78.16090665807064,-44.68036277561427,4,90.0,180.0,3,240,2100,16.52305819488568,41.839093341929356,0.0,-100.0895727511914
10,-89.71599548717484,-78.12722990306062,4,90.0,180.0,3,240,2100,16.74487490734769,209.71599548717484,0.0,-100.14150488271389
11,173.4337213502883,81.47302080622427,4,90.0,180.0,3,240,2100,13.763390053504427,306.56627864971165,0.0,-98.48912706187944
12,102.83218359389582,-5.538994718940998,4,90.0,180.0,3,240,2100,16.179688420121582,17.16781640610418,0.0,-99.81509586747848
13,43.24535946865271,-60.02186026358307,4,90.0,180.0,3,240,2100,16.63093491873241,76.75464053134726,0.0,-100.25947950019062
14,33.039589157941236,-71.04278556036334,4,90.0,180.0,3,240,2100,16.701823974567734,86.96041084205876,0.0,-100.31768155197949
15,-189.9554261545779,11.648593986409821,4,90.0,180.0,3,240,2100,15.981357868869907,309.9554261545778,0.0,-99.2604213034483
16,173.84652039877602,-79.80393220997827,4,90.0,180.0,3,240,2100,16.754798324688636,306.153479601224,0.0,-99.54029840881
17,-2.973518112410545,32.80430058773865,4,90.0,180.0,3,240,2100,15.666632707804341,122.97351811241055,0.0,-99.78746978976282
18,114.86483169957717,-42.73262787966442,4,90.0,180.0,3,240,2100,16.50849069609223,5.1351683004228335,0.0,-99.90505304286165
19,-148.4499689626383,30.36487492609635,4,90.0,180.0,3,240,2100,15.708398738272964,268.4499689626383,0.0,-99.38119412566327
20,-2.774283929940111,45.23144836535343,4,90.0,180.0,3,240,2100,15.421659961425425,122.77428392994011,0.0,-99.65048517854942
21,-2.961551647927166,54.88281262297306,4,90.0,180.0,3,240,2100,15.178844775575406,122.9615516479272,0.0,-99.51445015687312
22,167.69902883817053,-81.46691447106829,4,90.0,180.0,3,240,2100,16.764544222133708,312.30097116182947,0.0,-99.49998686660702
23,23.26259973204469,83.47777925519568,4,90.0,180.0,3,240,2100,13.495370140583894,96.73740026795531,0.0,-98.52341037912953
24,-8.867969963744713,-52.36388150307475,4,90.0,180.0,3,240,2100,16.578540229060362,128.8679699637447,0.0,-100.28435995959606
25,-76.59094438932848,-95.61572503973306,4,90.0,180.0,3,240,2100,16.781415232695874,16.590944389328456,0.0,-100.08695961022876
26,-64.41627349333056,11.539189055423748,4,90.0,180.0,3,240,2100,15.98275323127629,184.41627349333055,0.0,-99.86433901222867
27,7.021898561722253,-28.097892461123962,4,90.0,180.0,3,240,2100,16.39166779401871,112.97810143827775,0.0,-100.1863054855721
28,-22.45738335059329,65.86619931380457,4,90.0,180.0,3,240,2100,14.803767588495734,142.45738335059326,0.0,-99.29549543967393
29,-180.59203917230138,59.89703505205594,4,90.0,180.0,3,240,2100,15.02477780885819,300.5920391723014,0.0,-98.97091076898054
30,118.02348760162607,-30.862390321728455,4,90.0,180.0,3,240,2100,16.414806542956562,1.9765123983739272,0.0,-99.84638681471756
31,160.21837057153908,87.26743404059641,4,90.0,180.0,3,240,2100,12.625398207366299,319.781629428461,0.0,-98.04108007656005
0,47.54378452444331,-19.95822984130629,5,-90.0,-180.0,1,0,2100,15.869245749177178,227.54378452444328,0.0,-99.88417703486759
1,19.42358795492757,72.55677339908175,5,-90.0,-180.0,1,0,2100,16.711181211062797,199.42358795492757,0.0,-100.33864436546604
2,21.5665900488346,-53.82435324447345,5,-90.0,-180.0,1,0,2100,15.208540239486023,201.56659004883457,0.0,-99.54063756449833
3,-70.79879506945373,-88.99488290862789,5,-90.0,-180.0,1,0,2100,11.625266821268172,109.20120493054645,0.0,-97.26460744837132
4,-178.8037299906012,-47.407559161030754,5,-90.0,-180.0,1,0,2100,15.371830843630844,1.196270009398802,0.0,-99.40453727634966
5,-17.250102723709432,-33.245138061708445,5,-90.0,-180.0,1,0,2100,15.658895324178644,162.74989727629054,0.0,-99.7901960814996
6,-97.90113844439314,29.58630350143642,5,-90.0,-180.0,1,0,2100,16.40419223114358,82.09886155560685,0.0,-100.07528914115778
7,177.29558558195225,40.185605793946024,5,-90.0,-180.0,1,0,2100,16.489115078372553,357.2955855819522,0.0,-99.8795757017224
8,154.37126670807436,-11.652166997893616,5,-90.0,-180.0,1,0,2100,15.981312265443913,334.37126670807436,0.0,-99.73565095958833
9,76.60595501694019,-45.36402575196986,5,-90.0,-180.0,1,0,2100,15.41869417292997,256.60595501694013,0.0,-99.61331091810364
10,-90.37679212490274,-79.74531661994645,5,-90.0,-180.0,1,0,2100,13.947889232651878,89.62320787509731,0.0,-98.79608206615222
11,173.35107130370773,81.56930229983243,5,-90.0,-180.0,1,0,2100,16.765141172668002,353.35107130370767,0.0,-100.00368043832775
12,102.84904221809825,-5.289207902998498,5,-90.0,-180.0,1,0,2100,16.059396955420546,282.84904221809825,0.0,-99.89754350658728
13,48.39515571078641,-60.51125079493874,5,-90.0,-180.0,1,0,2100,15.004162952637728,228.39515571078638,0.0,-99.4138639088262
14,33.42017218178617,-71.45134848874305,5,-90.0,-180.0,1,0,2100,14.540551416189624,213.42017218178614,0.0,-99.1582018801886
15,-185.70191572655244,11.79383614111616,5,-90.0,-180.0,1,0,2100,16.24310348210488,354.29808427344756,0.0,-99.78906580156695
16,175.8505803523933,-78.381864049883,5,-90.0,-180.0,1,0,2100,14.07272193467145,355.8505803523933,0.0,-98.8180094968457
17,-2.916929850372128,32.61731900134055,5,-90.0,-180.0,1,0,2100,16.42922219135699,177.08307014962793,0.0,-100.2014502580277
18,113.63241758255589,-41.94457892861253,5,-90.0,-180.0,1,0,2100,15.492508977736192,293.63241758255583,0.0,-99.59578064095462
19,-146.73317989882335,29.57735536186084,5,-90.0,-180.0,1,0,2100,16.404117402560086,33.26682010117662,0.0,-99.94481837628659
20,-0.7010705922304226,44.72232177098002,5,-90.0,-180.0,1,0,2100,16.523369691357793,179.2989294077696,0.0,-100.24954913825856
21,-0.9486838236099686,55.342289115726174,5,-90.0,-180.0,1,0,2100,16.599245477230117,179.05131617639006,0.0,-100.287847397654
22,168.2994198379521,-81.2476704085132,5,-90.0,-180.0,1,0,2100,13.789474770624095,348.29941983795203,0.0,-98.68383433064685
23,23.977796829892725,82.74839400208305,5,-90.0,-180.0,1,0,2100,16.771990058231424,203.97779682989272,0.0,-100.36585858939289
24,-8.72932659912911,-53.55092755519335,5,-90.0,-180.0,1,0,2100,15.216070097544145,171.27067340087092,0.0,-99.54772551349535
25,-69.60098160153319,-97.03363342229542,5,-90.0,-180.0,1,0,2100,13.570858535043033,290.39901839846675,0.0,-98.57627543382984
26,-68.92672248033652,10.90341376387886,5,-90.0,-180.0,1,0,2100,16.23431768924014,111.07327751966346,0.0,-100.04649252532522
27,6.626759255723584,-29.709095401169577,5,-90.0,-180.0,1,0,2100,15.719335245798272,186.62675925572358,0.0,-99.8254462311412
28,-23.05622149081489,65.43658658527394,5,-90.0,-180.0,1,0,2100,16.666391743212767,156.9437785091851,0.0,-100.31442720639286
29,-182.08506854263,58.90164706796651,5,-90.0,-180.0,1,0,2100,16.623439901814493,357.91493145736996,0.0,-99.93088311853627
30,117.92583148297297,-31.191540941422247,5,-90.0,-180.0,1,0,2100,15.69443969913617,297.92583148297297,0.0,-99.68764687702925
31,162.96620137265438,88.52529831474732,5,-90.0,-180.0,1,0,2100,16.80488420903439,342.9662013726544,0.0,-100.05810888618146
0,47.54378452444331,-19.95822984130629,5,0.0,0.0,2,120,2100,15.544464288629543,356.20659495910604,0.0,-99.7269935200482
1,19.42358795492757,72.55677339908175,5,0.0,0.0,2,120,2100,15.918507972286763,245.9652042645066,0.0,-99.93557025594762
2,21.5665900488346,-53.82435324447345,5,0.0,0.0,2,120,2100,15.658029639518828,44.95507584476229,0.0,-99.78698791680362
3,-70.79879506945373,-88.99488290862789,5,0.0,0.0,2,120,2100,16.11628402354263,60.949212410469585,0.0,-100.03798987400363
4,-178.8037299906012,-47.407559161030754,5,0.0,0.0,2,120,2100,16.507347398617444,61.09952052839233,0.0,-100.24499886670363
5,-17.250102723709432,-33.245138061708445,5,0.0,0.0,2,120,2100,15.23087013832128,84.3413964031597,0.0,-99.55096940394154
6,-97.90113844439314,29.58630350143642,5,0.0,0.0,2,120,2100,16.193478326450506,179.82152881321213,0.0,-100.08154805105633
7,177.29558558195225,40.185605793946024,5,0.0,0.0,2,120,2100,16.559929595781973,243.19736164553973,0.0,-100.28018529507142
8,154.37126670807436,-11.652166997893616,5,0.0,0.0,2,120,2100,16.644104624501253,355.49023591886765,0.0,-100.28392906583164
9,76.60595501694019,-45.36402575196986,5,0.0,0.0,2,120,2100,16.010063874494925,16.15374093434241,0.0,-99.97641101145466
10,-90.37679212490274,-79.74531661994645,5,0.0,0.0,2,120,2100,16.120708639038114,70.25446634249954,0.0,-100.04066757938824
11,173.35107130370773,81.56930229983243,5,0.0,0.0,2,120,2100,16.208926268213446,240.98316183393064,0.0,-100.09321624110855
12,102.84904221809825,-5.289207902998498,5,0.0,0.0,2,120,2100,16.252875097489213,335.4242545372901,0.0,-100.10602156756141
13,48.39515571078641,-60.51125079493874,5,0.0,0.0,2,120,2100,15.881738482258196,37.078528018077236,0.0,-99.90950182202766
14,33.42017218178617,-71.45134848874305,5,0.0,0.0,2,120,2100,15.93232992316,49.52948550555402,0.0,-99.93802011598726
15,-185.70191572655244,11.79383614111616,5,0.0,0.0,2,120,2100,16.737654987082166,265.44659089055904,0.0,-100.3700357933166
16,175.8505803523933,-78.381864049883,5,0.0,0.0,2,120,2100,16.24107205398277,59.147686036372875,0.0,-100.10464404387018
17,-2.916929850372128,32.61731900134055,5,0.0,0.0,2,120,2100,15.10854201551883,235.45349536872908,0.0,-99.48230016148266
18,113.63241758255589,-41.94457892861253,5,0.0,0.0,2,120,2100,16.296222689514554,14.448083439107506,0.0,-100.1276083462553
19,-146.73317989882335,29.57735536186084,5,0.0,0.0,2,120,2100,16.537574231538102,195.97619699819018,0.0,-100.26712912970665
20,-0.7010705922304226,44.72232177098002,5,0.0,0.0,2,120,2100,15.42072361729438,239.2921546031821,0.0,-99.65922729767219
21,-0.9486838236099686,55.342289115726174,5,0.0,0.0,2,120,2100,15.63378944323689,239.3441941893813,0.0,-99.7782796259119
22,168.2994198379521,-81.2476704085132,5,0.0,0.0,2,120,2100,16.21091155036206,58.2116968582086,0.0,-100.08851719215882
23,23.977796829892725,82.74839400208305,5,0.0,0.0,2,120,2100,16.043527908534696,242.96012661406235,0.0,-100.00370437539443
24,-8.72932659912911,-53.55092755519335,5,0.0,0.0,2,120,2100,15.609870943591734,66.39575032206986,0.0,-99.76175770291428
25,-69.60098160153319,-97.03363342229542,5,0.0,0.0,2,120,2100,16.146780846689236,53.40344440756644,0.0,-100.05397249334065
26,-68.92672248033652,10.90341376387886,5,0.0,0.0,2,120,2100,15.858956035286083,161.66415679795665,0.0,-99.89970238186915
27,6.626759255723584,-29.709095401169577,5,0.0,0.0,2,120,2100,15.033715673824325,48.56643797727702,0.0,-99.43243547611976
28,-23.05622149081489,65.43658658527394,5,0.0,0.0,2,120,2100,15.83245522275669,229.85143826172634,0.0,-99.88769137863733
29,-182.08506854263,58.90164706796651,5,0.0,0.0,2,120,2100,16.41656801205609,241.25723260476843,0.0,-100.20442985335116
30,117.92583148297297,-31.191540941422247,5,0.0,0.0,2,120,2100,16.352990430253374,4.419302208894578,0.0,-100.15413247086522
31,162.96620137265438,88.52529831474732,5,0.0,0.0,2,120,2100,16.135508779602535,240.43208010943567,0.0,-100.05352307362348
0,47.54378452444331,-19.95822984130629,5,90.0,180.0,3,240,2100,16.320254486942954,72.45621547555669,0.0,-100.08864945486829
1,19.42358795492757,72.55677339908175,5,90.0,180.0,3,240,2100,14.479105768170092,100.5764120450724,0.0,-99.11297907199705
2,21.5665900488346,-53.82435324447345,5,90.0,180.0,3,240,2100,16.58874668866071,98.4334099511654,0.0,-100.27845409921612
3,-70.79879506945373,-88.99488290862789,5,90.0,180.0,3,240,2100,16.807511108801055,190.79879506945394,0.0,-100.25459907515746
4,-178.8037299906012,-47.407559161030754,5,90.0,180.0,3,240,2100,16.54310529966394,298.80372999060114,0.0,-99.52156145998815
5,-17.250102723709432,-33.245138061708445,5,90.0,180.0,3,240,2100,16.43432927754307,137.2501027237094,0.0,-100.20219771089245
6,-97.90113844439314,29.58630350143642,5,90.0,180.0,3,240,2100,15.72136983143458,217.90113844439315,0.0,-99.61449583622039
7,177.29558558195225,40.185605793946024,5,90.0,180.0,3,240,2100,15.528458003166845,302.70441441804775,0.0,-99.1415871001286
8,154.37126670807436,-11.652166997893616,5,90.0,180.0,3,240,2100,16.24171078673191,325.62873329192564,0.0,-99.2514037423168
9,76.60595501694019,-45.36402575196986,5,90.0,180.0,3,240,2100,16.528121543139015,43.394044983059814,0.0,-100.09838906810789
10,-90.37679212490274,-79.74531661994645,5,90.0,180.0,3,240,2100,16.754453069396718,210.37679212490275,0.0,-100.14258391576618
11,173.35107130370773,81.56930229983243,5,90.0,180.0,3,240,2100,13.75203443836644,306.6489286962923,0.0,-98.48465114783122
12,102.84904221809825,-5.289207902998498,5,90.0,180.0,3,240,2100,16.177070495395014,17.150957781901752,0.0,-99.81377513911269
13,48.39515571078641,-60.51125079493874,5,90.0,180.0,3,240,2100,16.63419173747661,71.60484428921359,0.0,-100.2476121591703
14,33.42017218178617,-71.45134848874305,5,90.0,180.0,3,240,2100,16.704357745455717,86.5798278182138,0.0,-100.3182074162599
15,-185.70191572655244,11.79383614111616,5,90.0,180.0,3,240,2100,15.97950242132016,305.70191572655244,0.0,-99.28413474866224
16,175.8505803523933,-78.381864049883,5,90.0,180.0,3,240,2100,16.74638829397767,304.1494196476067,0.0,-99.5517288779666
17,-2.916929850372128,32.61731900134055,5,90.0,180.0,3,240,2100,15.66989652986909,122.91692985037213,0.0,-99.78930121324709
18,113.63241758255589,-41.94457892861253,5,90.0,180.0,3,240,2100,16.502535886188276,6.367582417444112,0.0,-99.90914770530658
19,-146.73317989882335,29.57735536186084,5,90.0,180.0,3,240,2100,15.721517934864016,266.7331798988234,0.0,-99.39516290125029
20,-0.7010705922304226,44.72232177098002,5,90.0,180.0,3,240,2100,15.432968195406522,120.7010705922304,0.0,-99.65696645580542
21,-0.9486838236099686,55.342289115726174,5,90.0,180.0,3,240,2100,15.165674336703514,120.94868382361,0.0,-99.50720941024291
22,168.2994198379521,-81.2476704085132,5,90.0,180.0,3,240,2100,16.763264766337876,311.7005801620479,0.0,-99.50383376607368
23,23.977796829892725,82.74839400208305,5,90.0,180.0,3,240,2100,13.601378040361585,96.02220317010728,0.0,-98.5891059969142
24,-8.72932659912911,-53.55092755519335,5,90.0,180.0,3,240,2100,16.586843770957188,128.72932659912908,0.0,-100.28874890378253
25,-69.60098160153319,-97.03363342229542,5,90.0,180.0,3,240,2100,16.77325105497227,9.600981601533164,0.0,-100.04455876878862
26,-68.92672248033652,10.90341376387886,5,90.0,180.0,3,240,2100,15.990823670128348,188.92672248033654,0.0,-99.85457411705251
27,6.626759255723584,-29.709095401169577,5,90.0,180.0,3,240,2100,16.40521850997597,113.37324074427642,0.0,-100.1937211832033
28,-23.05622149081489,65.43658658527394,5,90.0,180.0,3,240,2100,14.821412282305431,143.0562214908149,0.0,-99.30498931249019
29,-182.08506854263,58.90164706796651,5,90.0,180.0,3,240,2100,15.057308986546875,302.08506854263,0.0,-98.97654965211044
30,117.92583148297297,-31.191540941422247,5,90.0,180.0,3,240,2100,16.417526191395442,2.074168517027033,0.0,-99.84812216684291
31,162.96620137265438,88.52529831474732,5,90.0,180.0,3,240,2100,12.008615653857234,317.0337986273456,0.0,-97.79216929837203
0,48.60628724601233,-19.655332227004877,6,-90.0,-180.0,1,0,2100,15.873560952982055,228.6062872460123,0.0,-99.8854312809864
1,19.46426654516509,72.60957972476902,6,-90.0,-180.0,1,0,2100,16.711506006803354,199.4642665451651,0.0,-100.33878291590939
2,14.040748821928673,-53.998286725892555,6,-90.0,-180.0,1,0,2100,15.203720618077314,194.04074882192867,0.0,-99.53993752015295
3,-71.80064853328169,-88.40601491972447,6,-90.0,-180.0,1,0,2100,12.086396696354926,108.19935146671844,0.0,-97.60178453653904
4,-181.79624847435343,-50.16464269613284,6,-90.0,-180.0,1,0,2100,15.304908958181295,358.20375152564657,0.0,-99.37660113169163
5,-17.092290075021282,-32.6072586332412,6,-90.0,-180.0,1,0,2100,15.670071835110281,162.9077099249787,0.0,-99.79632876165033
6,-96.27639522835393,31.4170217340114,6,-90.0,-180.0,1,0,2100,16.419384995044638,83.72360477164608,0.0,-100.08613982851126
7,179.60702646749985,40.78772848228067,6,-90.0,-180.0,1,0,2100,16.49372952464902,359.60702646749985,0.0,-99.87322425771374
8,152.6783205858626,-12.509867039627352,6,-90.0,-180.0,1,0,2100,15.970304567825195,332.6783205858626,0.0,-99.73533739805862
9,74.56124619336026,-44.85875145177374,6,-90.0,-180.0,1,0,2100,15.429950469758086,254.56124619336026,0.0,-99.62175520301986
10,-89.0385794619203,-80.75519051076445,6,-90.0,-180.0,1,0,2100,13.844217069716281,90.96142053807972,0.0,-98.73689915045277
11,175.5524025160069,81.07469606187001,6,-90.0,-180.0,1,0,2100,16.76225417299529,355.55240251600685,0.0,-99.99421525540785
12,105.20373283533922,-2.962710008317657,6,-90.0,-180.0,1,0,2100,16.086490590912675,285.2037328353392,0.0,-99.90585653318874
13,49.285876199234366,-60.06286190543404,6,-90.0,-180.0,1,0,2100,15.019253926752313,229.28587619923437,0.0,-99.4216737785544
14,33.75042598851135,-72.21465981447983,6,-90.0,-180.0,1,0,2100,14.498528878257298,213.75042598851132,0.0,-99.13385346280066
15,-180.5948586645972,15.614308864795802,6,-90.0,-180.0,1,0,2100,16.2799477880477,359.4051413354028,0.0,-99.78751257817562
16,177.6836528058675,-76.9924658429952,6,-90.0,-180.0,1,0,2100,14.185683271025715,357.6836528058675,0.0,-98.87008258716234
17,-3.839243036491183,32.56825050259263,6,-90.0,-180.0,1,0,2100,16.42882193537205,176.1607569635088,0.0,-100.20116586501238
18,114.24711916166444,-41.88998829413305,6,-90.0,-180.0,1,0,2100,15.493644326032722,294.24711916166444,0.0,-99.59527019195278
19,-149.34086814893791,29.630142508097464,6,-90.0,-180.0,1,0,2100,16.40455875279868,30.659131851062057,0.0,-99.936979338044
20,0.5103864851834032,45.219104731888734,6,-90.0,-180.0,1,0,2100,16.527050367533526,180.51038648518337,0.0,-100.25141592317958
21,0.7922207566142561,55.27806265708719,6,-90.0,-180.0,1,0,2100,16.598803481648442,180.79222075661426,0.0,-100.28763592592468
22,168.7057927800755,-81.42385275338228,6,-90.0,-180.0,1,0,2100,13.769139661544001,348.7057927800755,0.0,-98.67356701358119
23,23.727824648067866,81.04167521851065,6,-90.0,-180.0,1,0,2100,16.762061134342368,203.72782464806787,0.0,-100.36116975070452
24,-7.019525177275625,-54.44902853406952,6,-90.0,-180.0,1,0,2100,15.191121575594789,172.98047482272432,0.0,-99.53397255895997
25,-69.79332851114101,-99.86923040005188,6,-90.0,-180.0,1,0,2100,13.909576627260654,290.20667148885894,0.0,-98.76770110164973
26,-69.64392717560288,10.627185455250142,6,-90.0,-180.0,1,0,2100,16.231576383869584,110.35607282439707,0.0,-100.04399132521618
27,6.897457560599008,-29.10152096396446,6,-90.0,-180.0,1,0,2100,15.729362187422002,186.897457560599,0.0,-99.83084240630355
28,-20.35735512517138,63.108861778928485,6,-90.0,-180.0,1,0,2100,16.65130308223731,159.64264487482865,0.0,-100.30848412158568
29,-181.34260926431187,58.57273718576613,6,-90.0,-180.0,1,0,2100,16.6212285517704,358.6573907356881,0.0,-99.92728809913757
30,117.39942290168256,-32.35428025909886,6,-90.0,-180.0,1,0,2100,15.674469994473574,297.39942290168256,0.0,-99.67889632271194
31,167.9545831286797,87.04388128351817,6,-90.0,-180.0,1,0,2100,16.79655150972817,347.9545831286797,0.0,-100.03629812954554
0,48.60628724601233,-19.655332227004877,6,0.0,0.0,2,120,2100,15.561469800093455,355.45974867310946,0.0,-99.736370714705
1,19.46426654516509,72.60957972476902,6,0.0,0.0,2,120,2100,15.919238221315746,245.95800769313138,0.0,-99.93596741755815
2,14.040748821928673,-53.998286725892555,6,0.0,0.0,2,120,2100,15.63170552931265,50.002668741857974,0.0,-99.77277162147128
3,-71.80064853328169,-88.40601491972447,6,0.0,0.0,2,120,2100,16.11441734656322,61.514285015252796,0.0,-100.03701996354425
4,-181.79624847435343,-50.16464269613284,6,0.0,0.0,2,120,2100,16.48624019335711,58.50213007221657,0.0,-100.23375292215313
5,-17.092290075021282,-32.6072586332412,6,0.0,0.0,2,120,2100,15.213967958046764,84.67635317401633,0.0,-99.54143752528907
6,-96.27639522835393,31.4170217340114,6,0.0,0.0,2,120,2100,16.17774318977738,181.5704622960905,0.0,-100.07313867653464
7,179.60702646749985,40.78772848228067,6,0.0,0.0,2,120,2100,16.556142586652022,240.45544823433977,0.0,-100.27823920317988
8,152.6783205858626,-12.509867039627352,6,0.0,0.0,2,120,2100,16.63180357227242,355.79928795375747,0.0,-100.27808033853567
9,74.56124619336026,-44.85875145177374,6,0.0,0.0,2,120,2100,15.99115768537065,15.911452137943058,0.0,-99.9661914161187
10,-89.0385794619203,-80.75519051076445,6,0.0,0.0,2,120,2100,16.118246045559975,69.24353047093294,0.0,-100.03931932023674
11,175.5524025160069,81.07469606187001,6,0.0,0.0,2,120,2100,16.214245054542623,240.69775194895465,0.0,-100.09608207567709
12,105.20373283533922,-2.962710008317657,6,0.0,0.0,2,120,2100,16.275854869950347,333.06996572254127,0.0,-100.11849035180747
13,49.285876199234366,-60.06286190543404,6,0.0,0.0,2,120,2100,15.882872667336022,36.41833941571883,0.0,-99.91006202893092
14,33.75042598851135,-72.21465981447983,6,0.0,0.0,2,120,2100,15.941465272463727,49.894882592397835,0.0,-99.94300135871288
15,-180.5948586645972,15.614308864795802,6,0.0,0.0,2,120,2100,16.722302142941484,242.12747539869167,0.0,-100.36479535038201
16,177.6836528058675,-76.9924658429952,6,0.0,0.0,2,120,2100,16.254851066220578,59.465069570326705,0.0,-100.11198735301627
17,-3.839243036491183,32.56825050259263,6,0.0,0.0,2,120,2100,15.10963712682373,234.01575986697094,0.0,-99.48302968465146
18,114.24711916166444,-41.88998829413305,6,0.0,0.0,2,120,2100,16.3004434588012,14.529618184678725,0.0,-100.12982827062568
19,-149.34086814893791,29.630142508097464,6,0.0,0.0,2,120,2100,16.550259493348847,198.12251345162707,0.0,-100.27399375459585
20,0.5103864851834032,45.219104731888734,6,0.0,0.0,2,120,2100,15.431723593677544,240.50647790902525,0.0,-99.66540002522937
21,0.7922207566142561,55.27806265708719,6,0.0,0.0,2,120,2100,15.632598793141817,240.54897424245587,0.0,-99.777635806038
22,168.7057927800755,-81.42385275338228,6,0.0,0.0,2,120,2100,16.209284676734708,58.3082219340173,0.0,-100.08766224953406
23,23.727824648067866,81.04167521851065,6,0.0,0.0,2,120,2100,16.024484990195425,243.62956309834448,0.0,-99.99336772189959
24,-7.019525177275625,-54.44902853406952,6,0.0,0.0,2,120,2100,15.623029089397763,64.99120295122182,0.0,-99.76896723130734
25,-69.79332851114101,-99.86923040005188,6,0.0,0.0,2,120,2100,16.156981665179877,50.727306255120084,0.0,-100.05926728470617
26,-69.64392717560288,10.627185455250142,6,0.0,0.0,2,120,2100,15.86876520909566,161.31735150492534,0.0,-99.90502434745012
27,6.897457560599008,-29.10152096396446,6,0.0,0.0,2,120,2100,15.015936995308325,47.825016056810455,0.0,-99.42191278376525
28,-20.35735512517138,63.108861778928485,6,0.0,0.0,2,120,2100,15.793150332520666,229.99488248107542,0.0,-99.8660941483221
29,-181.34260926431187,58.57273718576613,6,0.0,0.0,2,120,2100,16.419390181340948,240.82027820090866,0.0,-100.20592443520128
30,117.39942290168256,-32.35428025909886,6,0.0,0.0,2,120,2100,16.346449613095693,5.509608492606958,0.0,-100.15111822327381
31,167.9545831286797,87.04388128351817,6,0.0,0.0,2,120,2100,16.151580445905232,240.6174275498355,0.0,-100.06222927419093
0,48.60628724601233,-19.655332227004877,6,90.0,180.0,3,240,2100,16.31749602540958,71.39371275398764,0.0,-100.08451434132486
1,19.46426654516509,72.60957972476902,6,90.0,180.0,3,240,2100,14.476073852557546,100.53573345483488,0.0,-99.11121843793514
2,14.040748821928673,-53.998286725892555,6,90.0,180.0,3,240,2100,16.589955304437094,105.95925117807133,0.0,-100.28685073598577
3,-71.80064853328169,-88.40601491972447,6,90.0,180.0,3,240,2100,16.80421582613249,191.8006485332818,0.0,-100.24899659801622
4,-181.79624847435343,-50.16464269613284,6,90.0,180.0,3,240,2100,16.562971655273422,301.79624847435343,0.0,-99.5082348455897
5,-17.092290075021282,-32.6072586332412,6,90.0,180.0,3,240,2100,16.4291401411199,137.09229007502125,0.0,-100.19958558120729
6,-96.27639522835393,31.4170217340114,6,90.0,180.0,3,240,2100,15.690598174736953,216.27639522835392,0.0,-99.60563502309554
7,179.60702646749985,40.78772848228067,6,90.0,180.0,3,240,2100,15.516297036314393,300.39297353250015,0.0,-99.14857907250308
8,152.6783205858626,-12.509867039627352,6,90.0,180.0,3,240,2100,16.25011298566385,327.3216794141374,0.0,-99.24354915026696
9,74.56124619336026,-44.85875145177374,6,90.0,180.0,3,240,2100,16.524381852053775,45.43875380663974,0.0,-100.10476820634021
10,-89.0385794619203,-80.75519051076445,6,90.0,180.0,3,240,2100,16.76038478918827,209.03857946192034,0.0,-100.15176530384657
11,175.5524025160069,81.07469606187001,6,90.0,180.0,3,240,2100,13.809045228549694,304.4475974839931,0.0,-98.51033304462555
12,105.20373283533922,-2.962710008317657,6,90.0,180.0,3,240,2100,16.1523523820087,14.796267164660776,0.0,-99.79106083603153
13,49.285876199234366,-60.06286190543404,6,90.0,180.0,3,240,2100,16.63120818582415,70.7141238007656,0.0,-100.24364390640815
14,33.75042598851135,-72.21465981447983,6,90.0,180.0,3,240,2100,16.70907441436068,86.24957401148862,0.0,-100.31991040750644
15,-180.5948586645972,15.614308864795802,6,90.0,180.0,3,240,2100,15.929417560940808,300.5948586645972,0.0,-99.29547622540214
16,177.6836528058675,-76.9924658429952,6,90.0,180.0,3,240,2100,16.73810259076515,302.3163471941325,0.0,-99.56193266756141
17,-3.839243036491183,32.56825050259263,6,90.0,180.0,3,240,2100,15.67075127423955,123.83924303649121,0.0,-99.78963695736458
18,114.24711916166444,-41.88998829413305,6,90.0,180.0,3,240,2100,16.502122061478985,5.752880838335557,0.0,-99.90561632440816
19,-149.34086814893791,29.630142508097464,6,90.0,180.0,3,240,2100,15.720643921314919,269.34086814893794,0.0,-99.38181302747022
20,0.5103864851834032,45.219104731888734,6,90.0,180.0,3,240,2100,15.421935644447338,119.4896135148166,0.0,-99.65079361817543
21,0.7922207566142561,55.27806265708719,6,90.0,180.0,3,240,2100,15.167525786285484,119.20777924338574,0.0,-99.50825304858402
22,168.7057927800755,-81.42385275338228,6,90.0,180.0,3,240,2100,16.764293053424765,311.2942072199245,0.0,-99.50701221113776
23,23.727824648067866,81.04167521851065,6,90.0,180.0,3,240,2100,13.812738086216262,96.27217535193216,0.0,-98.71859805340928
24,-7.019525177275625,-54.44902853406952,6,90.0,180.0,3,240,2100,16.593080604088996,127.01952517727563,0.0,-100.29277378808257
25,-69.79332851114101,-99.86923040005188,6,90.0,180.0,3,240,2100,16.756721267369496,9.79332851114097,0.0,-100.03864684074391
26,-69.64392717560288,10.627185455250142,6,90.0,180.0,3,240,2100,15.994309877001287,189.64392717560287,0.0,-99.85408465876074
27,6.897457560599008,-29.10152096396446,6,90.0,180.0,3,240,2100,16.400130162467395,113.10254243940096,0.0,-100.19089162886372
28,-20.35735512517138,63.108861778928485,6,90.0,180.0,3,240,2100,14.911950972514287,140.35735512517135,0.0,-99.35771125171075
29,-181.34260926431187,58.57273718576613,6,90.0,180.0,3,240,2100,15.067829884826985,301.3426092643118,0.0,-98.98335656070931
30,117.39942290168256,-32.35428025909886,6,90.0,180.0,3,240,2100,16.427074686708828,2.6005770983174443,0.0,-99.85521526696361
31,167.9545831286797,87.04388128351817,6,90.0,180.0,3,240,2100,12.704034042602151,312.0454168713203,0.0,-98.06812517537358
0,50.30054468162203,-18.49130283553835,7,-90.0,-180.0,1,0,2100,15.889973046874944,230.30054468162203,0.0,-99.89241714018306
1,19.68035975969994,72.3189465205505,7,-90.0,-180.0,1,0,2100,16.709717100984506,199.68035975969994,0.0,-100.33780577067729
2,11.757748096064773,-55.247695775009554,7,-90.0,-180.0,1,0,2100,15.168399977222244,191.75774809606474,0.0,-99.52059879511167
3,-71.86883965686613,-88.39377090291734,7,-90.0,-180.0,1,0,2100,12.094048689085866,108.13116034313396,0.0,-97.60731926214474
4,-181.41791359744468,-51.50962926608566,7,-90.0,-180.0,1,0,2100,15.270562172876362,358.5820864025553,0.0,-99.3607188756057
5,-18.105043052818587,-32.32538413931837,7,-90.0,-180.0,1,0,2100,15.674971139665923,161.8949569471814,0.0,-99.79866224280161
6,-96.90125419645722,31.20253159402614,7,-90.0,-180.0,1,0,2100,16.417616875558483,83.09874580354278,0.0,-100.08392302141753
7,179.84673629944632,41.03386886257823,7,-90.0,-180.0,1,0,2100,16.495609739561896,359.84673629944626,0.0,-99.87313675217057
8,152.08541941506303,-14.12372994792706,7,-90.0,-180.0,1,0,2100,15.94925794665931,332.08541941506303,0.0,-99.72748377555884
9,75.90987410601991,-45.247427085750964,7,-90.0,-180.0,1,0,2100,15.421302979373626,255.9098741060199,0.0,-99.61555689371176
10,-86.21010676947998,-82.52936883017259,7,-90.0,-180.0,1,0,2100,13.631134532281356,93.78989323052002,0.0,-98.61280170597603
11,174.45095657534216,81.15634207417801,7,-90.0,-180.0,1,0,2100,16.762731312707782,354.45095657534216,0.0,-99.99857959437361
12,106.05552800240088,-1.6477402596896695,7,-90.0,-180.0,1,0,2100,16.10148571753801,286.0555280024009,0.0,-99.91130375325127
13,48.166359764633114,-59.04862648957105,7,-90.0,-180.0,1,0,2100,15.052571507032605,228.16635976463309,0.0,-99.44087395315232
14,33.792710272293505,-72.15168920688157,7,-90.0,-180.0,1,0,2100,14.502063213901787,213.79271027229348,0.0,-99.13587338242223
15,-179.76886356252425,15.908332949290411,7,-90.0,-180.0,1,0,2100,16.28272786157903,0.23113643747575452,0.0,-99.78743236476105
16,176.34256911015183,-76.34886184399477,7,-90.0,-180.0,1,0,2100,14.233977397887047,356.34256911015177,0.0,-98.89394243193422
17,-3.5177465201371945,32.30620128796966,7,-90.0,-180.0,1,0,2100,16.426681660684245,176.48225347986283,0.0,-100.20009392210852
18,113.03885928950137,-42.51064687967256,7,-90.0,-180.0,1,0,2100,15.480659570528285,293.0388592895014,0.0,-99.59089491479412
19,-149.42340278296479,29.400678851239746,7,-90.0,-180.0,1,0,2100,16.402638801984025,30.576597217035214,0.0,-99.93588551875433
20,2.7218201684277403,43.33541232291918,7,-90.0,-180.0,1,0,2100,16.513021758397812,182.7218201684277,0.0,-100.24419671586779
21,3.584322497505525,53.238252624168524,7,-90.0,-180.0,1,0,2100,16.584663249117902,183.5843224975055,0.0,-100.28035108945551
22,170.9040419941789,-83.14258305996152,7,-90.0,-180.0,1,0,2100,13.545485981758185,350.9040419941789,0.0,-98.56084528971697
23,23.196936894077083,80.38721930697596,7,-90.0,-180.0,1,0,2100,16.758227500522143,203.19693689407708,0.0,-100.3596311115704
24,-4.514061924159222,-54.6785083619678,7,-90.0,-180.0,1,0,2100,15.184645701562852,175.48593807584075,0.0,-99.53056713490481
25,-70.58931179780382,-98.5984924835986,7,-90.0,-180.0,1,0,2100,13.771741780315033,289.4106882021962,0.0,-98.69070351578594
26,-68.17751106169288,9.74039929155353,7,-90.0,-180.0,1,0,2100,16.22272473378462,111.82248893830712,0.0,-100.04179639450825
27,6.817249168717979,-29.013915352127043,7,-90.0,-180.0,1,0,2100,15.730799705207062,186.81724916871798,0.0,-99.8316372483207
28,-20.366150689882716,63.027765514470815,7,-90.0,-180.0,1,0,2100,16.650773277866545,159.63384931011728,0.0,-100.30819972857037
29,-182.239342231644,57.76683040736111,7,-90.0,-180.0,1,0,2100,16.615789462263066,357.760657768356,0.0,-99.92842567119882
30,118.13178792243843,-30.014625435315708,7,-90.0,-180.0,1,0,2100,15.71425476529441,298.1317879224384,0.0,-99.6969370488628
31,168.09840319387212,87.01177601509653,7,-90.0,-180.0,1,0,2100,16.796370152553283,348.0984031938721,0.0,-100.03571475925771
0,50.30054468162203,-18.49130283553835,7,0.0,0.0,2,120,2100,15.585050874006193,353.4924499719831,0.0,-99.74944151233963
1,19.68035975969994,72.3189465205505,7,0.0,0.0,2,120,2100,15.915843043474737,246.1275273804348,0.0,-99.9341195709071
2,11.757748096064773,-55.247695775009554,7,0.0,0.0,2,120,2100,15.646890649565515,51.95312046708193,0.0,-99.7813565832313
3,-71.86883965686613,-88.39377090291734,7,0.0,0.0,2,120,2100,16.11439492752518,61.5265131299474,0.0,-100.03700324095013
4,-181.41791359744468,-51.50962926608566,7,0.0,0.0,2,120,2100,16.47589931049985,58.87279014841795,0.0,-100.22839333073537
5,-18.105043052818587,-32.32538413931837,7,0.0,0.0,2,120,2100,15.219232645595346,86.15528595736356,0.0,-99.54458137298496
6,-96.90125419645722,31.20253159402614,7,0.0,0.0,2,120,2100,16.183450341240427,181.38746209387858,0.0,-100.07621354352976
7,179.84673629944632,41.03386886257823,7,0.0,0.0,2,120,2100,16.554382452623535,240.17609860759978,0.0,-100.27732364115141
8,152.08541941506303,-14.12372994792706,7,0.0,0.0,2,120,2100,16.623926670487034,358.2570639378389,0.0,-100.27254306955531
9,75.90987410601991,-45.247427085750964,7,0.0,0.0,2,120,2100,16.003814885960836,16.12227550526211,0.0,-99.97304558938657
10,-86.21010676947998,-82.52936883017259,7,0.0,0.0,2,120,2100,16.114477466598995,67.45447790793799,0.0,-100.03724571856498
11,174.45095657534216,81.15634207417801,7,0.0,0.0,2,120,2100,16.213270612628715,240.8619532890001,0.0,-100.09555322363781
12,106.05552800240088,-1.6477402596896695,7,0.0,0.0,2,120,2100,16.28405243995146,331.71458141483083,0.0,-100.12310787811083
13,48.166359764633114,-59.04862648957105,7,0.0,0.0,2,120,2100,15.867769334192946,35.92339215324557,0.0,-99.90176135127106
14,33.792710272293505,-72.15168920688157,7,0.0,0.0,2,120,2100,15.940879443682022,49.846510022908205,0.0,-99.94268571974872
15,-179.76886356252425,15.908332949290411,7,0.0,0.0,2,120,2100,16.720569144084326,239.18909324213433,0.0,-100.36406164656468
16,176.34256911015183,-76.34886184399477,7,0.0,0.0,2,120,2100,16.260911291455884,59.1123923314733,0.0,-100.11518763946735
17,-3.5177465201371945,32.30620128796966,7,0.0,0.0,2,120,2100,15.100671702167682,234.45765459814413,0.0,-99.47786240306617
18,113.03885928950137,-42.51064687967256,7,0.0,0.0,2,120,2100,16.290807252589524,14.888754490211227,0.0,-100.12489719568244
19,-149.42340278296479,29.400678851239746,7,0.0,0.0,2,120,2100,16.551718078732602,197.92573027215184,0.0,-100.27476090360143
20,2.7218201684277403,43.33541232291918,7,0.0,0.0,2,120,2100,15.390702787469035,242.8812351089013,0.0,-99.64227267755152
21,3.584322497505525,53.238252624168524,7,0.0,0.0,2,120,2100,15.59650179969458,242.67399612630516,0.0,-99.75758541567956
22,170.9040419941789,-83.14258305996152,7,0.0,0.0,2,120,2100,16.19249900568464,58.91084699643034,0.0,-100.0787240229731
23,23.196936894077083,80.38721930697596,7,0.0,0.0,2,120,2100,16.01671005325492,243.81668105718893,0.0,-99.98913899590968
24,-4.514061924159222,-54.6785083619678,7,0.0,0.0,2,120,2100,15.623923567937085,63.19206203971805,0.0,-99.7693623025936
25,-70.58931179780382,-98.5984924835986,7,0.0,0.0,2,120,2100,16.15111829180244,51.883536021993905,0.0,-100.0562007790081
26,-68.17751106169288,9.74039929155353,7,0.0,0.0,2,120,2100,15.847102524566631,160.47620657871886,0.0,-99.89324118956327
27,6.817249168717979,-29.013915352127043,7,0.0,0.0,2,120,2100,15.01251641954435,47.91962993960772,0.0,-99.41993742733398
28,-20.366150689882716,63.027765514470815,7,0.0,0.0,2,120,2100,15.79201985836157,229.95639618097755,0.0,-99.86547332201513
29,-182.239342231644,57.76683040736111,7,0.0,0.0,2,120,2100,16.425858655532814,241.4113552429177,0.0,-100.2093671992672
30,118.13178792243843,-30.014625435315708,7,0.0,0.0,2,120,2100,16.35719692828991,3.22792781757812,0.0,-100.15589461422137
31,168.09840319387212,87.01177601509653,7,0.0,0.0,2,120,2100,16.15193514279904,240.61680132671194,0.0,-100.0624215840234
0,50.30054468162203,-18.49130283553835,7,90.0,180.0,3,240,2100,16.306823934655643,69.699455318378,0.0,-100.07452393127461
1,19.68035975969994,72.3189465205505,7,90.0,180.0,3,240,2100,14.492647989730088,100.31964024030009,0.0,-99.12061320556009
2,11.757748096064773,-55.247695775009554,7,90.0,180.0,3,240,2100,16.59859443388294,108.2422519039352,0.0,-100.29303773150023
3,-71.86883965686613,-88.39377090291734,7,90.0,180.0,3,240,2100,16.80414719371351,191.86883965686627,0.0,-100.24867905689305
4,-181.41791359744468,-51.50962926608566,7,90.0,180.0,3,240,2100,16.572521669884182,301.4179135974447,0.0,-99.51395867602643
5,-18.105043052818587,-32.32538413931837,7,90.0,180.0,3,240,2100,16.42683849120918,138.1050430528186,0.0,-100.19736178206765
6,-96.90125419645722,31.20253159402614,7,90.0,180.0,3,240,2100,15.694252792724328,216.90125419645722,0.0,-99.60504747088994
7,179.84673629944632,41.03386886257823,7,90.0,180.0,3,240,2100,15.51128288158591,300.1532637005537,0.0,-99.14794803536658
8,152.08541941506303,-14.12372994792706,7,90.0,180.0,3,240,2100,16.265733829592715,327.91458058493697,0.0,-99.24462616076434
9,75.90987410601991,-45.247427085750964,7,90.0,180.0,3,240,2100,16.52725980085523,44.09012589398009,0.0,-100.10077770547389
10,-86.21010676947998,-82.52936883017259,7,90.0,180.0,3,240,2100,16.770721368420098,206.21010676948003,0.0,-100.16997133200071
11,174.45095657534216,81.15634207417801,7,90.0,180.0,3,240,2100,13.799855439638279,305.54904342465784,0.0,-98.50484180800515
12,106.05552800240088,-1.6477402596896695,7,90.0,180.0,3,240,2100,16.13810625608978,13.944471997599123,0.0,-99.78032814832393
13,48.166359764633114,-59.04862648957105,7,90.0,180.0,3,240,2100,16.624426505538054,71.83364023536689,0.0,-100.24335973744124
14,33.792710272293505,-72.15168920688157,7,90.0,180.0,3,240,2100,16.70868614594078,86.2072897277065,0.0,-100.31963129492685
15,-179.76886356252425,15.908332949290411,7,90.0,180.0,3,240,2100,15.925457032051527,299.7688635625243,0.0,-99.29870017795203
16,176.34256911015183,-76.34886184399477,7,90.0,180.0,3,240,2100,16.734241054792193,303.6574308898482,0.0,-99.55132032187183
17,-3.5177465201371945,32.30620128796966,7,90.0,180.0,3,240,2100,15.675303689066192,123.51774652013722,0.0,-99.79223492916528
18,113.03885928950137,-42.51064687967256,7,90.0,180.0,3,240,2100,16.506816904083877,6.961140710498626,0.0,-99.91426476926591
19,-149.42340278296479,29.400678851239746,7,90.0,180.0,3,240,2100,15.72443767937083,269.4234027829648,0.0,-99.3829648724998
20,2.7218201684277403,43.33541232291918,7,90.0,180.0,3,240,2100,15.463139615962413,117.27817983157229,0.0,-99.67370006397442
21,3.584322497505525,53.238252624168524,7,90.0,180.0,3,240,2100,15.224611915712238,116.41567750249447,0.0,-99.54003446539234
22,170.9040419941789,-83.14258305996152,7,90.0,180.0,3,240,2100,16.774269326753572,309.0959580058211,0.0,-99.52557825406848
23,23.196936894077083,80.38721930697596,7,90.0,180.0,3,240,2100,13.88324831003075,96.80306310592294,0.0,-98.76139531561465
24,-4.514061924159222,-54.6785083619678,7,90.0,180.0,3,240,2100,16.594667999494423,124.5140619241592,0.0,-100.29444138461793
25,-70.58931179780382,-98.5984924835986,7,90.0,180.0,3,240,2100,16.764162694131485,10.58931179780376,0.0,-100.04630726752097
26,-68.17751106169288,9.74039929155353,7,90.0,180.0,3,240,2100,16.005420342062123,188.17751106169288,0.0,-99.86455138049575
27,6.817249168717979,-29.013915352127043,7,90.0,180.0,3,240,2100,16.39939433777215,113.18275083128202,0.0,-100.19052756897729
28,-20.366150689882716,63.027765514470815,7,90.0,180.0,3,240,2100,14.914962157837786,140.36615068988272,0.0,-99.35939603996297
29,-182.239342231644,57.76683040736111,7,90.0,180.0,3,240,2100,15.09315015290117,302.23934223164395,0.0,-98.98872846658915
30,118.13178792243843,-30.014625435315708,7,90.0,180.0,3,240,2100,16.40776752911862,1.8682120775615658,0.0,-99.84267744898578
31,168.09840319387212,87.01177601509653,7,90.0,180.0,3,240,2100,12.714836072423624,311.9015968061279,0.0,-98.07241400309128
0,50.27703408600465,-18.486804587836403,8,-90.0,-180.0,1,0,2100,15.890035949792214,230.27703408600465,0.0,-99.89247547721185
1,20.983326066184645,71.32131659935303,8,-90.0,-180.0,1,0,2100,16.703552027355943,200.98332606618465,0.0,-100.33405032444944
2,9.113364267887391,-55.77130103075555,8,-90.0,-180.0,1,0,2100,15.153218546056747,189.11336426788736,0.0,-99.51250453236815
3,-70.88984217447747,-90.65878453886823,8,-90.0,-180.0,1,0,2100,11.202808726638963,289.11015782552226,0.0,-97.0275841004296
4,-179.54407432605598,-52.5284097451486,8,-90.0,-180.0,1,0,2100,15.243737132671995,0.45592567394402295,0.0,-99.34687112339854
5,-17.17177325640796,-33.34546286453305,8,-90.0,-180.0,1,0,2100,15.657126073765177,162.82822674359204,0.0,-99.78925539691049
6,-96.66572044794553,31.194454477578972,8,-90.0,-180.0,1,0,2100,16.417550231859792,83.33427955205445,0.0,-100.08442617829078
7,182.6786452337024,42.61445328353355,8,-90.0,-180.0,1,0,2100,16.50759997895734,2.6786452337024116,0.0,-99.88690429096314
8,151.5388898267471,-15.507877514920096,8,-90.0,-180.0,1,0,2100,15.930847342216804,331.53888982674704,0.0,-99.72065105106273
9,76.28231992052213,-44.97763888109246,8,-90.0,-180.0,1,0,2100,15.427313319915298,256.2823199205221,0.0,-99.61829144193591
10,-87.02923030937902,-83.15692871463004,8,-90.0,-180.0,1,0,2100,13.54339180221321,92.97076969062101,0.0,-98.56068486288781
11,175.70625772144723,82.0793543604322,8,-90.0,-180.0,1,0,2100,16.768109625467595,355.70625772144723,0.0,-99.99592161349972
12,106.03160595813267,-1.6392695032859166,8,-90.0,-180.0,1,0,2100,16.101581587745827,286.0316059581327,0.0,-99.91141313518024
13,51.06229539457158,-61.63498950914503,8,-90.0,-180.0,1,0,2100,14.965310517615357,231.06229539457158,0.0,-99.39058014221354
14,33.04117906069797,-74.57220192587451,8,-90.0,-180.0,1,0,2100,14.356325374545822,213.04117906069794,0.0,-99.05140865687434
15,-179.76012584399865,15.935913332533332,8,-90.0,-180.0,1,0,2100,16.282988245153696,0.2398741560013491,0.0,-99.7875854994616
16,176.517934138913,-76.07958777698104,8,-90.0,-180.0,1,0,2100,14.25351075380091,356.517934138913,0.0,-98.90297737926686
17,-3.3620372863997545,32.28149735724418,8,-90.0,-180.0,1,0,2100,16.426479656011633,176.63796271360025,0.0,-100.20003558507973
18,111.57005011886753,-44.12849946324139,8,-90.0,-180.0,1,0,2100,15.445998057006326,291.5700501188675,0.0,-99.57607730948347
19,-147.80233904998974,29.601211742220244,8,-90.0,-180.0,1,0,2100,16.40431688848339,32.19766095001023,0.0,-99.94163171608938
20,2.997567101958083,43.23831150424019,8,-90.0,-180.0,1,0,2100,16.512293248362877,182.99756710195805,0.0,-100.2438248173093
21,2.492066078619388,53.033049059318415,8,-90.0,-180.0,1,0,2100,16.58322961895022,182.49206607861936,0.0,-100.27974584278189
22,172.97845308011057,-85.06276356341127,8,-90.0,-180.0,1,0,2100,13.216961408634457,352.97845308011057,0.0,-98.39241899549441
23,16.84555151569009,79.73586354802438,8,-90.0,-180.0,1,0,2100,16.754397378112625,196.8455515156901,0.0,-100.36119891921892
24,-2.612879858313505,-55.151297724652075,8,-90.0,-180.0,1,0,2100,15.171169997138893,177.38712014168652,0.0,-99.5231145794779
25,-70.50649071090476,-97.53909431378472,8,-90.0,-180.0,1,0,2100,13.640257089103523,289.4935092890952,0.0,-98.61607587171642
26,-67.25286806089728,9.403701424559031,8,-90.0,-180.0,1,0,2100,16.219343281296393,112.7471319391027,0.0,-100.04147554084996
27,6.056077932650652,-27.996509676399228,8,-90.0,-180.0,1,0,2100,15.747344664169363,186.05607793265062,0.0,-99.84070865629631
28,-16.645471223271244,63.925219409878736,8,-90.0,-180.0,1,0,2100,16.656620794875394,163.35452877672878,0.0,-100.31293961215891
29,-183.93125038124145,57.84807287848497,8,-90.0,-180.0,1,0,2100,16.616339112956105,356.06874961875855,0.0,-99.93482816010766
30,117.17095042326247,-29.336583491449986,8,-90.0,-180.0,1,0,2100,15.725494811306008,297.1709504232624,0.0,-99.70440418854692
31,173.24390027975852,86.27407879579951,8,-90.0,-180.0,1,0,2100,16.792193940888417,353.2439002797585,0.0,-100.01465509186738
0,50.27703408600465,-18.486804587836403,8,0.0,0.0,2,120,2100,15.584620021521006,353.494120794553,0.0,-99.7491990347248
1,20.983326066184645,71.32131659935303,8,0.0,0.0,2,120,2100,15.905134112497555,246.90266097257853,0.0,-99.92828338555672
2,9.113364267887391,-55.77130103075555,8,0.0,0.0,2,120,2100,15.650172081065417,53.84973027537683,0.0,-99.78331312674418
3,-70.88984217447747,-90.65878453886823,8,0.0,0.0,2,120,2100,16.12235710140374,59.377517553546795,0.0,-100.0411901604547
4,-179.54407432605598,-52.5284097451486,8,0.0,0.0,2,120,2100,16.468036520808457,60.34947701394154,0.0,-100.2244321662515
5,-17.17177325640796,-33.34546286453305,8,0.0,0.0,2,120,2100,15.23236119397013,84.1648072136112,0.0,-99.55179717235083
6,-96.66572044794553,31.194454477578972,8,0.0,0.0,2,120,2100,16.181356449790673,181.36690455466197,0.0,-100.07508058777765
7,182.6786452337024,42.61445328353355,8,0.0,0.0,2,120,2100,16.542449990506892,237.09202959554392,0.0,-100.27105893932654
8,151.5388898267471,-15.507877514920096,8,0.0,0.0,2,120,2100,16.61669945748296,0.20959204997518555,0.0,-100.28481954396891
9,76.28231992052213,-44.97763888109246,8,0.0,0.0,2,120,2100,16.006460586557548,15.806565661654702,0.0,-99.9744105711322
10,-87.02923030937902,-83.15692871463004,8,0.0,0.0,2,120,2100,16.1160246185708,66.8339619461679,0.0,-100.03805676438013
11,175.70625772144723,82.0793543604322,8,0.0,0.0,2,120,2100,16.204082838895353,240.59680245173115,0.0,-100.09059079383059
12,106.03160595813267,-1.6392695032859166,8,0.0,0.0,2,120,2100,16.283827597923608,331.7055627685815,0.0,-100.12298872962766
13,51.06229539457158,-61.63498950914503,8,0.0,0.0,2,120,2100,15.905499640088156,37.219674205494925,0.0,-99.92247019377326
14,33.04117906069797,-74.57220192587451,8,0.0,0.0,2,120,2100,15.965446241723871,51.44294370852185,0.0,-99.95611814348136
15,-179.76012584399865,15.935913332533332,8,0.0,0.0,2,120,2100,16.720400300756705,239.15997677551917,0.0,-100.36397385294552
16,176.517934138913,-76.07958777698104,8,0.0,0.0,2,120,2100,16.263526969284452,59.13755551212091,0.0,-100.11657770510418
17,-3.3620372863997545,32.28149735724418,8,0.0,0.0,2,120,2100,15.099461941667851,234.696233344654,0.0,-99.47715169281577
18,111.57005011886753,-44.12849946324139,8,0.0,0.0,2,120,2100,16.276973280764157,16.20796563145143,0.0,-100.11799285463218
19,-147.80233904998974,29.601211742220244,8,0.0,0.0,2,120,2100,16.542849267937576,196.8346564196333,0.0,-100.26998242232959
20,2.997567101958083,43.23831150424019,8,0.0,0.0,2,120,2100,15.388805798562599,243.1830776904838,0.0,-99.64119197990605
21,2.492066078619388,53.033049059318415,8,0.0,0.0,2,120,2100,15.591837826902678,241.87439345343023,0.0,-99.75498505229278
22,172.97845308011057,-85.06276356341127,8,0.0,0.0,2,120,2100,16.17297887885445,59.394983584159036,0.0,-100.06832047910174
23,16.84555151569009,79.73586354802438,8,0.0,0.0,2,120,2100,16.00443764094063,243.0039503501714,0.0,-99.9824144227463
24,-2.612879858313505,-55.151297724652075,8,0.0,0.0,2,120,2100,15.630985843788313,61.81805365077773,0.0,-99.77319595729725
25,-70.50649071090476,-97.53909431378472,8,0.0,0.0,2,120,2100,16.147463604228065,52.88849500665492,0.0,-100.05430903554746
26,-67.25286806089728,9.403701424559031,8,0.0,0.0,2,120,2100,15.83339674692744,160.1808419496624,0.0,-99.88578918355536
27,6.056077932650652,-27.996509676399228,8,0.0,0.0,2,120,2100,14.973286997829936,48.77553071472346,0.0,-99.39715289283573
28,-16.645471223271244,63.925219409878736,8,0.0,0.0,2,120,2100,15.795991978724953,232.02063893971012,0.0,-99.8677371431951
29,-183.93125038124145,57.84807287848497,8,0.0,0.0,2,120,2100,16.42472584584931,242.46757130813182,0.0,-100.20877563749995
30,117.17095042326247,-29.336583491449986,8,0.0,0.0,2,120,2100,16.35159119044819,2.2816634656243764,0.0,-100.15271314068868
31,173.24390027975852,86.27407879579951,8,0.0,0.0,2,120,2100,16.160252253737553,240.43893932702463,0.0,-100.0669136908708
0,50.27703408600465,-18.486804587836403,8,90.0,180.0,3,240,2100,16.30678247197184,69.72296591399532,0.0,-100.07456337109565
1,20.983326066184645,71.32131659935303,8,90.0,180.0,3,240,2100,14.547537269770688,99.01667393381535,0.0,-99.15129839759925
2,9.113364267887391,-55.77130103075555,8,90.0,180.0,3,240,2100,16.6021928641859,110.88663573211261,0.0,-100.29652158235793
3,-70.88984217447747,-90.65878453886823,8,90.0,180.0,3,240,2100,16.809444113287928,10.889842174477138,0.0,-100.06712845919267
4,-179.54407432605598,-52.5284097451486,8,90.0,180.0,3,240,2100,16.57969524978253,299.54407432605603,0.0,-99.5289619884574
5,-17.17177325640796,-33.34546286453305,8,90.0,180.0,3,240,2100,16.43514297279888,137.17177325640796,0.0,-100.2026982932363
6,-96.66572044794553,31.194454477578972,8,90.0,180.0,3,240,2100,15.69439015510912,216.6657204479455,0.0,-99.60601930853123
7,182.6786452337024,42.61445328353355,8,90.0,180.0,3,240,2100,15.478471290470956,297.32135476629765,0.0,-99.14979361673532
8,151.5388898267471,-15.507877514920096,8,90.0,180.0,3,240,2100,16.27893954394357,328.4611101732529,0.0,-99.24522382574456
9,76.28231992052213,-44.97763888109246,8,90.0,180.0,3,240,2100,16.525263033639025,43.71768007947787,0.0,-100.09830917718837
10,-87.02923030937902,-83.15692871463004,8,90.0,180.0,3,240,2100,16.774352177889337,207.02923030937905,0.0,-100.16770910431751
11,175.70625772144723,82.0793543604322,8,90.0,180.0,3,240,2100,13.689627697085768,304.29374227855277,0.0,-98.46440233920319
12,106.03160595813267,-1.6392695032859166,8,90.0,180.0,3,240,2100,16.13801382449203,13.968394041867327,0.0,-99.78039792646884
13,51.06229539457158,-61.63498950914503,8,90.0,180.0,3,240,2100,16.641630147616127,68.9377046054284,0.0,-100.24376020331633
14,33.04117906069797,-74.57220192587451,8,90.0,180.0,3,240,2100,16.723503286261657,86.95882093930203,0.0,-100.32850222082631
15,-179.76012584399865,15.935913332533332,8,90.0,180.0,3,240,2100,15.925084716032408,299.7601258439987,0.0,-99.29861421936772
16,176.517934138913,-76.07958777698104,8,90.0,180.0,3,240,2100,16.732621012273807,303.482065861087,0.0,-99.55202922737291
17,-3.3620372863997545,32.28149735724418,8,90.0,180.0,3,240,2100,15.675731787751811,123.36203728639975,0.0,-99.79249685002802
18,111.57005011886753,-44.12849946324139,8,90.0,180.0,3,240,2100,16.518952198928385,8.429949881132472,0.0,-99.92759947388406
19,-147.80233904998974,29.601211742220244,8,90.0,180.0,3,240,2100,15.721123031798392,267.80233904998977,0.0,-99.38968076612706
20,2.997567101958083,43.23831150424019,8,90.0,180.0,3,240,2100,15.465218278174945,117.00243289804189,0.0,-99.67483673984206
21,2.492066078619388,53.033049059318415,8,90.0,180.0,3,240,2100,15.230178378959039,117.50793392138058,0.0,-99.54328066604639
22,172.97845308011057,-85.06276356341127,8,90.0,180.0,3,240,2100,16.785298450156954,307.0215469198894,0.0,-99.54364674848775
23,16.84555151569009,79.73586354802438,8,90.0,180.0,3,240,2100,13.948810636942289,103.15444848430991,0.0,-98.80301646213134
24,-2.612879858313505,-55.151297724652075,8,90.0,180.0,3,240,2100,16.59793053318017,122.61287985831348,0.0,-100.29652866130016
25,-70.50649071090476,-97.53909431378472,8,90.0,180.0,3,240,2100,16.770324469455993,10.506490710904728,0.0,-100.04845319829602
26,-67.25286806089728,9.403701424559031,8,90.0,180.0,3,240,2100,16.009606676820336,187.25286806089724,0.0,-99.86965630912553
27,6.056077932650652,-27.996509676399228,8,90.0,180.0,3,240,2100,16.39080896143036,113.94392206734932,0.0,-100.18619323377378
28,-16.645471223271244,63.925219409878736,8,90.0,180.0,3,240,2100,14.881122771084293,136.64547122327122,0.0,-99.34262804836025
29,-183.93125038124145,57.84807287848497,8,90.0,180.0,3,240,2100,15.090626510141666,303.9312503812414,0.0,-98.98081724300143
30,117.17095042326247,-29.336583491449986,8,90.0,180.0,3,240,2100,16.402101848884392,2.829049576737532,0.0,-99.845368458313
31,173.24390027975852,86.27407879579951,8,90.0,180.0,3,240,2100,12.935470375682327,306.7560997202415,0.0,-98.16102870764323
0,49.70593239530902,-14.948835630466306,9,-90.0,-180.0,1,0,2100,15.938324032522209,229.705932395309,0.0,-99.91847191566288
1,23.049031896198017,70.02717178726655,9,-90.0,-180.0,1,0,2100,16.695497520905956,203.04903189619802,0.0,-100.32884374463063
2,7.9008444467416155,-56.692075780692775,9,-90.0,-180.0,1,0,2100,15.125949443207409,187.9008444467416,0.0,-99.4973296127562
3,-68.9703025802941,-92.56436136025229,9,-90.0,-180.0,1,0,2100,12.561866808638547,291.0296974197058,0.0,-97.96480857452153
4,-181.4931640836702,-52.07127261092623,9,-90.0,-180.0,1,0,2100,15.255862880700157,358.5068359163298,0.0,-99.35441847649723
5,-17.60595295589681,-32.79982945094078,9,-90.0,-180.0,1,0,2100,15.666710877341396,162.39404704410322,0.0,-99.79433071841454
6,-96.03196325128495,31.620042747734118,9,-90.0,-180.0,1,0,2100,16.421055695325443,83.96803674871506,0.0,-100.08748887230185
7,183.21764133018297,42.878104116235164,9,-90.0,-180.0,1,0,2100,16.509586105454524,3.217641330182971,0.0,-99.88960237854432
8,152.24275447527526,-16.74503901084651,9,-90.0,-180.0,1,0,2100,15.914099935332121,332.24275447527526,0.0,-99.71125878942881
9,77.58469425078965,-44.557538110718866,9,-90.0,-180.0,1,0,2100,15.43660098981437,257.58469425078965,0.0,-99.6215947761907
10,-87.20930242446543,-82.42394634899938,9,-90.0,-180.0,1,0,2100,13.645147463584802,92.79069757553458,0.0,-98.62101264277712
11,172.81071625859465,82.02594052299779,9,-90.0,-180.0,1,0,2100,16.767799174940567,352.81071625859465,0.0,-100.006757716596
12,106.09802107321866,-1.0235306477263606,9,-90.0,-180.0,1,0,2100,16.10852588672103,286.09802107321866,0.0,-99.91462896389184
13,50.423188058658326,-61.967499962730315,9,-90.0,-180.0,1,0,2100,14.953518713423776,230.42318805865833,0.0,-99.38441100141983
14,29.835550446591725,-76.22782085543231,9,-90.0,-180.0,1,0,2100,14.242805045831169,209.8355504465917,0.0,-98.98550969073635
15,-181.58980137945755,16.374911020140743,9,-90.0,-180.0,1,0,2100,16.287123675152927,358.4101986205424,0.0,-99.79376193238392
16,176.47664114214086,-76.01587488382309,9,-90.0,-180.0,1,0,2100,14.258077248638513,356.47664114214086,0.0,-98.90515772571759
17,-0.5561960493816684,31.291736728370722,9,-90.0,-180.0,1,0,2100,16.418352605374913,179.4438039506183,0.0,-100.19598116157938
18,109.72505569847368,-44.50669329870934,9,-90.0,-180.0,1,0,2100,15.437719247416423,289.7250556984737,0.0,-99.57499807445099
19,-149.29496303885065,29.45022432574268,9,-90.0,-180.0,1,0,2100,16.4030536672479,30.705036961149347,0.0,-99.93647618117075
20,2.925477523727295,43.22728659022289,9,-90.0,-180.0,1,0,2100,16.512210499119753,182.92547752372727,0.0,-100.24378835666631
21,2.845736461573665,51.69405004690947,9,-90.0,-180.0,1,0,2100,16.573824059709338,182.84573646157364,0.0,-100.27496220642176
22,173.0056736768281,-85.02138400068925,9,-90.0,-180.0,1,0,2100,13.225307585267798,353.00567367682805,0.0,-98.39678698052447
23,15.65134789730601,79.58348325729736,9,-90.0,-180.0,1,0,2100,16.75349922541761,195.651347897306,0.0,-100.3612645483763
24,0.0005172082067019801,-54.48933128906927,9,-90.0,-180.0,1,0,2100,15.18998727165722,180.00051720820667,0.0,-99.53370275020185
25,-71.21408875454645,-97.02385543781028,9,-90.0,-180.0,1,0,2100,13.569467394183885,288.7859112454535,0.0,-98.57552434458427
26,-68.69939634296313,9.177972104186608,9,-90.0,-180.0,1,0,2100,16.217069865092764,111.30060365703685,0.0,-100.03815033020938
27,6.582878879633881,-27.331927598076575,9,-90.0,-180.0,1,0,2100,15.758006089486246,186.58287887963385,0.0,-99.84643297724556
28,-16.824727349619167,63.8966767707322,9,-90.0,-180.0,1,0,2100,16.656435345835437,163.17527265038086,0.0,-100.31277189320116
29,-182.8595054664493,58.3979331211024,9,-90.0,-180.0,1,0,2100,16.620051303700105,357.14049453355074,0.0,-99.93238529702741
30,116.38480016951706,-28.891787940427776,9,-90.0,-180.0,1,0,2100,15.732800248029335,296.38480016951706,0.0,-99.70956701559413
31,175.38464206815507,86.95557047609307,9,-90.0,-180.0,1,0,2100,16.79605257785505,355.3846420681551,0.0,-100.00801196271482
0,49.70593239530902,-14.948835630466306,9,0.0,0.0,2,120,2100,15.55844375301605,349.29238627427884,0.0,-99.7351018878756
1,23.049031896198017,70.02717178726655,9,0.0,0.0,2,120,2100,15.892380235642056,248.09830696949984,0.0,-99.92132678639982
2,7.9008444467416155,-56.692075780692775,9,0.0,0.0,2,120,2100,15.664059659887775,54.83899192927936,0.0,-99.79108495236477
3,-68.9703025802941,-92.56436136025229,9,0.0,0.0,2,120,2100,16.13013347618205,57.606233315886584,0.0,-100.0452788347188
4,-181.4931640836702,-52.07127261092623,9,0.0,0.0,2,120,2100,16.471508694347733,58.83669223040283,0.0,-100.22609815469141
5,-17.60595295589681,-32.79982945094078,9,0.0,0.0,2,120,2100,15.22444458051138,85.14268272046016,0.0,-99.54741794301378
6,-96.03196325128495,31.620042747734118,9,0.0,0.0,2,120,2100,16.175438924334188,181.76223734967073,0.0,-100.07190747554202
7,183.21764133018297,42.878104116235164,9,0.0,0.0,2,120,2100,16.540315170811404,236.5407811903538,0.0,-100.26993434487149
8,152.24275447527526,-16.74503901084651,9,0.0,0.0,2,120,2100,16.616896344166463,2.8635137082775373,0.0,-100.28614689987775
9,77.58469425078965,-44.557538110718866,9,0.0,0.0,2,120,2100,16.016920019533956,15.235409759804384,0.0,-99.97994365946401
10,-87.20930242446543,-82.42394634899938,9,0.0,0.0,2,120,2100,16.11586869906107,67.56717304852401,0.0,-100.03799614497642
11,172.81071625859465,82.02594052299779,9,0.0,0.0,2,120,2100,16.20421248096513,241.00432551710617,0.0,-100.09067649712549
12,106.09802107321866,-1.0235306477263606,9,0.0,0.0,2,120,2100,16.284492451744757,331.0652930727289,0.0,-100.12354475588239
13,50.423188058658326,-61.967499962730315,9,0.0,0.0,2,120,2100,15.904801012177318,37.68737762903402,0.0,-99.92213992253926
14,29.835550446591725,-76.22782085543231,9,0.0,0.0,2,120,2100,15.977915878504417,53.04741509977839,0.0,-99.96297022642496
15,-181.58980137945755,16.374911020140743,9,0.0,0.0,2,120,2100,16.717273860144452,245.3937433562494,0.0,-100.36196923197453
16,176.47664114214086,-76.01587488382309,9,0.0,0.0,2,120,2100,16.264132785220838,59.12318615851302,0.0,-100.1169017053654
17,-0.5561960493816684,31.291736728370722,9,0.0,0.0,2,120,2100,15.063650107302252,239.0850130925234,0.0,-99.45623590821123
18,109.72505569847368,-44.50669329870934,9,0.0,0.0,2,120,2100,16.263850540972676,16.238589310416955,0.0,-100.11113868136432
19,-149.29496303885065,29.45022432574268,9,0.0,0.0,2,120,2100,16.55086821617396,197.87546744812687,0.0,-100.27430939356
20,2.925477523727295,43.22728659022289,9,0.0,0.0,2,120,2100,15.388460661895651,243.10794148939755,0.0,-99.64100176039786
21,2.845736461573665,51.69405004690947,9,0.0,0.0,2,120,2100,15.56657537461083,242.2458321286146,0.0,-99.74090253771345
22,173.0056736768281,-85.02138400068925,9,0.0,0.0,2,120,2100,16.173414570601864,59.39224102198909,0.0,-100.06854623412246
23,15.65134789730601,79.58348325729736,9,0.0,0.0,2,120,2100,16.001852863147846,242.83924757148844,0.0,-99.9809930022455
24,0.0005172082067019801,-54.48933128906927,9,0.0,0.0,2,120,2100,15.618158931519494,59.999630933646586,0.0,-99.76596970631006
25,-71.21408875454645,-97.02385543781028,9,0.0,0.0,2,120,2100,16.144730309915666,53.34686870218832,0.0,-100.05287089245253
26,-68.69939634296313,9.177972104186608,9,0.0,0.0,2,120,2100,15.85404474436545,159.83820015525578,0.0,-99.89699959259335
27,6.582878879633881,-27.331927598076575,9,0.0,0.0,2,120,2100,14.954285933623956,47.493801374865825,0.0,-99.38573763201968
28,-16.824727349619167,63.8966767707322,9,0.0,0.0,2,120,2100,15.79596065108552,231.92823008898552,0.0,-99.86770996897964
29,-182.8595054664493,58.3979331211024,9,0.0,0.0,2,120,2100,16.42054694629341,241.75803951095344,0.0,-100.20655362280532
30,116.38480016951706,-28.891787940427776,9,0.0,0.0,2,120,2100,16.346634967587605,1.6336063079568817,0.0,-100.14995391265771
31,175.38464206815507,86.95557047609307,9,0.0,0.0,2,120,2100,16.153124847410883,240.24520269747336,0.0,-100.06305077162743
0,49.70593239530902,-14.948835630466306,9,90.0,180.0,3,240,2100,16.273626877569,70.29406760469101,0.0,-100.05864485256127
1,23.049031896198017,70.02717178726655,9,90.0,180.0,3,240,2100,14.614527050527226,96.95096810380198,0.0,-99.18816856259797
2,7.9008444467416155,-56.692075780692775,9,90.0,180.0,3,240,2100,16.608489568721602,112.09915555325836,0.0,-100.3003816284316
3,-68.9703025802941,-92.56436136025229,9,90.0,180.0,3,240,2100,16.798761834860375,8.970302580294003,0.0,-100.0516822072332
4,-181.4931640836702,-52.07127261092623,9,90.0,180.0,3,240,2100,16.5764827549918,301.4931640836702,0.0,-99.5147727543836
5,-17.60595295589681,-32.79982945094078,9,90.0,180.0,3,240,2100,16.43070954031395,137.60595295589678,0.0,-100.19992233660224
6,-96.03196325128495,31.620042747734118,9,90.0,180.0,3,240,2100,15.68712662735261,216.03196325128488,0.0,-99.60485937328194
7,183.21764133018297,42.878104116235164,9,90.0,180.0,3,240,2100,15.472891804680328,296.7823586698171,0.0,-99.15034678550721
8,152.24275447527526,-16.74503901084651,9,90.0,180.0,3,240,2100,16.290597102502858,327.75724552472474,0.0,-99.25310875611827
9,77.58469425078965,-44.557538110718866,9,90.0,180.0,3,240,2100,16.522145807255146,42.41530574921035,0.0,-100.09149822347965
10,-87.20930242446543,-82.42394634899938,9,90.0,180.0,3,240,2100,16.770110140904222,207.20930242446548,0.0,-100.1649422491806
11,172.81071625859465,82.02594052299779,9,90.0,180.0,3,240,2100,13.69634867463547,307.18928374140535,0.0,-98.46245563008823
12,106.09802107321866,-1.0235306477263606,9,90.0,180.0,3,240,2100,16.13127199061326,13.90197892678134,0.0,-99.7768989064492
13,50.423188058658326,-61.967499962730315,9,90.0,180.0,3,240,2100,16.643820581346993,69.57681194134165,0.0,-100.24669594178944
14,29.835550446591725,-76.22782085543231,9,90.0,180.0,3,240,2100,16.73351315657404,90.16444955340825,0.0,-100.33946649107278
15,-181.58980137945755,16.374911020140743,9,90.0,180.0,3,240,2100,15.919139812823424,301.5898013794575,0.0,-99.28624123961625
16,176.47664114214086,-76.01587488382309,9,90.0,180.0,3,240,2100,16.73223731000951,303.52335885785914,0.0,-99.5516186487232
17,-0.5561960493816684,31.291736728370722,9,90.0,180.0,3,240,2100,15.692734481462937,120.55619604938164,0.0,-99.80224253093239
18,109.72505569847368,-44.50669329870934,9,90.0,180.0,3,240,2100,16.52176786917729,10.274944301526318,0.0,-99.93875083046106
19,-149.29496303885065,29.45022432574268,9,90.0,180.0,3,240,2100,15.72361975383582,269.2949630388506,0.0,-99.38327027829341
20,2.925477523727295,43.22728659022289,9,90.0,180.0,3,240,2100,15.465454018431494,117.0745224762727,0.0,-99.67497932996426
21,2.845736461573665,51.69405004690947,9,90.0,180.0,3,240,2100,15.265759310173067,117.15426353842633,0.0,-99.5631836177823
22,173.0056736768281,-85.02138400068925,9,90.0,180.0,3,240,2100,16.785062052359002,306.9943263231719,0.0,-99.5437660792283
23,15.65134789730601,79.58348325729736,9,90.0,180.0,3,240,2100,13.963547397394517,104.34865210269402,0.0,-98.81221301937367
24,0.0005172082067019801,-54.48933128906927,9,90.0,180.0,3,240,2100,16.593359575373942,119.9994827917933,0.0,-100.2943564373111
25,-71.21408875454645,-97.02385543781028,9,90.0,180.0,3,240,2100,16.773307584503424,11.214088754546395,0.0,-100.0537088072677
26,-68.69939634296313,9.177972104186608,9,90.0,180.0,3,240,2100,16.012403502277827,188.69939634296315,0.0,-99.8665173038825
27,6.582878879633881,-27.331927598076575,9,90.0,180.0,3,240,2100,16.38516082300695,113.41712112036612,0.0,-100.18297939399854
28,-16.824727349619167,63.8966767707322,9,90.0,180.0,3,240,2100,14.882216817439993,136.82472734961914,0.0,-99.34314379986604
29,-182.8595054664493,58.3979331211024,9,90.0,180.0,3,240,2100,15.073376650558563,302.85950546644926,0.0,-98.9791112179225
30,116.38480016951706,-28.891787940427776,9,90.0,180.0,3,240,2100,16.398367650210535,3.6151998304829362,0.0,-99.8479401368997
31,175.38464206815507,86.95557047609307,9,90.0,180.0,3,240,2100,12.733470326121802,304.6153579318449,0.0,-98.07712605042695
0,49.20305137532341,-12.927202490033338,10,-90.0,-180.0,1,0,2100,15.96490435427037,229.20305137532344,0.0,-99.93293949880083
1,25.28329228347053,69.67361786182042,10,-90.0,-180.0,1,0,2100,16.693285740008594,205.2832922834705,0.0,-100.32630608387862
2,6.483823389689178,-56.915821437314975,10,-90.0,-180.0,1,0,2100,15.119209290877382,186.48382338968915,0.0,-99.49369084058593
3,-68.97721113472322,-92.57024588618692,10,-90.0,-180.0,1,0,2100,12.564158905244238,291.0227888652767,0.0,-97.96628158449828
4,-180.71218768162404,-52.43562811704499,10,-90.0,-180.0,1,0,2100,15.246210124302412,359.287812318376,0.0,-99.34849726807585
5,-15.568937339256792,-34.42778071075769,10,-90.0,-180.0,1,0,2100,15.637837425250977,164.43106266074324,0.0,-99.77921413583137
6,-94.96192448989441,28.82725549648731,10,-90.0,-180.0,1,0,2100,16.39782471986961,85.03807551010556,0.0,-100.07869456521294
7,181.87643722812038,43.487328409639304,10,-90.0,-180.0,1,0,2100,16.514160462636358,1.8764372281203805,0.0,-99.88669281923382
8,154.41245548665017,-16.75957815126172,10,-90.0,-180.0,1,0,2100,15.913901442541453,334.4124554866502,0.0,-99.70538133377902
9,78.37229499077057,-42.99883586193577,10,-90.0,-180.0,1,0,2100,15.470326401710189,258.37229499077057,0.0,-99.63839584047994
10,-86.64925637561089,-82.13980491541216,10,-90.0,-180.0,1,0,2100,13.681966409212222,93.35074362438911,0.0,-98.64275777025564
11,172.92052133849376,81.666530809887,10,-90.0,-180.0,1,0,2100,16.76570771321061,352.92052133849376,0.0,-100.00551076260578
12,104.72723845441499,0.5027854393069617,10,-90.0,-180.0,1,0,2100,16.125534568110616,284.727238454415,0.0,-99.92584425767521
13,51.89000113962828,-62.44128101851406,10,-90.0,-180.0,1,0,2100,14.936473130237575,231.89000113962825,0.0,-99.37399054965363
14,29.653920161487747,-76.26817249718442,10,-90.0,-180.0,1,0,2100,14.239870808295377,209.65392016148772,0.0,-98.98383250115886
15,-180.33243391088203,16.17263723024965,10,-90.0,-180.0,1,0,2100,16.28522034730443,359.66756608911794,0.0,-99.78879599280883
16,176.2053184612634,-74.90518529191833,10,-90.0,-180.0,1,0,2100,14.33450572343395,356.2053184612634,0.0,-98.94119542524773
17,1.6055843773929155,32.35005425811451,10,-90.0,-180.0,1,0,2100,16.427040147061764,181.6055843773929,0.0,-100.20039289938103
18,108.4176184626404,-47.219267307349625,10,-90.0,-180.0,1,0,2100,15.376241880765114,288.4176184626404,0.0,-99.54603373966067
19,-149.46821692903228,29.42752636134412,10,-90.0,-180.0,1,0,2100,16.402863628931694,30.53178307096772,0.0,-99.93585635023994
20,3.9550902426318544,43.28706031977421,10,-90.0,-180.0,1,0,2100,16.512659058285273,183.95509024263183,0.0,-100.24392690710968
21,1.5569627749967765,52.27666255608128,10,-90.0,-180.0,1,0,2100,16.57792739335555,181.55696277499675,0.0,-100.2771060922295
22,173.6617056184907,-87.51014888911071,10,-90.0,-180.0,1,0,2100,12.532380362071935,353.6617056184907,0.0,-98.02216116594293
23,10.156743553814948,79.14634802152509,10,-90.0,-180.0,1,0,2100,16.750918198210126,190.15674355381495,0.0,-100.3619062556929
24,5.273108040476416,-55.11998595164245,10,-90.0,-180.0,1,0,2100,15.172068099633742,185.2731080404764,0.0,-99.523457309522
25,-71.10407023008105,-97.25381517271904,10,-90.0,-180.0,1,0,2100,13.601682639870539,288.8959297699189,0.0,-98.59404635122257
26,-72.38552944448304,10.692644660264534,10,-90.0,-180.0,1,0,2100,16.232226684452908,107.61447055551696,0.0,-100.03998794661601
27,6.198281507154661,-26.800105039484563,10,-90.0,-180.0,1,0,2100,15.766456621558438,186.19828150715463,0.0,-99.85106347890515
28,-17.122700878495664,63.38658455283266,10,-90.0,-180.0,1,0,2100,16.653115329935975,162.8772991215044,0.0,-100.31097802956612
29,-179.80120550205925,57.821882801772375,10,-90.0,-180.0,1,0,2100,16.616161955455407,0.198794497940753,0.0,-99.92106791344368
30,115.12715661096291,-28.07009560938151,10,-90.0,-180.0,1,0,2100,15.746157156457956,295.1271566109629,0.0,-99.71866029995554
31,175.93749301283782,87.85713953564138,10,-90.0,-180.0,1,0,2100,16.80113453196099,355.9374930128378,0.0,-100.00785882801426
0,49.20305137532341,-12.927202490033338,10,0.0,0.0,2,120,2100,15.541035014155003,346.8672241122514,0.0,-99.72562017700551
1,25.28329228347053,69.67361786182042,10,0.0,0.0,2,120,2100,15.892560803720077,248.99028043518825,0.0,-99.92146474780137
2,6.483823389689178,-56.915821437314975,10,0.0,0.0,2,120,2100,15.665907886948682,55.79238983437722,0.0,-99.79216565001023
3,-68.97721113472322,-92.57024588618692,10,0.0,0.0,2,120,2100,16.13015350027285,57.60062823703686,0.0,-100.04529346698867
4,-180.71218768162404,-52.43562811704499,10,0.0,0.0,2,120,2100,16.468748339156736,59.4522776031489,0.0,-100.22471854067592
5,-15.568937339256792,-34.42778071075769,10,0.0,0.0,2,120,2100,15.241421021143074,81.3841880867821,0.0,-99.55662582140505
6,-94.96192448989441,28.82725549648731,10,0.0,0.0,2,120,2100,16.167120308429162,178.91821957695066,0.0,-100.06727113632027
7,181.87643722812038,43.487328409639304,10,0.0,0.0,2,120,2100,16.53633411934791,238.02291041198538,0.0,-100.26782729801145
8,154.41245548665017,-16.75957815126172,10,0.0,0.0,2,120,2100,16.62895406419991,4.88730338152601,0.0,-100.2929655376331
9,78.37229499077057,-42.99883586193577,10,0.0,0.0,2,120,2100,16.021042057740882,13.591804999826081,0.0,-99.9818625771401
10,-86.64925637561089,-82.13980491541216,10,0.0,0.0,2,120,2100,16.114861960878862,67.84692517840409,0.0,-100.03745893164009
11,172.92052133849376,81.666530809887,10,0.0,0.0,2,120,2100,16.20786752825434,241.03425905044497,0.0,-100.09264976323249
12,104.72723845441499,0.5027854393069617,10,0.0,0.0,2,120,2100,16.271507630391433,329.4801363762425,0.0,-100.11744937032306
13,51.89000113962828,-62.44128101851406,10,0.0,0.0,2,120,2100,15.916198939449313,37.675876976312225,0.0,-99.9283460952847
14,29.653920161487747,-76.26817249718442,10,0.0,0.0,2,120,2100,15.978080901782079,53.10635970629437,0.0,-99.96306429101692
15,-180.33243391088203,16.17263723024965,10,0.0,0.0,2,120,2100,16.7189468060283,241.14612873505115,0.0,-100.36311891032076
16,176.2053184612634,-74.90518529191833,10,0.0,0.0,2,120,2100,16.274694452829447,58.977341456297154,0.0,-100.12250586472224
17,1.6055843773929155,32.35005425811451,10,0.0,0.0,2,120,2100,15.097866505111813,242.53289464701925,0.0,-99.47564038837152
18,108.4176184626404,-47.219267307349625,10,0.0,0.0,2,120,2100,16.248954668073367,18.717305949787374,0.0,-100.10387062389181
19,-149.46821692903228,29.42752636134412,10,0.0,0.0,2,120,2100,16.55181071121134,197.9946958333598,0.0,-100.27481525203234
20,3.9550902426318544,43.28706031977421,10,0.0,0.0,2,120,2100,15.391344420119434,244.18813022568844,0.0,-99.64260921975833
21,1.5569627749967765,52.27666255608128,10,0.0,0.0,2,120,2100,15.577016982392728,241.2040454129762,0.0,-99.74671781982117
22,173.6617056184907,-87.51014888911071,10,0.0,0.0,2,120,2100,16.147088188898525,59.72495284369961,0.0,-100.05446999051594
23,10.156743553814948,79.14634802152509,10,0.0,0.0,2,120,2100,15.993624718542604,241.93644046428068,0.0,-99.97646326956131
24,5.273108040476416,-55.11998595164245,10,0.0,0.0,2,120,2100,15.632725132015922,56.334359149648435,0.0,-99.77380842230716
25,-71.10407023008105,-97.25381517271904,10,0.0,0.0,2,120,2100,16.145669609299024,53.13326764315025,0.0,-100.05336420897927
26,-72.38552944448304,10.692644660264534,10,0.0,0.0,2,120,2100,15.906510700351188,161.2056282740997,0.0,-99.92551997687721
27,6.198281507154661,-26.800105039484563,10,0.0,0.0,2,120,2100,14.932730056103416,47.93501021074189,0.0,-99.3731664218846
28,-17.122700878495664,63.38658455283266,10,0.0,0.0,2,120,2100,15.789175212135229,231.60823566263798,0.0,-99.8639620175709
29,-179.80120550205925,57.821882801772375,10,0.0,0.0,2,120,2100,16.425632094814777,239.87491888173594,0.0,-100.20923968948699
30,115.12715661096291,-28.07009560938151,10,0.0,0.0,2,120,2100,16.338693637982278,0.4989396242614248,0.0,-100.14549316067429
31,175.93749301283782,87.85713953564138,10,0.0,0.0,2,120,2100,16.14343567902526,240.15188083096945,0.0,-100.0577998770715
0,49.20305137532341,-12.927202490033338,10,90.0,180.0,3,240,2100,16.254175893969062,70.79694862467659,0.0,-100.0496829116902
1,25.28329228347053,69.67361786182042,10,90.0,180.0,3,240,2100,14.632073937232882,94.71670771652947,0.0,-99.19659149258162
2,6.483823389689178,-56.915821437314975,10,90.0,180.0,3,240,2100,16.610013680902252,113.51617661031082,0.0,-100.3017691011099
3,-68.97721113472322,-92.57024588618692,10,90.0,180.0,3,240,2100,16.79872867002798,8.977211134723149,0.0,-100.05170546661483
4,-180.71218768162404,-52.43562811704499,10,90.0,180.0,3,240,2100,16.579044068488017,300.712187681624,0.0,-99.52088592664332
5,-15.568937339256792,-34.42778071075769,10,90.0,180.0,3,240,2100,16.44387938546476,135.56893733925676,0.0,-100.20881247677349
6,-94.96192448989441,28.82725549648731,10,90.0,180.0,3,240,2100,15.733855726204572,214.96192448989444,0.0,-99.63198891376359
7,181.87643722812038,43.487328409639304,10,90.0,180.0,3,240,2100,15.459878816208697,298.1235627718796,0.0,-99.1391772259359
8,154.41245548665017,-16.75957815126172,10,90.0,180.0,3,240,2100,16.29073329758292,325.5875445133498,0.0,-99.26666594177813
9,78.37229499077057,-42.99883586193577,10,90.0,180.0,3,240,2100,16.510494283093777,41.62770500922943,0.0,-100.08261111714079
10,-86.64925637561089,-82.13980491541216,10,90.0,180.0,3,240,2100,16.76846085840055,206.6492563756109,0.0,-100.16686772146886
11,172.92052133849376,81.666530809887,10,90.0,180.0,3,240,2100,13.740434757131823,307.07947866150624,0.0,-98.47949565532831
12,104.72723845441499,0.5027854393069617,10,90.0,180.0,3,240,2100,16.114361443228358,15.272761545585013,0.0,-99.77528389634188
13,51.89000113962828,-62.44128101851406,10,90.0,180.0,3,240,2100,16.646933378611596,68.10999886037172,0.0,-100.24396144753132
14,29.653920161487747,-76.26817249718442,10,90.0,180.0,3,240,2100,16.733755876129024,90.34607983851225,0.0,-100.3399114531562
15,-180.33243391088203,16.17263723024965,10,90.0,180.0,3,240,2100,15.921883394089454,300.332433910882,0.0,-99.29426269244736
16,176.2053184612634,-74.90518529191833,10,90.0,180.0,3,240,2100,16.725524568900003,303.7946815387366,0.0,-99.54758567420348
17,1.6055843773929155,32.35005425811451,10,90.0,180.0,3,240,2100,15.674543301658368,118.39441562260708,0.0,-99.7920276172855
18,108.4176184626404,-47.219267307349625,10,90.0,180.0,3,240,2100,16.54173404345209,11.582381537359595,0.0,-99.95464710089126
19,-149.46821692903228,29.42752636134412,10,90.0,180.0,3,240,2100,15.723994548085862,269.4682169290323,0.0,-99.38255227129517
20,3.9550902426318544,43.28706031977421,10,90.0,180.0,3,240,2100,15.464175239833203,116.04490975736815,0.0,-99.6741167102889
21,1.5569627749967765,52.27666255608128,10,90.0,180.0,3,240,2100,15.250433011694868,118.4430372250032,0.0,-99.5547081013706
22,173.6617056184907,-87.51014888911071,10,90.0,180.0,3,240,2100,16.79918167501233,306.3382943815093,0.0,-99.5527755501401
23,10.156743553814948,79.14634802152509,10,90.0,180.0,3,240,2100,14.004656279182203,109.84325644618502,0.0,-98.83815430883709
24,5.273108040476416,-55.11998595164245,10,90.0,180.0,3,240,2100,16.597714791748245,114.72689195952358,0.0,-100.29580660919206
25,-71.10407023008105,-97.25381517271904,10,90.0,180.0,3,240,2100,16.771977269754714,11.104070230080993,0.0,-100.05252460135931
26,-72.38552944448304,10.692644660264534,10,90.0,180.0,3,240,2100,15.993484831233266,192.38552944448304,0.0,-99.84466258664432
27,6.198281507154661,-26.800105039484563,10,90.0,180.0,3,240,2100,16.38061788689993,113.80171849284534,0.0,-100.18067165882952
28,-17.122700878495664,63.38658455283266,10,90.0,180.0,3,240,2100,14.901569606598795,137.12270087849566,0.0,-99.35386334096663
29,-179.80120550205925,57.821882801772375,10,90.0,180.0,3,240,2100,15.091440750862995,299.80120550205925,0.0,-98.99821627174063
30,115.12715661096291,-28.07009560938151,10,90.0,180.0,3,240,2100,16.391432395055595,4.872843389037087,0.0,-99.85156860043449
31,175.93749301283782,87.85713953564138,10,90.0,180.0,3,240,2100,12.38229963451137,304.0625069871622,0.0,-97.92824375986936
0,49.49342415955704,-13.344899228961467,11,-90.0,-180.0,1,0,2100,15.959470106840985,229.49342415955704,0.0,-99.92978929924661
1,29.138013252785413,69.54594655409267,11,-90.0,-180.0,1,0,2100,16.692485843501103,209.1380132527854,0.0,-100.32314130006719
2,5.775934251015627,-57.15480123188145,11,-90.0,-180.0,1,0,2100,15.111959691812999,185.7759342510156,0.0,-99.48966558559995
3,-70.3301655290126,-93.51192140384921,11,-90.0,-180.0,1,0,2100,12.876319694407218,289.6698344709873,0.0,-98.16199502393366
4,-181.63156234597093,-51.30004497800067,11,-90.0,-180.0,1,0,2100,15.275992510221846,358.36843765402904,0.0,-99.36356280575882
5,-15.398875881908026,-34.91728714216433,11,-90.0,-180.0,1,0,2100,15.628989929065037,164.601124118092,0.0,-99.77445237585704
6,-96.13897113052796,28.168320842783544,11,-90.0,-180.0,1,0,2100,16.392263972180665,83.86102886947202,0.0,-100.07346610900835
7,182.132960985287,43.207010765076205,11,-90.0,-180.0,1,0,2100,16.512058297815194,2.1329609852870135,0.0,-99.886743864134
8,154.76161892910812,-16.843123833763556,11,-90.0,-180.0,1,0,2100,15.912760087032147,334.76161892910807,0.0,-99.70393749231665
9,81.16215369403227,-42.829390330859276,11,-90.0,-180.0,1,0,2100,15.473925052872055,261.16215369403227,0.0,-99.63666760600228
10,-87.65153807086577,-82.50494452947119,11,-90.0,-180.0,1,0,2100,13.63439857136642,92.34846192913426,0.0,-98.61463203025407
11,174.10189517240644,81.56617605673247,11,-90.0,-180.0,1,0,2100,16.765122951043406,354.10189517240644,0.0,-100.00083286211031
12,106.10906658586282,1.6691019514328076,11,-90.0,-180.0,1,0,2100,16.13833931366909,286.1090665858628,0.0,-99.92906008638683
13,52.938088522271784,-60.08095332130475,11,-90.0,-180.0,1,0,2100,15.01864943079054,232.93808852227176,0.0,-99.41891006181585
14,29.830256593765682,-76.10674575889882,11,-90.0,-180.0,1,0,2100,14.25155790281373,209.83025659376565,0.0,-98.99068710204075
15,-179.22778224866624,16.111469954037204,11,-90.0,-180.0,1,0,2100,16.2846440698474,0.7722177513337556,0.0,-99.79002836254186
16,175.82919640088687,-74.33814736513163,11,-90.0,-180.0,1,0,2100,14.371382401053541,355.8291964008869,0.0,-98.95879133155414
17,-2.027709284029754,34.18779071896796,11,-90.0,-180.0,1,0,2100,16.441948773897604,177.9722907159703,0.0,-100.20802046589428
18,110.24588838011982,-52.03286926158843,11,-90.0,-180.0,1,0,2100,15.256874881736097,290.2458883801198,0.0,-99.48244637828817
19,-148.18752611300593,29.271879485588784,11,-90.0,-180.0,1,0,2100,16.401559504310626,31.8124738869941,0.0,-99.9392398979093
20,0.5025786994578993,42.240919276635054,11,-90.0,-180.0,1,0,2100,16.504779313281528,180.50257869945787,0.0,-100.24011312385305
21,-1.2175277353204308,53.34016225712091,11,-90.0,-180.0,1,0,2100,16.585374465494066,178.78247226467954,0.0,-100.28087612271455
22,173.97021570820027,-88.43005742825233,11,-90.0,-180.0,1,0,2100,12.071198602450687,353.97021570820027,0.0,-97.7565052750621
23,10.055657483129323,78.52386616553196,11,-90.0,-180.0,1,0,2100,16.747231272317006,190.05565748312932,0.0,-100.36013426844364
24,5.933286767460686,-55.28072126502135,11,-90.0,-180.0,1,0,2100,15.167449214837061,185.9332867674607,0.0,-99.52081026684101
25,-71.27830051546954,-97.15867549399726,11,-90.0,-180.0,1,0,2100,13.588480072142016,288.7216994845304,0.0,-98.58646253748091
26,-78.62686715672683,11.57532221832814,11,-90.0,-180.0,1,0,2100,16.240954542813036,101.3731328432732,0.0,-100.03386985072248
27,2.851174316056131,-24.343730622698715,11,-90.0,-180.0,1,0,2100,15.804587070284207,182.8511743160561,0.0,-99.87200647223791
28,-17.120798464571465,63.38198711105349,11,-90.0,-180.0,1,0,2100,16.65308535658189,162.8792015354286,0.0,-100.31095615318033
29,-181.8194259848012,59.49798689069041,11,-90.0,-180.0,1,0,2100,16.627436827499725,358.1805740151988,0.0,-99.93148836520987
30,113.75489695159723,-27.78041652710084,11,-90.0,-180.0,1,0,2100,15.750823781686119,293.75489695159723,0.0,-99.72372103720238
31,181.66710003150132,88.61340073355132,11,-90.0,-180.0,1,0,2100,16.805377588309128,1.6671000315013202,0.0,-100.00027501427259
0,49.49342415955704,-13.344899228961467,11,0.0,0.0,2,120,2100,15.548097737624134,347.3275208506725,0.0,-99.72950190916727
1,29.138013252785413,69.54594655409267,11,0.0,0.0,2,120,2100,15.899979856802897,250.2930300298621,0.0,-99.92558059628092
2,5.775934251015627,-57.15480123188145,11,0.0,0.0,2,120,2100,15.669194172861435,56.28274899834548,0.0,-99.79400931601276
3,-70.3301655290126,-93.51192140384921,11,0.0,0.0,2,120,2100,16.133005468537554,56.69253762252504,0.0,-100.04677759721744
4,-181.63156234597093,-51.30004497800067,11,0.0,0.0,2,120,2100,16.477493086099525,58.693277438844916,0.0,-100.22920855719907
5,-15.398875881908026,-34.91728714216433,11,0.0,0.0,2,120,2100,15.251504140705144,80.82651525191861,0.0,-99.5622676065987
6,-96.13897113052796,28.168320842783544,11,0.0,0.0,2,120,2100,16.178332970174132,178.30566699954,0.0,-100.07329545085457
7,182.132960985287,43.207010765076205,11,0.0,0.0,2,120,2100,16.538313777938058,237.73089565381542,0.0,-100.26887455046867
8,154.76161892910812,-16.843123833763556,11,0.0,0.0,2,120,2100,16.630569962603722,5.375258566253649,0.0,-100.2939772545778
9,81.16215369403227,-42.829390330859276,11,0.0,0.0,2,120,2100,16.045364849720787,13.170723322721301,0.0,-99.99482258758866
10,-87.65153807086577,-82.50494452947119,11,0.0,0.0,2,120,2100,16.116555024279485,67.48883180544996,0.0,-100.03836195172296
11,174.10189517240644,81.56617605673247,11,0.0,0.0,2,120,2100,16.20908146135375,240.8729032127132,0.0,-100.09329985407918
12,106.10906658586282,1.6691019514328076,11,0.0,0.0,2,120,2100,16.28455525278911,328.26272371951575,0.0,-100.12447704050498
13,52.938088522271784,-60.08095332130475,11,0.0,0.0,2,120,2100,15.903827295449341,35.334720297719514,0.0,-99.92139367677633
14,29.830256593765682,-76.10674575889882,11,0.0,0.0,2,120,2100,15.97657158767077,52.98559022336292,0.0,-99.9622386129319
15,-179.22778224866624,16.111469954037204,11,0.0,0.0,2,120,2100,16.71923052574724,237.32861596046843,0.0,-100.36345754285183
16,175.82919640088687,-74.33814736513163,11,0.0,0.0,2,120,2100,16.27999518091677,58.83183009582024,0.0,-100.12530898956281
17,-2.027709284029754,34.18779071896796,11,0.0,0.0,2,120,2100,15.153565307382065,237.01826610309087,0.0,-99.50794216925237
18,110.24588838011982,-52.03286926158843,11,0.0,0.0,2,120,2100,16.247984853822743,23.79033555939253,0.0,-100.10435139847296
19,-148.18752611300593,29.271879485588784,11,0.0,0.0,2,120,2100,16.546244951638865,196.75823785870364,0.0,-100.2717905528196
20,0.5025786994578993,42.240919276635054,11,0.0,0.0,2,120,2100,15.363600918307743,240.55344791073202,0.0,-99.62703630397742
21,-1.2175277353204308,53.34016225712091,11,0.0,0.0,2,120,2100,15.597024040855825,239.09395343550102,0.0,-99.75782580297013
22,173.97021570820027,-88.43005742825233,11,0.0,0.0,2,120,2100,16.13716213574624,59.83504386979189,0.0,-100.0491522055835
23,10.055657483129323,78.52386616553196,11,0.0,0.0,2,120,2100,15.985828815771857,242.03017085598003,0.0,-99.97221991130154
24,5.933286767460686,-55.28072126502135,11,0.0,0.0,2,120,2100,15.636413327464856,55.90298460200927,0.0,-99.77582140457521
25,-71.27830051546954,-97.15867549399726,11,0.0,0.0,2,120,2100,16.145115413631682,53.216471978417644,0.0,-100.05306947325779
26,-78.62686715672683,11.57532221832814,11,0.0,0.0,2,120,2100,15.987842887902476,161.80073048612542,0.0,-99.96964045115743
27,2.851174316056131,-24.343730622698715,11,0.0,0.0,2,120,2100,14.818828309745815,53.72597577951808,0.0,-99.30723762719963
28,-17.120798464571465,63.38198711105349,11,0.0,0.0,2,120,2100,15.789103683795789,231.60747001271676,0.0,-99.86392648205837
29,-181.8194259848012,59.49798689069041,11,0.0,0.0,2,120,2100,16.411679165246298,241.07150486241852,0.0,-100.20183367061293
30,113.75489695159723,-27.78041652710084,11,0.0,0.0,2,120,2100,16.328593371887628,359.9233194166143,0.0,-100.1326522987089
31,181.66710003150132,88.61340073355132,11,0.0,0.0,2,120,2100,16.13524636645012,239.95965279659964,0.0,-100.05336002833074
0,49.49342415955704,-13.344899228961467,11,90.0,180.0,3,240,2100,16.258225857778946,70.50657584044296,0.0,-100.0510784745882
1,29.138013252785413,69.54594655409267,11,90.0,180.0,3,240,2100,14.638335354835112,90.86198674721459,0.0,-99.19714769518589
2,5.775934251015627,-57.15480123188145,11,90.0,180.0,3,240,2100,16.61163900362511,114.22406574898434,0.0,-100.30286431460159
3,-70.3301655290126,-93.51192140384921,11,90.0,180.0,3,240,2100,16.793407221912016,10.330165529012561,0.0,-100.05720681600985
4,-181.63156234597093,-51.30004497800067,11,90.0,180.0,3,240,2100,16.571039511866083,301.6315623459709,0.0,-99.51202814735086
5,-15.398875881908026,-34.91728714216433,11,90.0,180.0,3,240,2100,16.4478057276155,135.398875881908,0.0,-100.21104436613282
6,-96.13897113052796,28.168320842783544,11,90.0,180.0,3,240,2100,15.74456982641658,216.13897113052798,0.0,-99.63273523653078
7,182.132960985287,43.207010765076205,11,90.0,180.0,3,240,2100,15.46588742129168,297.867039014713,0.0,-99.14258927609376
8,154.76161892910812,-16.843123833763556,11,90.0,180.0,3,240,2100,16.291515550606487,325.2383810708919,0.0,-99.26908390619053
9,81.16215369403227,-42.829390330859276,11,90.0,180.0,3,240,2100,16.509219433202926,38.83784630596773,0.0,-100.07033420874822
10,-87.65153807086577,-82.50494452947119,11,90.0,180.0,3,240,2100,16.770579792359253,207.6515380708658,0.0,-100.1630370024416
11,174.10189517240644,81.56617605673247,11,90.0,180.0,3,240,2100,13.752405185888529,305.89810482759356,0.0,-98.48605378967144
12,106.10906658586282,1.6691019514328076,11,90.0,180.0,3,240,2100,16.101243909660653,13.89093341413718,0.0,-99.76265506339243
13,52.938088522271784,-60.08095332130475,11,90.0,180.0,3,240,2100,16.631328737465676,67.06191147772819,0.0,-100.23310032758602
14,29.830256593765682,-76.10674575889882,11,90.0,180.0,3,240,2100,16.73278452279647,90.16974340623432,0.0,-100.33911658907081
15,-179.22778224866624,16.111469954037204,11,90.0,180.0,3,240,2100,15.922711568649454,299.22778224866624,0.0,-99.30074801481322
16,175.82919640088687,-74.33814736513163,11,90.0,180.0,3,240,2100,16.72208007420421,304.1708035991131,0.0,-99.54386215058722
17,-2.027709284029754,34.18779071896796,11,90.0,180.0,3,240,2100,15.642146651011391,122.02770928402975,0.0,-99.7738903559988
18,110.24588838011982,-52.03286926158843,11,90.0,180.0,3,240,2100,16.57621240802051,9.754111619880177,0.0,-99.96015148411867
19,-148.18752611300593,29.271879485588784,11,90.0,180.0,3,240,2100,15.726560849417053,268.1875261130059,0.0,-99.39001651024455
20,0.5025786994578993,42.240919276635054,11,90.0,180.0,3,240,2100,15.486323249442144,119.4974213005421,0.0,-99.68682947926771
21,-1.2175277353204308,53.34016225712091,11,90.0,180.0,3,240,2100,15.221835901729559,121.2175277353204,0.0,-99.53869250019984
22,173.97021570820027,-88.43005742825233,11,90.0,180.0,3,240,2100,16.804350579926833,306.02978429179973,0.0,-99.55656379551395
23,10.055657483129323,78.52386616553196,11,90.0,180.0,3,240,2100,14.060424183226356,109.94434251687068,0.0,-98.87149208165991
24,5.933286767460686,-55.28072126502135,11,90.0,180.0,3,240,2100,16.598821781613314,114.06671323253931,0.0,-100.29616359013626
25,-71.27830051546954,-97.15867549399726,11,90.0,180.0,3,240,2100,16.772527866484108,11.278300515469482,0.0,-100.05373914559156
26,-78.62686715672683,11.57532221832814,11,90.0,180.0,3,240,2100,15.982292600281049,198.6268671567268,0.0,-99.81738034326585
27,2.851174316056131,-24.343730622698715,11,90.0,180.0,3,240,2100,16.359363011601918,117.14882568394387,0.0,-100.17006639208218
28,-17.120798464571465,63.38198711105349,11,90.0,180.0,3,240,2100,14.901742340653943,137.12079846457146,0.0,-99.35396547999032
29,-181.8194259848012,59.49798689069041,11,90.0,180.0,3,240,2100,15.037946819815597,301.8194259848012,0.0,-98.97069233304869
30,113.75489695159723,-27.78041652710084,11,90.0,180.0,3,240,2100,16.38897593054971,6.245103048402768,0.0,-99.85774244934196
31,181.66710003150132,88.61340073355132,11,90.0,180.0,3,240,2100,11.947014497348661,298.3328999684986,0.0,-97.72822407546495
0,52.00233986087804,-12.15187169678282,12,-90.0,-180.0,1,0,2100,15.974913811321692,232.002339860878,0.0,-99.93527297995212
1,30.443810497080932,68.9151259353952,12,-90.0,-180.0,1,0,2100,16.68852415736323,210.44381049708093,0.0,-100.3201442352135
2,5.426982905178761,-57.437446687579836,12,-90.0,-180.0,1,0,2100,15.103317072905787,185.42698290517873,0.0,-99.48483819646823
3,-71.82793634326723,-94.85515048069894,12,-90.0,-180.0,1,0,2100,13.20019578678283,288.1720636567327,0.0,-98.35863456370096
4,-180.84464892103404,-51.62579459156215,12,-90.0,-180.0,1,0,2100,15.267539574103418,359.15535107896596,0.0,-99.35814475421068
5,-15.905481746201247,-37.00943436799141,12,-90.0,-180.0,1,0,2100,15.59026790057299,164.0945182537987,0.0,-99.75315936035156
6,-97.44699074470792,28.923055486558837,12,-90.0,-180.0,1,0,2100,16.398630607253068,82.55300925529207,0.0,-100.07362653583749
7,185.74441426070717,41.08869946389564,12,-90.0,-180.0,1,0,2100,16.496028098032202,5.744414260707174,0.0,-99.89304426324247
8,154.75747959116308,-16.942361852273223,12,-90.0,-180.0,1,0,2100,15.911402656519599,334.7574795911631,0.0,-99.70335412202883
9,82.85526549525355,-43.32275838620116,12,-90.0,-180.0,1,0,2100,15.463410747018148,262.85526549525355,0.0,-99.62890878117426
10,-88.48345937533712,-82.54914276857771,12,-90.0,-180.0,1,0,2100,13.628484136336974,91.51654062466287,0.0,-98.61105888724117
11,174.62739676711863,81.47134717174873,12,-90.0,-180.0,1,0,2100,16.764570073436662,354.62739676711857,0.0,-99.9986269932095
12,105.72995212908194,1.954284410149313,12,-90.0,-180.0,1,0,2100,16.141445482940416,285.7299521290819,0.0,-99.93138627540951
13,56.146511241358496,-59.60827498291273,12,-90.0,-180.0,1,0,2100,15.034324503838024,236.14651124135847,0.0,-99.4252979664675
14,26.484492500155028,-77.19539126605096,12,-90.0,-180.0,1,0,2100,14.169959705304914,206.484492500155,0.0,-98.94300387313999
15,-180.491938256631,16.14561391978995,12,-90.0,-180.0,1,0,2100,16.284965792567167,359.508061743369,0.0,-99.7892262283961
16,175.55829500753993,-74.56609010277049,12,-90.0,-180.0,1,0,2100,14.356721452405901,355.5582950075399,0.0,-98.95225029220194
17,-0.4103021990970035,34.61622426680344,12,-90.0,-180.0,1,0,2100,16.44539272105726,179.58969780090297,0.0,-100.20984349804372
18,110.68726926844931,-54.227569818330224,12,-90.0,-180.0,1,0,2100,15.197331581470419,290.6872692684493,0.0,-99.45144024749048
19,-148.00637965792214,29.31360571967639,12,-90.0,-180.0,1,0,2100,16.401909284443605,31.99362034207786,0.0,-99.93993994225468
20,-4.2875995860625835,43.229708602606365,12,-90.0,-180.0,1,0,2100,16.512228678505277,175.71240041393742,0.0,-100.24367168260875
21,-4.1435203458428305,52.78601868730806,12,-90.0,-180.0,1,0,2100,16.581501039958344,175.85647965415717,0.0,-100.278710360521
22,173.00287011455333,-88.30740398087737,12,-90.0,-180.0,1,0,2100,12.146422603944492,353.0028701145533,0.0,-97.7988944186009
23,11.879223494331882,77.83475479582725,12,-90.0,-180.0,1,0,2100,16.743133786751912,191.87922349433188,0.0,-100.35759660769162
24,2.6937567707586254,-54.94761635610136,12,-90.0,-180.0,1,0,2100,15.176997714690843,182.6937567707586,0.0,-99.5263887452183
25,-70.02291579611948,-97.01925372783677,12,-90.0,-180.0,1,0,2100,13.568812025889494,289.9770842038805,0.0,-98.5751086932542
26,-79.37907510781025,13.572069750665875,12,-90.0,-180.0,1,0,2100,16.260421623494757,100.62092489218975,0.0,-100.04221933796693
27,2.0148799058293605,-22.910418761608824,12,-90.0,-180.0,1,0,2100,15.826182733949816,182.01487990582933,0.0,-99.88368117012294
28,-19.00317727251931,61.18888252406589,12,-90.0,-180.0,1,0,2100,16.63868383246383,160.99682272748066,0.0,-100.3028837668226
29,-182.442967336494,59.46919465854546,12,-90.0,-180.0,1,0,2100,16.62724421618798,357.557032663506,0.0,-99.933697880175
30,110.12797900532081,-24.912378687755208,12,-90.0,-180.0,1,0,2100,15.795888360622218,290.1279790053208,0.0,-99.75313019183717
31,184.29066422939712,89.04738254059723,12,-90.0,-180.0,1,0,2100,16.80780436819961,4.290664229397123,0.0,-100.0113225890982
0,52.00233986087804,-12.15187169678282,12,0.0,0.0,2,120,2100,15.590418981453483,345.28283872076724,0.0,-99.75296997970047
1,30.443810497080932,68.9151259353952,12,0.0,0.0,2,120,2100,15.895871071775195,251.05424072562755,0.0,-99.9233439493164
2,5.426982905178761,-57.437446687579836,12,0.0,0.0,2,120,2100,15.673699274893762,56.543673621403855,0.0,-99.79652397610462
3,-71.82793634326723,-94.85515048069894,12,0.0,0.0,2,120,2100,16.13663004018327,55.38593106918654,0.0,-100.04865052775969
4,-180.84464892103404,-51.62579459156215,12,0.0,0.0,2,120,2100,16.47506498679876,59.331213035957035,0.0,-100.22800453042191
5,-15.905481746201247,-37.00943436799141,12,0.0,0.0,2,120,2100,15.30473795453204,79.97892334087058,0.0,-99.59222822430175
6,-97.44699074470792,28.923055486558837,12,0.0,0.0,2,120,2100,16.18984007545364,179.1289622165425,0.0,-100.0795517913824
7,185.74441426070717,41.08869946389564,12,0.0,0.0,2,120,2100,16.55161918978927,233.452118291455,0.0,-100.27588549805648
8,154.75747959116308,-16.942361852273223,12,0.0,0.0,2,120,2100,16.630200190733262,5.539759142831201,0.0,-100.2938664673917
9,82.85526549525355,-43.32275838620116,12,0.0,0.0,2,120,2100,16.06055046848366,13.545739583673821,0.0,-100.00302292968375
10,-88.48345937533712,-82.54914276857771,12,0.0,0.0,2,120,2100,16.117776375826573,67.44827670101606,0.0,-100.03902249419097
11,174.62739676711863,81.47134717174873,12,0.0,0.0,2,120,2100,16.210118169189784,240.80445486632306,0.0,-100.09386006098244
12,105.72995212908194,1.954284410149313,12,0.0,0.0,2,120,2100,16.280953369500914,327.96974287809843,0.0,-100.12273371006724
13,56.146511241358496,-59.60827498291273,12,0.0,0.0,2,120,2100,15.919216012590562,34.030695673277705,0.0,-99.92964418665382
14,26.484492500155028,-77.19539126605096,12,0.0,0.0,2,120,2100,15.983996774994562,54.2124738287805,0.0,-99.96632519687172
15,-180.491938256631,16.14561391978995,12,0.0,0.0,2,120,2100,16.71908752680979,241.6987626491748,0.0,-100.36315444583329
16,175.55829500753993,-74.56609010277049,12,0.0,0.0,2,120,2100,16.277787588731996,58.775136450834,0.0,-100.12413004667685
17,-0.4103021990970035,34.61622426680344,12,0.0,0.0,2,120,2100,15.164538060601616,239.4056196786757,0.0,-99.51405845805438
18,110.68726926844931,-54.227569818330224,12,0.0,0.0,2,120,2100,16.24432063408756,26.01860906108243,0.0,-100.102810829489
19,-148.00637965792214,29.31360571967639,12,0.0,0.0,2,120,2100,16.545156174986133,196.6618078323823,0.0,-100.27120526202515
20,-4.2875995860625835,43.229708602606365,12,0.0,0.0,2,120,2100,15.390613933072023,235.4527390619972,0.0,-99.64236465181922
21,-4.1435203458428305,52.78601868730806,12,0.0,0.0,2,120,2100,15.588551018523916,236.8591948124024,0.0,-99.75308494753509
22,173.00287011455333,-88.30740398087737,12,0.0,0.0,2,120,2100,16.138458042549377,59.7937494792493,0.0,-100.0498503738883
23,11.879223494331882,77.83475479582725,12,0.0,0.0,2,120,2100,15.97813307526841,242.54086301652114,0.0,-99.96804344341828
24,2.6937567707586254,-54.94761635610136,12,0.0,0.0,2,120,2100,15.627342122944674,58.11151885664776,0.0,-99.77094467806289
25,-70.02291579611948,-97.01925372783677,12,0.0,0.0,2,120,2100,16.146202874699693,53.39925477869406,0.0,-100.05366103502503
26,-79.37907510781025,13.572069750665875,12,0.0,0.0,2,120,2100,15.998159484438965,163.799667664941,0.0,-99.97527178472974
27,2.0148799058293605,-22.910418761608824,12,0.0,0.0,2,120,2100,14.755391574802596,55.24446289429329,0.0,-99.26992115840488
28,-19.00317727251931,61.18888252406589,12,0.0,0.0,2,120,2100,15.761583279610905,229.84633068374706,0.0,-99.8487068310784
29,-182.442967336494,59.46919465854546,12,0.0,0.0,2,120,2100,16.411804487881643,241.44004769303518,0.0,-100.20190056098943
30,110.12797900532081,-24.912378687755208,12,0.0,0.0,2,120,2100,16.304003823509703,356.3196571006505,0.0,-100.12262710352967
31,184.29066422939712,89.04738254059723,12,0.0,0.0,2,120,2100,16.13046326511884,239.9287222079662,0.0,-100.05077429721383
0,52.00233986087804,-12.15187169678282,12,90.0,180.0,3,240,2100,16.246614572342924,67.99766013912193,0.0,-100.0384081792628
1,30.443810497080932,68.9151259353952,12,90.0,180.0,3,240,2100,14.66871018076678,89.55618950291904,0.0,-99.21316127380173
2,5.426982905178761,-57.437446687579836,12,90.0,180.0,3,240,2100,16.61355789678802,114.57301709482124,0.0,-100.30397065214537
3,-71.82793634326723,-94.85515048069894,12,90.0,180.0,3,240,2100,16.785767234672857,11.827936343267197,0.0,-100.06244826709705
4,-180.84464892103404,-51.62579459156215,12,90.0,180.0,3,240,2100,16.573342233577982,300.84464892103404,0.0,-99.51808367679523
5,-15.905481746201247,-37.00943436799141,12,90.0,180.0,3,240,2100,16.464415281074896,135.90548174620125,0.0,-100.2194076307462
6,-97.44699074470792,28.923055486558837,12,90.0,180.0,3,240,2100,15.732288442126016,217.44699074470793,0.0,-99.62161624083258
7,185.74441426070717,41.08869946389564,12,90.0,180.0,3,240,2100,15.51016248853818,294.25558573929277,0.0,-99.17625470281438
8,154.75747959116308,-16.942361852273223,12,90.0,180.0,3,240,2100,16.292443939332028,325.2425204088369,0.0,-99.26934279322089
9,82.85526549525355,-43.32275838620116,12,90.0,180.0,3,240,2100,16.512926850855013,37.14473450474645,0.0,-100.06487634428409
10,-88.48345937533712,-82.54914276857771,12,90.0,180.0,3,240,2100,16.770835973860496,208.48345937533713,0.0,-100.15914156165674
11,174.62739676711863,81.47134717174873,12,90.0,180.0,3,240,2100,13.763586309229893,305.3726032328814,0.0,-98.49123962049822
12,105.72995212908194,1.954284410149313,12,90.0,180.0,3,240,2100,16.09801011723992,14.270047870918063,0.0,-99.76289069104115
13,56.146511241358496,-59.60827498291273,12,90.0,180.0,3,240,2100,16.628174278396976,63.853488758641504,0.0,-100.22164963288017
14,26.484492500155028,-77.19539126605096,12,90.0,180.0,3,240,2100,16.739317030085846,93.51550749984494,0.0,-100.34799156008013
15,-180.491938256631,16.14561391978995,12,90.0,180.0,3,240,2100,15.92224936087525,300.49193825663093,0.0,-99.29349917796331
16,175.55829500753993,-74.56609010277049,12,90.0,180.0,3,240,2100,16.72346614793458,304.4417049924601,0.0,-99.54241703509356
17,-0.4103021990970035,34.61622426680344,12,90.0,180.0,3,240,2100,15.63444069654463,120.41030219909698,0.0,-99.76966726131616
18,110.68726926844931,-54.227569818330224,12,90.0,180.0,3,240,2100,16.591546300673585,9.312730731550687,0.0,-99.96451211253618
19,-148.00637965792214,29.31360571967639,12,90.0,180.0,3,240,2100,15.725873514305162,268.00637965792214,0.0,-99.3906354120515
20,-4.2875995860625835,43.229708602606365,12,90.0,180.0,3,240,2100,15.465402234507643,124.28759958606258,0.0,-99.67474673614792
21,-4.1435203458428305,52.78601868730806,12,90.0,180.0,3,240,2100,15.236838614085189,124.14352034584283,0.0,-99.54680901311242
22,173.00287011455333,-88.30740398087737,12,90.0,180.0,3,240,2100,16.803662940083534,306.9971298854466,0.0,-99.54947271794816
23,11.879223494331882,77.83475479582725,12,90.0,180.0,3,240,2100,14.118737711277374,108.12077650566812,0.0,-98.9057460718636
24,2.6937567707586254,-54.94761635610136,12,90.0,180.0,3,240,2100,16.59652631289861,117.30624322924137,0.0,-100.29578537236536
25,-70.02291579611948,-97.01925372783677,12,90.0,180.0,3,240,2100,16.77333418729618,10.022915796119435,0.0,-100.04699190236296
26,-79.37907510781025,13.572069750665875,12,90.0,180.0,3,240,2100,15.956502166367317,199.37907510781025,0.0,-99.80155385098055
27,2.0148799058293605,-22.910418761608824,12,90.0,180.0,3,240,2100,16.3467486698395,117.98512009417061,0.0,-100.16337274655908
28,-19.00317727251931,61.18888252406589,12,90.0,180.0,3,240,2100,14.980915488204996,139.00317727251934,0.0,-99.39726939220431
29,-182.442967336494,59.46919465854546,12,90.0,180.0,3,240,2100,15.038890319609184,302.442967336494,0.0,-98.96850696245261
30,110.12797900532081,-24.912378687755208,12,90.0,180.0,3,240,2100,16.364323831955996,9.87202099467919,0.0,-99.86545141743721
31,184.29066422939712,89.04738254059723,12,90.0,180.0,3,240,2100,11.571621407637684,295.7093357706028,0.0,-97.54906514896297
0,51.30118081926716,-13.826423936326222,13,-90.0,-180.0,1,0,2100,15.953168589951108,231.30118081926716,0.0,-99.92459730368499
1,30.876495439758088,68.9359393580448,13,-90.0,-180.0,1,0,2100,16.6886551207217,210.8764954397581,0.0,-100.3198598421982
2,4.953572740884198,-58.13561347263849,13,-90.0,-180.0,1,0,2100,15.081643098545081,184.95357274088417,0.0,-99.47265304958137
3,-70.58156826089258,-95.74658382608624,13,-90.0,-180.0,1,0,2100,13.36876096455796,289.4184317391074,0.0,-98.45887945553443
4,-180.94310485191286,-51.983025998990854,13,-90.0,-180.0,1,0,2100,15.25818682080894,359.0568951480871,0.0,-99.35426534179668
5,-16.652542178272228,-37.97945941476301,13,-90.0,-180.0,1,0,2100,15.571792664809916,163.34745782172774,0.0,-99.74284099838573
6,-97.25686408461786,28.954795350126403,13,-90.0,-180.0,1,0,2100,16.398897465737345,82.74313591538214,0.0,-100.07417344548233
7,185.73286929999335,40.88907142658147,13,-90.0,-180.0,1,0,2100,16.49450409039153,5.732869299993354,0.0,-99.89237338741147
8,154.56453538048095,-16.700487504590626,13,-90.0,-180.0,1,0,2100,15.914707920896907,334.56453538048095,0.0,-99.70532299675023
9,83.48864363886884,-42.65584146386752,13,-90.0,-180.0,1,0,2100,15.477597474279776,263.4886436388688,0.0,-99.63547169691225
10,-87.89113324605817,-82.17892634004923,13,-90.0,-180.0,1,0,2100,13.676976830675493,92.10886675394187,0.0,-98.63967319985879
11,171.1586993570648,81.4744736795694,13,-90.0,-180.0,1,0,2100,16.76458830668207,351.1586993570648,0.0,-100.01170177978528
12,105.36420522691503,1.7892400316178936,13,-90.0,-180.0,1,0,2100,16.139649017924498,285.36420522691503,0.0,-99.93133523050933
13,56.06143555126832,-59.41880260802516,13,-90.0,-180.0,1,0,2100,15.040539489817089,236.0614355512683,0.0,-99.42879818819442
14,24.446402918992163,-79.39596499084399,13,-90.0,-180.0,1,0,2100,13.981389277359998,204.44640291899213,0.0,-98.8304206997191
15,-182.6205407748836,16.053943246297422,13,-90.0,-180.0,1,0,2100,16.28410178820582,357.37945922511636,0.0,-99.79592040244884
16,174.938130395654,-72.62504627800325,13,-90.0,-180.0,1,0,2100,14.475184085269964,354.938130395654,0.0,-99.00809341300362
17,-0.4123974360362297,34.617080842872355,13,-90.0,-180.0,1,0,2100,16.445399594745403,179.58760256396374,0.0,-100.20983620591512
18,114.05342724157873,-52.925965913017365,13,-90.0,-180.0,1,0,2100,15.233070917326499,294.0534272415787,0.0,-99.46447128129468
19,-147.80512096694875,29.528433267983843,13,-90.0,-180.0,1,0,2100,16.403708193806388,32.19487903305122,0.0,-99.94135461520266
20,-7.436306132897386,44.56014558858084,13,-90.0,-180.0,1,0,2100,16.52216518522877,172.56369386710264,0.0,-100.24825843149675
21,-2.0659018266241844,51.583466919181575,13,-90.0,-180.0,1,0,2100,16.573043319130164,177.9340981733758,0.0,-100.27460489212046
22,173.23543578507798,-88.32603176166106,13,-90.0,-180.0,1,0,2100,12.13535620505735,353.235435785078,0.0,-97.79284559792906
23,11.078978156519867,78.25148863687414,13,-90.0,-180.0,1,0,2100,16.745613709929305,191.07897815651987,0.0,-100.35906961766837
24,2.58344899912467,-54.12818090735218,13,-90.0,-180.0,1,0,2100,15.200106094451378,182.58344899912464,0.0,-99.53931768922213
25,-69.09493769253793,-97.0543706198163,13,-90.0,-180.0,1,0,2100,13.573802484518056,290.905062307462,0.0,-98.57795991553591
26,-78.09533557382677,13.491518920236956,13,-90.0,-180.0,1,0,2100,16.25964359363427,101.90466442617321,0.0,-100.04408612288795
27,1.370429086189091,-22.430738344378497,13,-90.0,-180.0,1,0,2100,15.83330714363367,181.37042908618906,0.0,-99.88753870615116
28,-18.79435587729091,60.82699708094427,13,-90.0,-180.0,1,0,2100,16.63628736513065,161.20564412270915,0.0,-100.30178994753294
29,-185.29514351520228,60.14186696557056,13,-90.0,-180.0,1,0,2100,16.631734527014906,354.7048564847977,0.0,-99.94593407196204
30,107.16670382046067,-23.70441958373671,13,-90.0,-180.0,1,0,2100,15.814277210368662,287.16670382046067,0.0,-99.76804259481959
31,185.28215777333264,89.17473845794873,13,-90.0,-180.0,1,0,2100,16.808515412598403,5.282157773332585,0.0,-100.01541711930584
0,51.30118081926716,-13.826423936326222,13,0.0,0.0,2,120,2100,15.58323437370145,347.5026574614368,0.0,-99.74886667316652
1,30.876495439758088,68.9359393580448,13,0.0,0.0,2,120,2100,15.897274180960954,251.18060016597792,0.0,-99.92412154994332
2,4.953572740884198,-58.13561347263849,13,0.0,0.0,2,120,2100,15.68521626093999,56.92772509283441,0.0,-99.80292036835826
3,-70.58156826089258,-95.74658382608624,13,0.0,0.0,2,120,2100,16.140938601322446,54.57830024516011,0.0,-100.05091434893966
4,-180.94310485191286,-51.983025998990854,13,0.0,0.0,2,120,2100,16.47226937726736,59.26278966613086,0.0,-100.22653503246299
5,-16.652542178272228,-37.97945941476301,13,0.0,0.0,2,120,2100,15.332737819780512,80.1561803867161,0.0,-99.60800808218498
6,-97.25686408461786,28.954795350126403,13,0.0,0.0,2,120,2100,16.18809744912057,179.15040766026152,0.0,-100.07861741643553
7,185.73286929999335,40.88907142658147,13,0.0,0.0,2,120,2100,16.553051571763053,233.41937433074094,0.0,-100.27663592446794
8,154.56453538048095,-16.700487504590626,13,0.0,0.0,2,120,2100,16.629990306909775,4.936267962877935,0.0,-100.2935048412937
9,83.48864363886884,-42.65584146386752,13,0.0,0.0,2,120,2100,16.065343763065627,12.840663457628352,0.0,-100.00545188648073
10,-87.89113324605817,-82.17892634004923,13,0.0,0.0,2,120,2100,16.116770619438523,67.81584202442065,0.0,-100.03849155182745
11,171.1586993570648,81.4744736795694,13,0.0,0.0,2,120,2100,16.209433365313778,241.3198813399614,0.0,-100.09349843488444
12,105.36420522691503,1.7892400316178936,13,0.0,0.0,2,120,2100,16.277504043463363,328.1444900196812,0.0,-100.12092348925297
13,56.06143555126832,-59.41880260802516,13,0.0,0.0,2,120,2100,15.917417730055858,33.88228646241839,0.0,-99.92864919230325
14,24.446402918992163,-79.39596499084399,13,0.0,0.0,2,120,2100,16.00662287108724,55.56965630227705,0.0,-99.97864138744637
15,-182.6205407748836,16.053943246297422,13,0.0,0.0,2,120,2100,16.71842843282617,249.02790761031434,0.0,-100.36228278061441
16,174.938130395654,-72.62504627800325,13,0.0,0.0,2,120,2100,16.29582962085764,58.41859719177785,0.0,-100.13367237695066
17,-0.4123974360362297,34.617080842872355,13,0.0,0.0,2,120,2100,15.164563431156612,239.40260380787214,0.0,-99.51406681935144
18,114.05342724157873,-52.925965913017365,13,0.0,0.0,2,120,2100,16.266696208488245,25.395429269200235,0.0,-100.11446856791989
19,-147.80512096694875,29.528433267983843,13,0.0,0.0,2,120,2100,16.543189852491356,196.7522365692293,0.0,-100.27015800956794
20,-7.436306132897386,44.56014558858084,13,0.0,0.0,2,120,2100,15.427869277511748,232.5127274059381,0.0,-99.66333060420614
21,-2.0659018266241844,51.583466919181575,13,0.0,0.0,2,120,2100,15.563927498667347,238.36241658638193,0.0,-99.73938705262069
22,173.23543578507798,-88.32603176166106,13,0.0,0.0,2,120,2100,16.138265237495062,59.802768231103414,0.0,-100.04974167702649
23,11.078978156519867,78.25148863687414,13,0.0,0.0,2,120,2100,15.982914626914827,242.28858086469558,0.0,-99.97063962615653
24,2.58344899912467,-54.12818090735218,13,0.0,0.0,2,120,2100,15.612286428040267,58.13312452008188,0.0,-99.76258129067504
25,-69.09493769253793,-97.0543706198163,13,0.0,0.0,2,120,2100,16.147487912988215,53.40576603017098,0.0,-100.05435711300558
26,-78.09533557382677,13.491518920236956,13,0.0,0.0,2,120,2100,15.982340818594313,163.77688531919523,0.0,-99.96670563588812
27,1.370429086189091,-22.430738344378497,13,0.0,0.0,2,120,2100,14.732353401358681,56.68416946812238,0.0,-99.2565660766701
28,-18.79435587729091,60.82699708094427,13,0.0,0.0,2,120,2100,15.755620779997185,229.80396685038704,0.0,-99.84541666068388
29,-185.29514351520228,60.14186696557056,13,0.0,0.0,2,120,2100,16.405291811238765,243.0325360185471,0.0,-100.1984577969235
30,107.16670382046067,-23.70441958373671,13,0.0,0.0,2,120,2100,16.28056220619336,354.6803663179905,0.0,-100.11194554653095
31,185.28215777333264,89.17473845794873,13,0.0,0.0,2,120,2100,16.129052807967902,239.9240207928102,0.0,-100.05000714820825
0,51.30118081926716,-13.826423936326222,13,90.0,180.0,3,240,2100,16.262874431001954,68.69881918073281,0.0,-100.04881725818245
1,30.876495439758088,68.9359393580448,13,90.0,180.0,3,240,2100,14.667722567883354,89.12350456024188,0.0,-99.2122228083167
2,4.953572740884198,-58.13561347263849,13,90.0,180.0,3,240,2100,16.618282062384846,115.04642725911577,0.0,-100.30655952244891
3,-70.58156826089258,-95.74658382608624,13,90.0,180.0,3,240,2100,16.780664546300898,10.581568260892539,0.0,-100.05325676624203
4,-180.94310485191286,-51.983025998990854,13,90.0,180.0,3,240,2100,16.575861418792172,300.94310485191284,0.0,-99.51826772929337
5,-16.652542178272228,-37.97945941476301,13,90.0,180.0,3,240,2100,16.472023688197407,136.6525421782722,0.0,-100.22275293659156
6,-97.25686408461786,28.954795350126403,13,90.0,180.0,3,240,2100,15.731768636999261,217.25686408461786,0.0,-99.62210772167927
7,185.73286929999335,40.88907142658147,13,90.0,180.0,3,240,2100,15.51423561110495,294.26713070000665,0.0,-99.17770487469534
8,154.56453538048095,-16.700487504590626,13,90.0,180.0,3,240,2100,16.290179651700488,325.43546461951905,0.0,-99.26744462542412
9,83.48864363886884,-42.65584146386752,13,90.0,180.0,3,240,2100,16.507912024283833,36.51135636113116,0.0,-100.05973197583327
10,-87.89113324605817,-82.17892634004923,13,90.0,180.0,3,240,2100,16.768688097985347,207.8911332460582,0.0,-100.16103366178874
11,171.1586993570648,81.4744736795694,13,90.0,180.0,3,240,2100,13.763219653698169,308.8413006429352,0.0,-98.48518206849893
12,105.36420522691503,1.7892400316178936,13,90.0,180.0,3,240,2100,16.09988289280091,14.635794773084967,0.0,-99.76546944857007
13,56.06143555126832,-59.41880260802516,13,90.0,180.0,3,240,2100,16.626907019322065,63.938564448731654,0.0,-100.22129568576835
14,24.446402918992163,-79.39596499084399,13,90.0,180.0,3,240,2100,16.752392855833193,95.55359708100781,0.0,-100.35760880874679
15,-182.6205407748836,16.053943246297422,13,90.0,180.0,3,240,2100,15.923489826361637,302.6205407748836,0.0,-99.28199893066181
16,174.938130395654,-72.62504627800325,13,90.0,180.0,3,240,2100,16.711601116924818,305.061869604346,0.0,-99.53432074773023
17,-0.4123974360362297,34.617080842872355,13,90.0,180.0,3,240,2100,15.634425230236262,120.4123974360362,0.0,-99.76966321620631
18,114.05342724157873,-52.925965913017365,13,90.0,180.0,3,240,2100,16.58248067844496,5.946572758421269,0.0,-99.94199197472778
19,-147.80512096694875,29.528433267983843,13,90.0,180.0,3,240,2100,15.722327272031157,267.8051209669487,0.0,-99.39017022441882
20,-7.436306132897386,44.56014558858084,13,90.0,180.0,3,240,2100,15.436543608412721,127.43630613289736,0.0,-99.65784121081033
21,-2.0659018266241844,51.583466919181575,13,90.0,180.0,3,240,2100,15.268641990035258,122.06590182662416,0.0,-99.56487346242183
22,173.23543578507798,-88.32603176166106,13,90.0,180.0,3,240,2100,16.803767404656934,306.76456421492196,0.0,-99.55115952875532
23,11.078978156519867,78.25148863687414,13,90.0,180.0,3,240,2100,14.083881144973352,108.92102184348016,0.0,-98.88524039876015
24,2.58344899912467,-54.12818090735218,13,90.0,180.0,3,240,2100,16.590856951434173,117.4165510008753,0.0,-100.29286176922179
25,-69.09493769253793,-97.0543706198163,13,90.0,180.0,3,240,2100,16.77313115628873,9.094937692537883,0.0,-100.04162100776058
26,-78.09533557382677,13.491518920236956,13,90.0,180.0,3,240,2100,15.957555556174421,198.09533557382673,0.0,-99.80663450895125
27,1.370429086189091,-22.430738344378497,13,90.0,180.0,3,240,2100,16.342491293071994,118.62957091381088,0.0,-100.16113580081243
28,-18.79435587729091,60.82699708094427,13,90.0,180.0,3,240,2100,14.993397872253961,138.7943558772909,0.0,-99.40439687575874
29,-185.29514351520228,60.14186696557056,13,90.0,180.0,3,240,2100,15.016611407339647,305.2951435152022,0.0,-98.94909700847958
30,107.16670382046067,-23.70441958373671,13,90.0,180.0,3,240,2100,16.353756189859922,12.833296179539332,0.0,-99.87564913936724
31,185.28215777333264,89.17473845794873,13,90.0,180.0,3,240,2100,11.428109803288102,294.71784222666736,0.0,-97.47781256152285
0,51.237104345047385,-14.008231851445103,14,-90.0,-180.0,1,0,2100,15.950778979082646,231.23710434504738,0.0,-99.92342327098075
1,33.01224226963487,68.2477232607676,14,-90.0,-180.0,1,0,2100,16.684315570994364,213.01224226963487,0.0,-100.3159075084982
2,3.3771044342445293,-60.40869694281525,14,-90.0,-180.0,1,0,2100,15.00763464638252,183.3771044342445,0.0,-99.43099311890235
3,-74.17541766493552,-95.37971107938391,14,-90.0,-180.0,1,0,2100,13.302790180128504,285.8245823350644,0.0,-98.41922486021979
4,-180.60987777133437,-53.97023650335141,14,-90.0,-180.0,1,0,2100,15.204499450282903,359.39012222866563,0.0,-99.32997526143753
5,-17.703531584598494,-38.367835690119314,14,-90.0,-180.0,1,0,2100,15.564298831900295,162.29646841540148,0.0,-99.73842926058408
6,-96.24086863020999,28.921476546429233,14,-90.0,-180.0,1,0,2100,16.398617330176677,83.75913136979,0.0,-100.07629545490428
7,185.5843985336707,41.6871630380096,14,-90.0,-180.0,1,0,2100,16.50058304126189,5.584398533670708,0.0,-99.89432038574708
8,154.6999494571375,-16.563910747961586,14,-90.0,-180.0,1,0,2100,15.91656945658041,334.6999494571375,0.0,-99.70581886149488
9,81.87795434739655,-42.855202025826095,14,-90.0,-180.0,1,0,2100,15.473377704536523,261.87795434739655,0.0,-99.63542794414066
10,-86.07602650639083,-81.46186804522613,14,-90.0,-180.0,1,0,2100,13.764697135626202,93.9239734936092,0.0,-98.69132334671676
11,170.38061773685723,81.48561657350987,14,-90.0,-180.0,1,0,2100,16.76465328738203,350.38061773685723,0.0,-100.01462592335298
12,103.30156306584036,1.2748178507564347,14,-90.0,-180.0,1,0,2100,16.13402887063429,283.30156306584036,0.0,-99.9330561728584
13,54.274271126783646,-58.307346307684675,14,-90.0,-180.0,1,0,2100,15.076239033036494,234.27427112678362,0.0,-99.44979222642738
14,24.181885744844436,-80.79481001018334,14,-90.0,-180.0,1,0,2100,13.839922270490703,204.1818857448444,0.0,-98.74458505399483
15,-183.85443746841682,15.532281921929808,14,-90.0,-180.0,1,0,2100,16.279170821299555,356.14556253158315,0.0,-99.79798407484202
16,176.0291042224489,-70.66076841473419,14,-90.0,-180.0,1,0,2100,14.582290062138101,356.0291042224489,0.0,-99.05617770897727
17,0.8469210922018249,34.63502148994206,14,-90.0,-180.0,1,0,2100,16.44554355056876,180.8469210922018,0.0,-100.2099091272011
18,114.92293197380081,-51.25642398397218,14,-90.0,-180.0,1,0,2100,15.277119033972433,294.9229319738008,0.0,-99.48539239824167
19,-146.13840950249528,29.559978048419566,14,-90.0,-180.0,1,0,2100,16.403972069232843,33.86159049750472,0.0,-99.94656848715006
20,-11.432847134132828,44.279567004659754,14,-90.0,-180.0,1,0,2100,16.520077854719926,168.56715286586723,0.0,-100.24620934336077
21,-5.681739623883857,51.50044911668488,14,-90.0,-180.0,1,0,2100,16.572456794817725,174.3182603761161,0.0,-100.27395589267527
22,172.80817633415234,-88.2451670928775,14,-90.0,-180.0,1,0,2100,12.18253260216251,352.80817633415234,0.0,-97.81971709181181
23,11.887416134876247,81.33388484293596,14,-90.0,-180.0,1,0,2100,16.763768088425127,191.88741613487625,0.0,-100.36772537431392
24,2.619472896615491,-53.96769666418535,14,-90.0,-180.0,1,0,2100,15.204569940587874,182.6194728966155,0.0,-99.54181888933117
25,-68.47964394414477,-97.35193404448675,14,-90.0,-180.0,1,0,2100,13.615118476082154,291.5203560558552,0.0,-98.60152807516388
26,-80.39524642763679,13.013872751169131,14,-90.0,-180.0,1,0,2100,16.25501759355318,99.60475357236322,0.0,-100.0377346788793
27,1.9645229978556813,-20.322127681506117,14,-90.0,-180.0,1,0,2100,15.86403676624861,181.96452299785565,0.0,-99.9040626695537
28,-18.158911630869795,60.242467432881085,14,-90.0,-180.0,1,0,2100,16.6324043386764,161.84108836913015,0.0,-100.30014921859843
29,-185.82307303752995,60.31726361174037,14,-90.0,-180.0,1,0,2100,16.632902051232048,354.17692696247,0.0,-99.94833318227072
30,104.88301508879482,-22.285588280154315,14,-90.0,-180.0,1,0,2100,15.835453006427366,284.88301508879476,0.0,-99.78300604270221
31,184.85082454775852,89.0529409434813,14,-90.0,-180.0,1,0,2100,16.807835412028624,4.850824547758521,0.0,-100.01348105916314
0,51.237104345047385,-14.008231851445103,14,0.0,0.0,2,120,2100,15.58272811195639,347.74218304176645,0.0,-99.74857611809355
1,33.01224226963487,68.2477232607676,14,0.0,0.0,2,120,2100,15.89535728298355,252.26445753896286,0.0,-99.92311192332289
2,3.3771044342445293,-60.40869694281525,14,0.0,0.0,2,120,2100,15.722221707409481,58.08404036511297,0.0,-99.82341808810962
3,-74.17541766493552,-95.37971107938391,14,0.0,0.0,2,120,2100,16.13611048679663,54.823044639024715,0.0,-100.0483432500926
4,-180.60987777133437,-53.97023650335141,14,0.0,0.0,2,120,2100,16.456653276651515,59.55643086945213,0.0,-100.21841203236573
5,-17.703531584598494,-38.367835690119314,14,0.0,0.0,2,120,2100,15.350089447137295,81.0123371327036,0.0,-99.61783678688322
6,-96.24086863020999,28.921476546429233,14,0.0,0.0,2,120,2100,16.178861173151994,179.06586344569894,0.0,-100.07362154144006
7,185.5843985336707,41.6871630380096,14,0.0,0.0,2,120,2100,16.54746845111222,233.76404419989154,0.0,-100.2736969285501
8,154.6999494571375,-16.563910747961586,14,0.0,0.0,2,120,2100,16.631201617995266,4.836615667310525,0.0,-100.29404623527857
9,81.87795434739655,-42.855202025826095,14,0.0,0.0,2,120,2100,16.05162758374281,13.143304030793615,0.0,-99.99817755803541
10,-86.07602650639083,-81.46186804522613,14,0.0,0.0,2,120,2100,16.113474405950676,68.51841027920167,0.0,-100.03673776976835
11,170.38061773685723,81.48561657350987,14,0.0,0.0,2,120,2100,16.20913169822387,241.43304047606296,0.0,-100.09334166056449
12,103.30156306584036,1.2748178507564347,14,0.0,0.0,2,120,2100,16.25777397784653,328.69005138609504,0.0,-100.11067671970156
13,54.274271126783646,-58.307346307684675,14,0.0,0.0,2,120,2100,15.898704184029867,33.377803706699865,0.0,-99.9184045130761
14,24.181885744844436,-80.79481001018334,14,0.0,0.0,2,120,2100,16.022089598185854,56.202025761269624,0.0,-99.9870298587254
15,-183.85443746841682,15.532281921929808,14,0.0,0.0,2,120,2100,16.72006937570806,253.59673067815572,0.0,-100.36268621319772
16,176.0291042224489,-70.66076841473419,14,0.0,0.0,2,120,2100,16.314167649580185,58.60774842515093,0.0,-100.14339447511132
17,0.8469210922018249,34.63502148994206,14,0.0,0.0,2,120,2100,15.165281015870523,241.22584625748578,0.0,-99.51436991637
18,114.92293197380081,-51.25642398397218,14,0.0,0.0,2,120,2100,16.27688470591103,23.957467570720155,0.0,-100.11955641718308
19,-146.13840950249528,29.559978048419566,14,0.0,0.0,2,120,2100,16.534608111290307,195.50789439397113,0.0,-100.2655258509947
20,-11.432847134132828,44.279567004659754,14,0.0,0.0,2,120,2100,15.43640516356691,228.51014989997168,0.0,-99.66815716293608
21,-5.681739623883857,51.50044911668488,14,0.0,0.0,2,120,2100,15.566075940460042,235.4973086865774,0.0,-99.74055345356105
22,172.80817633415234,-88.2451670928775,14,0.0,0.0,2,120,2100,16.139123574315832,59.78024192483008,0.0,-100.05020363868924
23,11.887416134876247,81.33388484293596,14,0.0,0.0,2,120,2100,16.02101608109639,241.79827469205236,0.0,-99.99139445579259
24,2.619472896615491,-53.96769666418535,14,0.0,0.0,2,120,2100,15.609346056668072,58.095949113748475,0.0,-99.76094874742338
25,-68.47964394414477,-97.35193404448675,14,0.0,0.0,2,120,2100,16.149420106465033,53.15554793423075,0.0,-100.05536882995027
26,-80.39524642763679,13.013872751169131,14,0.0,0.0,2,120,2100,16.01020065680983,163.19246474829237,0.0,-99.98177896416948
27,1.9645229978556813,-20.322127681506117,14,0.0,0.0,2,120,2100,14.636319548123168,54.71160941358232,0.0,-99.19850313953636
28,-18.158911630869795,60.242467432881085,14,0.0,0.0,2,120,2100,15.745044896859792,229.89711611137056,0.0,-99.83959092695484
29,-185.82307303752995,60.31726361174037,14,0.0,0.0,2,120,2100,16.403590441803065,243.30970016725735,0.0,-100.1975568671649
30,104.88301508879482,-22.285588280154315,14,0.0,0.0,2,120,2100,16.262124050977704,352.9799755313844,0.0,-100.1036385978983
31,184.85082454775852,89.0529409434813,14,0.0,0.0,2,120,2100,16.13039420566164,239.91990778195168,0.0,-100.05073667137705
0,51.237104345047385,-14.008231851445103,14,90.0,180.0,3,240,2100,16.26462397508148,68.76289565495262,0.0,-100.04990741528684
1,33.01224226963487,68.2477232607676,14,90.0,180.0,3,240,2100,14.699872682984452,86.9877577303651,0.0,-99.2283011086901
2,3.3771044342445293,-60.40869694281525,14,90.0,180.0,3,240,2100,16.633510135271493,116.62289556575547,0.0,-100.31481356909636
3,-74.17541766493552,-95.37971107938391,14,90.0,180.0,3,240,2100,16.78276773067786,14.175417664935509,0.0,-100.07427616829635
4,-180.60987777133437,-53.97023650335141,14,90.0,180.0,3,240,2100,16.58976048994442,300.60987777133437,0.0,-99.52515149497938
5,-17.703531584598494,-38.367835690119314,14,90.0,180.0,3,240,2100,16.47505376928432,137.70353158459847,0.0,-100.22333644368732
6,-96.24086863020999,28.921476546429233,14,90.0,180.0,3,240,2100,15.732314293443583,216.24086863021,0.0,-99.62631059081266
7,185.5843985336707,41.6871630380096,14,90.0,180.0,3,240,2100,15.497851327179882,294.41560146632924,0.0,-99.1709262818654
8,154.6999494571375,-16.563910747961586,14,90.0,180.0,3,240,2100,16.288898830664127,325.3000505428625,0.0,-99.2678986890047
9,81.87795434739655,-42.855202025826095,14,90.0,180.0,3,240,2100,16.509413736478653,38.12204565260345,0.0,-100.06738228983572
10,-86.07602650639083,-81.46186804522613,14,90.0,180.0,3,240,2100,16.764514790800817,206.0760265063908,0.0,-100.16779910801165
11,170.38061773685723,81.48561657350987,14,90.0,180.0,3,240,2100,13.761911796562122,309.61938226314277,0.0,-98.48335873523438
12,103.30156306584036,1.2748178507564347,14,90.0,180.0,3,240,2100,16.105697693026737,16.698436934159645,0.0,-99.77772208630353
13,54.274271126783646,-58.307346307684675,14,90.0,180.0,3,240,2100,16.619440685574794,65.72572887321633,0.0,-100.22315036863425
14,24.181885744844436,-80.79481001018334,14,90.0,180.0,3,240,2100,16.76061678741665,95.81811425515554,0.0,-100.36208371151756
15,-183.85443746841682,15.532281921929808,14,90.0,180.0,3,240,2100,15.930519678006206,303.8544374684168,0.0,-99.27753414066568
16,176.0291042224489,-70.66076841473419,14,90.0,180.0,3,240,2100,16.699449009795746,303.9708957775511,0.0,-99.53802606835217
17,0.8469210922018249,34.63502148994206,14,90.0,180.0,3,240,2100,15.634101239538579,119.15307890779815,0.0,-99.76946905093354
18,114.92293197380081,-51.25642398397218,14,90.0,180.0,3,240,2100,16.570730752404575,5.077068026199186,0.0,-99.9320319030014
19,-146.13840950249528,29.559978048419566,14,90.0,180.0,3,240,2100,15.721805489515393,266.1384095024953,0.0,-99.39823212834844
20,-11.432847134132828,44.279567004659754,14,90.0,180.0,3,240,2100,15.442699346236799,131.43284713413283,0.0,-99.65974140116202
21,-5.681739623883857,51.50044911668488,14,90.0,180.0,3,240,2100,15.270800649474575,125.68173962388386,0.0,-99.56554495065681
22,172.80817633415234,-88.2451670928775,14,90.0,180.0,3,240,2100,16.80331383652605,307.19182366584766,0.0,-99.54798108369124
23,11.887416134876247,81.33388484293596,14,90.0,180.0,3,240,2100,13.779575488478853,108.11258386512378,0.0,-98.70160252437755
24,2.619472896615491,-53.96769666418535,14,90.0,180.0,3,240,2100,16.5897428483716,117.38052710338451,0.0,-100.29227118318379
25,-68.47964394414477,-97.35193404448675,14,90.0,180.0,3,240,2100,16.771409113978635,8.479643944144726,0.0,-100.03738375519347
26,-80.39524642763679,13.013872751169131,14,90.0,180.0,3,240,2100,15.963779196992952,200.39524642763678,0.0,-99.8016114937959
27,1.9645229978556813,-20.322127681506117,14,90.0,180.0,3,240,2100,16.32355844146383,118.03547700214432,0.0,-100.15084301880094
28,-18.158911630869795,60.242467432881085,14,90.0,180.0,3,240,2100,15.01323643764108,138.1589116308698,0.0,-99.4159112809447
29,-185.82307303752995,60.31726361174037,14,90.0,180.0,3,240,2100,15.010719753344594,305.82307303753,0.0,-98.94490121828842
30,104.88301508879482,-22.285588280154315,14,90.0,180.0,3,240,2100,16.34119944147415,15.11698491120518,0.0,-99.88121217668747
31,184.85082454775852,89.0529409434813,14,90.0,180.0,3,240,2100,11.565769499556687,295.1491754522415,0.0,-97.54468075552508
0,46.47773504310146,-16.419693405687198,15,-90.0,-180.0,1,0,2100,15.91853137885553,226.47773504310146,0.0,-99.91124541622249
1,30.6368035538147,68.1803924944627,15,-90.0,-180.0,1,0,2100,16.683890003479057,210.6368035538147,0.0,-100.31770137213326
2,-0.8776017945332057,-62.76267766039391,15,-90.0,-180.0,1,0,2100,14.924742347706852,179.12239820546677,0.0,-99.38406097924714
3,-76.2184886545101,-95.82744975041953,15,-90.0,-180.0,1,0,2100,13.382734850870206,283.7815113454899,0.0,-98.46630284244695
4,-181.2024078995717,-55.498545345494314,15,-90.0,-180.0,1,0,2100,15.16115558770352,358.7975921004283,0.0,-99.3121168385016
5,-17.937070219868474,-38.49161193450544,15,-90.0,-180.0,1,0,2100,15.561898684152501,162.06292978013153,0.0,-99.7370437561505
6,-94.966633975172,28.353793294416192,15,-90.0,-180.0,1,0,2100,16.393832303127116,85.03336602482801,0.0,-100.07675485900593
7,187.45556393747484,42.06509117896405,15,-90.0,-180.0,1,0,2100,16.50344882434294,7.455563937474835,0.0,-99.90204274993211
8,157.25946554318614,-14.955275114738924,15,-90.0,-180.0,1,0,2100,15.938238227593935,337.2594655431861,0.0,-99.70857528610483
9,81.29328215318134,-43.03199886084557,15,-90.0,-180.0,1,0,2100,15.469620574562567,261.29328215318134,0.0,-99.63422474292203
10,-86.22071587761576,-81.12185379997426,15,-90.0,-180.0,1,0,2100,13.803747626069574,93.77928412238424,0.0,-98.71408208007037
11,167.8760591080636,81.6026868156797,15,-90.0,-180.0,1,0,2100,16.765335736998797,347.8760591080636,0.0,-100.02421507245904
12,102.82524118819902,1.0931722786416316,15,-90.0,-180.0,1,0,2100,16.132036792812293,282.825241188199,0.0,-99.93309992562999
13,56.46932989728825,-58.93938043996814,15,-90.0,-180.0,1,0,2100,15.056094894221427,236.46932989728822,0.0,-99.43704558563849
14,25.278020004623954,-81.21667773419293,15,-90.0,-180.0,1,0,2100,13.793009589299723,205.27802000462393,0.0,-98.71583948306244
15,-183.5115215556213,15.865197891736926,15,-90.0,-180.0,1,0,2100,16.28232049192977,356.4884784443787,0.0,-99.79814450167116
16,175.2872770778282,-69.4074918353643,15,-90.0,-180.0,1,0,2100,14.645081604840168,355.2872770778282,0.0,-99.08600980707072
17,2.1007053899035952,34.78754889791364,15,-90.0,-180.0,1,0,2100,16.44676659478453,182.10070538990357,0.0,-100.21048520536033
18,114.96232626037272,-50.76310108169454,15,-90.0,-180.0,1,0,2100,15.289771672221232,294.96232626037266,0.0,-99.49170008947873
19,-148.18822945882337,30.299954502764564,15,-90.0,-180.0,1,0,2100,16.410142159740435,31.811770541176656,0.0,-99.94297346775136
20,-9.875053171906018,44.576882843831044,15,-90.0,-180.0,1,0,2100,16.52228956242244,170.12494682809393,0.0,-100.2477625667521
21,-5.50726278820872,51.37431810737189,15,-90.0,-180.0,1,0,2100,16.57156501496123,174.49273721179134,0.0,-100.273525657088
22,172.53234016220694,-87.9840185244764,15,-90.0,-180.0,1,0,2100,12.32126445770901,352.53234016220694,0.0,-97.8999851973517
23,8.835790730207975,82.80224052304666,15,-90.0,-180.0,1,0,2100,16.772301714545836,188.83579073020798,0.0,-100.37278611156077
24,2.822864437577209,-54.04174613495948,15,-90.0,-180.0,1,0,2100,15.202512740830342,182.82286443757718,0.0,-99.54065944088411
25,-65.73710436247165,-96.86688259251244,15,-90.0,-180.0,1,0,2100,13.546865380620908,294.2628956375283,0.0,-98.56244226587987
26,-82.46904238432865,12.949464835053561,15,-90.0,-180.0,1,0,2100,16.254392162703674,97.53095761567135,0.0,-100.03365837899315
27,2.373663504280586,-20.04739410430794,15,-90.0,-180.0,1,0,2100,15.867971922811744,182.37366350428056,0.0,-99.90619197110423
28,-17.470892822356006,58.03264831777332,15,-90.0,-180.0,1,0,2100,16.617586747146508,162.52910717764394,0.0,-100.2930831459872
29,-189.54063164209734,59.57038476178994,15,-90.0,-180.0,1,0,2100,16.627920983465565,350.45936835790263,0.0,-99.959803700555
30,102.42036334452075,-21.013146944927257,15,-90.0,-180.0,1,0,2100,15.85406992151015,282.42036334452075,0.0,-99.79698505322412
31,185.50092317100774,90.43690685777739,15,-90.0,-180.0,1,0,2100,16.810680530310137,185.5009231710078,0.0,-100.3922196342738
0,46.47773504310146,-16.419693405687198,15,0.0,0.0,2,120,2100,15.504971106755379,352.11723974312713,0.0,-99.7054380962183
1,30.6368035538147,68.1803924944627,15,0.0,0.0,2,120,2100,15.887736471636984,251.53153066264662,0.0,-99.91889991992711
2,-0.8776017945332057,-62.76267766039391,15,0.0,0.0,2,120,2100,15.759569695967912,60.45172193589647,0.0,-99.84409975639637
3,-76.2184886545101,-95.82744975041953,15,0.0,0.0,2,120,2100,16.13524577813191,54.33920993948868,0.0,-100.04785620453865
4,-181.2024078995717,-55.498545345494314,15,0.0,0.0,2,120,2100,16.444401663855277,59.173680953456255,0.0,-100.21196965297824
5,-17.937070219868474,-38.49161193450544,15,0.0,0.0,2,120,2100,15.354733197823123,81.1709137316754,0.0,-99.62045178253986
6,-94.966633975172,28.353793294416192,15,0.0,0.0,2,120,2100,16.167372485978127,178.44396660903533,0.0,-100.06738401383063
7,187.45556393747484,42.06509117896405,15,0.0,0.0,2,120,2100,16.54305695156765,231.8180196165153,0.0,-100.27134949439949
8,157.25946554318614,-14.955275114738924,15,0.0,0.0,2,120,2100,16.650607465035563,4.644546379295946,0.0,-100.30346941706921
9,81.29328215318134,-43.03199886084557,15,0.0,0.0,2,120,2100,16.046760512348673,13.363391173557261,0.0,-99.99561273016116
10,-86.22071587761576,-81.12185379997426,15,0.0,0.0,2,120,2100,16.11346635495013,68.859146050612,0.0,-100.03673567944409
11,167.8760591080636,81.6026868156797,15,0.0,0.0,2,120,2100,16.207248825948938,241.7758318630527,0.0,-100.09234039524114
12,102.82524118819902,1.0931722786416316,15,0.0,0.0,2,120,2100,16.253161698809446,328.8788641144798,0.0,-100.10825821452592
13,56.46932989728825,-58.93938043996814,15,0.0,0.0,2,120,2100,15.916639026603065,33.340022948321916,0.0,-99.9281621467493
14,25.278020004623954,-81.21667773419293,15,0.0,0.0,2,120,2100,16.027646398082275,56.225236977657914,0.0,-99.99003783534403
15,-183.5115215556213,15.865197891736926,15,0.0,0.0,2,120,2100,16.718559439004764,252.16202177925572,0.0,-100.36206120624222
16,175.2872770778282,-69.4074918353643,15,0.0,0.0,2,120,2100,16.325348110430443,58.23186457612974,0.0,-100.14928082824409
17,2.1007053899035952,34.78754889791364,15,0.0,0.0,2,120,2100,15.171004604063599,243.02044240501095,0.0,-99.51752839633576
18,114.96232626037272,-50.76310108169454,15,0.0,0.0,2,120,2100,16.278697268324024,23.485018865531174,0.0,-100.12041763078062
19,-148.18822945882337,30.299954502764564,15,0.0,0.0,2,120,2100,16.54157552845074,197.94710199350732,0.0,-100.26936159602262
20,-9.875053171906018,44.576882843831044,15,0.0,0.0,2,120,2100,15.436369848973653,230.1264631748906,0.0,-99.66811744677503
21,-5.50726278820872,51.37431810737189,15,0.0,0.0,2,120,2100,15.563391341645271,235.61492151465973,0.0,-99.73906514268374
22,172.53234016220694,-87.9840185244764,15,0.0,0.0,2,120,2100,16.141930294387233,59.73788347696427,0.0,-100.0517024011879
23,8.835790730207975,82.80224052304666,15,0.0,0.0,2,120,2100,16.037645492077115,241.11131188966476,0.0,-100.00042674694551
24,2.822864437577209,-54.04174613495948,15,0.0,0.0,2,120,2100,15.610843364648517,57.953908300437774,0.0,-99.76176815453562
25,-65.73710436247165,-96.86688259251244,15,0.0,0.0,2,120,2100,16.15077459777509,53.73461780054731,0.0,-100.05613179830732
26,-82.46904238432865,12.949464835053561,15,0.0,0.0,2,120,2100,16.034909564356926,163.05829074055083,0.0,-99.99515912979547
27,2.373663504280586,-20.04739410430794,15,0.0,0.0,2,120,2100,14.624929831189055,53.52473015605301,0.0,-99.19130197244036
28,-17.470892822356006,58.03264831777332,15,0.0,0.0,2,120,2100,15.708946416148907,229.3880231857188,0.0,-99.81965968507954
29,-189.54063164209734,59.57038476178994,15,0.0,0.0,2,120,2100,16.40735569384087,245.56069916736965,0.0,-100.19956775910869
30,102.42036334452075,-21.013146944927257,15,0.0,0.0,2,120,2100,16.241025399414006,351.4713483411498,0.0,-100.09383497709125
31,185.50092317100774,90.43690685777739,15,0.0,0.0,2,120,2100,16.115119734800118,240.04188347810913,0.0,-100.04246107760838
0,46.47773504310146,-16.419693405687198,15,90.0,180.0,3,240,2100,16.287544572877728,73.52226495689854,0.0,-100.07406481130673
1,30.6368035538147,68.1803924944627,15,90.0,180.0,3,240,2100,14.70296324440045,89.36319644618527,0.0,-99.23225216973539
2,-0.8776017945332057,-62.76267766039391,15,90.0,180.0,3,240,2100,16.649039489837367,120.87760179453318,0.0,-100.32311514578454
3,-76.2184886545101,-95.82744975041953,15,90.0,180.0,3,240,2100,16.780200367798674,16.218488654509997,0.0,-100.08441017974624
4,-181.2024078995717,-55.498545345494314,15,90.0,180.0,3,240,2100,16.60031999096158,301.20240789957165,0.0,-99.52466001413269
5,-17.937070219868474,-38.49161193450544,15,90.0,180.0,3,240,2100,16.476017535627772,137.93707021986847,0.0,-100.22361049987961
6,-94.966633975172,28.353793294416192,15,90.0,180.0,3,240,2100,15.741565684211867,214.966633975172,0.0,-99.63577412530505
7,187.45556393747484,42.06509117896405,15,90.0,180.0,3,240,2100,15.489998052078429,292.54443606252516,0.0,-99.17703439773783
8,157.25946554318614,-14.955275114738924,15,90.0,180.0,3,240,2100,16.273688234001714,322.74053445681386,0.0,-99.2791410605533
9,81.29328215318134,-43.03199886084557,15,90.0,180.0,3,240,2100,16.510743600033873,38.70671784681866,0.0,-100.07051219358159
10,-86.22071587761576,-81.12185379997426,15,90.0,180.0,3,240,2100,16.762529790829227,206.22071587761582,0.0,-100.16622353772536
11,167.8760591080636,81.6026868156797,15,90.0,180.0,3,240,2100,13.748066705729363,312.1239408919364,0.0,-98.47394879844748
12,102.82524118819902,1.0931722786416316,15,90.0,180.0,3,240,2100,16.107742883161,17.174758811800984,0.0,-99.7808712043212
13,56.46932989728825,-58.93938043996814,15,90.0,180.0,3,240,2100,16.623693281076868,63.530670102711724,0.0,-100.21841051116836
14,25.278020004623954,-81.21667773419293,15,90.0,180.0,3,240,2100,16.763083768386135,94.72197999537605,0.0,-100.36167818925517
15,-183.5115215556213,15.865197891736926,15,90.0,180.0,3,240,2100,15.926039047582053,303.51152155562124,0.0,-99.27789011033241
16,175.2872770778282,-69.4074918353643,15,90.0,180.0,3,240,2100,16.691617662111838,304.7127229221718,0.0,-99.53037575434972
17,2.1007053899035952,34.78754889791364,15,90.0,180.0,3,240,2100,15.631342494278165,117.89929461009638,0.0,-99.76783887166428
18,114.96232626037272,-50.76310108169454,15,90.0,180.0,3,240,2100,16.56723224729997,5.03767373962728,0.0,-99.93028542682399
19,-148.18822945882337,30.299954502764564,15,90.0,180.0,3,240,2100,15.709486773252953,268.18822945882334,0.0,-99.38294363567309
20,-9.875053171906018,44.576882843831044,15,90.0,180.0,3,240,2100,15.436175201968572,129.87505317190602,0.0,-99.65677229053266
21,-5.50726278820872,51.37431810737189,15,90.0,180.0,3,240,2100,15.274071462095526,125.50726278820872,0.0,-99.56741682523956
22,172.53234016220694,-87.9840185244764,15,90.0,180.0,3,240,2100,16.80184765344754,307.467659837793,0.0,-99.54556918694361
23,8.835790730207975,82.80224052304666,15,90.0,180.0,3,240,2100,13.593924882177392,111.16420926979202,0.0,-98.58742525377183
24,2.822864437577209,-54.04174613495948,15,90.0,180.0,3,240,2100,16.590257063926945,117.17713556242279,0.0,-100.29251388977475
25,-65.73710436247165,-96.86688259251244,15,90.0,180.0,3,240,2100,16.774214655565427,5.7371043624716265,0.0,-100.02273135604192
26,-82.46904238432865,12.949464835053561,15,90.0,180.0,3,240,2100,15.964615464299028,202.46904238432865,0.0,-99.79446884107955
27,2.373663504280586,-20.04739410430794,15,90.0,180.0,3,240,2100,16.321065050409498,117.62633649571939,0.0,-100.14944138823817
28,-17.470892822356006,58.03264831777332,15,90.0,180.0,3,240,2100,15.084869243346313,137.470892822356,0.0,-99.45643721396969
29,-189.54063164209734,59.57038476178994,15,90.0,180.0,3,240,2100,15.035570455166054,309.5406316420973,0.0,-98.93857314956796
30,102.42036334452075,-21.013146944927257,15,90.0,180.0,3,240,2100,16.32980255644886,17.57963665547925,0.0,-99.88792807031473
31,185.50092317100774,90.43690685777739,15,90.0,180.0,3,240,2100,10.79213915428706,114.49907682899232,0.0,-96.64535575339418
0,44.35048558059705,-16.939639549611897,16,-90.0,-180.0,1,0,2100,15.911439918217035,224.35048558059702,0.0,-99.90942238407304
1,30.45805497705598,68.28517436455348,16,-90.0,-180.0,1,0,2100,16.68455220422975,210.45805497705598,0.0,-100.3181826526207
2,-0.6140190756375432,-62.975436755746536,16,-90.0,-180.0,1,0,2100,14.916900374913423,179.38598092436246,0.0,-99.3795981965453
3,-78.46781983670088,-95.63029129953634,16,-90.0,-180.0,1,0,2100,13.348316617202405,281.5321801632991,0.0,-98.44551298381472
4,-181.30342384973068,-56.273530731934635,16,-90.0,-180.0,1,0,2100,15.138437073923988,358.6965761502693,0.0,-99.30227975702321
5,-19.7795608909737,-37.91800872497356,16,-90.0,-180.0,1,0,2100,15.572973244863508,160.2204391090263,0.0,-99.74247639195583
6,-94.84005622322162,28.269946330862297,16,-90.0,-180.0,1,0,2100,16.393123608717758,85.15994377677839,0.0,-100.07668193771995
7,187.69056688318557,42.20440372650344,16,-90.0,-180.0,1,0,2100,16.504503146189833,7.690566883185568,0.0,-99.90328970392233
8,157.31129404943562,-14.840990071501537,16,-90.0,-180.0,1,0,2100,15.93975996141451,337.31129404943556,0.0,-99.70909302723527
9,77.7845300830283,-44.07042952879269,16,-90.0,-180.0,1,0,2100,15.44726318235163,257.7845300830283,0.0,-99.62696907496725
10,-86.17015583363103,-81.13638652244381,16,-90.0,-180.0,1,0,2100,13.802109376959312,93.82984416636901,0.0,-98.71314139548126
11,166.7792726966103,80.6197825704892,16,-90.0,-180.0,1,0,2100,16.759591480065293,346.7792726966103,0.0,-100.0259797675797
12,102.33523969252701,1.1620644083755707,16,-90.0,-180.0,1,0,2100,16.13279278893593,282.335239692527,0.0,-99.93450730644935
13,56.40496203447532,-58.92193767665626,16,-90.0,-180.0,1,0,2100,15.056656308084678,236.4049620344753,0.0,-99.43741019206838
14,25.931007311635483,-80.49798963511411,16,-90.0,-180.0,1,0,2100,13.871658179259745,205.93100731163545,0.0,-98.76382898136433
15,-181.57095043789755,15.66577113409464,16,-90.0,-180.0,1,0,2100,16.280434935401495,358.4290495621024,0.0,-99.79093258648798
16,175.544840253894,-69.10929246239613,16,-90.0,-180.0,1,0,2100,14.659458714968506,355.544840253894,0.0,-99.09223728489322
17,1.9367778740243011,36.729098697223264,16,-90.0,-180.0,1,0,2100,16.46220563824616,181.93677787402427,0.0,-100.21835341211732
18,112.05630341810718,-49.69005164968564,16,-90.0,-180.0,1,0,2100,15.316752358954178,292.0563034181072,0.0,-99.51002520864492
19,-148.54658146490698,30.389849330640573,16,-90.0,-180.0,1,0,2100,16.410889136337815,31.45341853509302,0.0,-99.9421932099914
20,-11.889096216038695,44.88382853777304,16,-90.0,-180.0,1,0,2100,16.52456778550486,168.11090378396125,0.0,-100.24836052129712
21,-5.1613010357293945,50.740874570800344,16,-90.0,-180.0,1,0,2100,16.567074334720083,174.83869896427063,0.0,-100.27130884999428
22,173.33443321617142,-87.39668911753145,16,-90.0,-180.0,1,0,2100,12.576941342217914,353.3344332161714,0.0,-98.0467137629316
23,8.88774931130169,82.72233399027576,16,-90.0,-180.0,1,0,2100,16.771839191553642,188.8877493113017,0.0,-100.37253817918844
24,3.006653368492863,-54.44791686128779,16,-90.0,-180.0,1,0,2100,15.191152844926524,183.00665336849283,0.0,-99.53428612048967
25,-63.953209927072706,-97.08814646557664,16,-90.0,-180.0,1,0,2100,13.578578984608427,296.04679007292725,0.0,-98.58046111564495
26,-85.23419900121188,15.318632859465552,16,-90.0,-180.0,1,0,2100,16.27714427929854,94.76580099878811,0.0,-100.03976189062948
27,-1.1240425908332838,-22.453047366548603,16,-90.0,-180.0,1,0,2100,15.832976923910985,178.87595740916674,0.0,-99.8873709871934
28,-17.776326906569864,58.653562942283486,16,-90.0,-180.0,1,0,2100,16.621772418538512,162.22367309343008,0.0,-100.29501556006561
29,-189.8368918222748,59.63680038562407,16,-90.0,-180.0,1,0,2100,16.628364927489862,350.1631081777252,0.0,-99.96102877815942
30,101.40738410265209,-20.724808709875504,16,-90.0,-180.0,1,0,2100,15.858240822019445,281.4073841026521,0.0,-99.8009884318243
31,186.57389188324066,90.46297456737082,16,-90.0,-180.0,1,0,2100,16.810535346797305,186.57389188324066,0.0,-100.39196440977288
0,44.35048558059705,-16.939639549611897,16,0.0,0.0,2,120,2100,15.4668690381027,353.5430949970986,0.0,-99.68427147270187
1,30.45805497705598,68.28517436455348,16,0.0,0.0,2,120,2100,15.888477399657367,251.41318872248303,0.0,-99.9193054428347
2,-0.6140190756375432,-62.975436755746536,16,0.0,0.0,2,120,2100,15.762925387795661,60.31318088021936,0.0,-99.84593506110183
3,-78.46781983670088,-95.63029129953634,16,0.0,0.0,2,120,2100,16.132373613738256,54.48266129011381,0.0,-100.04631354523042
4,-181.30342384973068,-56.273530731934635,16,0.0,0.0,2,120,2100,16.438147158862584,59.12999603050821,0.0,-100.20869202452933
5,-19.7795608909737,-37.91800872497356,16,0.0,0.0,2,120,2100,15.359446573558484,83.4808534076152,0.0,-99.6232862622444
6,-94.84005622322162,28.269946330862297,16,0.0,0.0,2,120,2100,16.166228077422282,178.35540755020827,0.0,-100.06675900687513
7,187.69056688318557,42.20440372650344,16,0.0,0.0,2,120,2100,16.541815057554196,231.6058153015718,0.0,-100.27069104225573
8,157.31129404943562,-14.840990071501537,16,0.0,0.0,2,120,2100,16.65127710362475,4.487488844666473,0.0,-100.30372234630539
9,77.7845300830283,-44.07042952879269,16,0.0,0.0,2,120,2100,16.017756122756566,14.726348652649222,0.0,-99.9803011049135
10,-86.17015583363103,-81.13638652244381,16,0.0,0.0,2,120,2100,16.113389999912517,68.84413263086745,0.0,-100.0367043245801
11,166.7792726966103,80.6197825704892,16,0.0,0.0,2,120,2100,16.21658051206137,242.1636296650293,0.0,-100.097386438019
12,102.33523969252701,1.1620644083755707,16,0.0,0.0,2,120,2100,16.24838283436226,328.8104824432166,0.0,-100.10582925772894
13,56.40496203447532,-58.92193767665626,16,0.0,0.0,2,120,2100,15.916128297829795,33.341324606281205,0.0,-99.92789249491899
14,25.931007311635483,-80.49798963511411,16,0.0,0.0,2,120,2100,16.020293005474432,55.81382736133469,0.0,-99.98604740632042
15,-181.57095043789755,15.66577113409464,16,0.0,0.0,2,120,2100,16.72158995699717,245.5832366995325,0.0,-100.36419124666917
16,175.544840253894,-69.10929246239613,16,0.0,0.0,2,120,2100,16.328103098117726,58.30177826732904,0.0,-100.1507440552302
17,1.9367778740243011,36.729098697223264,16,0.0,0.0,2,120,2100,15.224916397298294,242.59336790272812,0.0,-99.54832723406945
18,112.05630341810718,-49.69005164968564,16,0.0,0.0,2,120,2100,16.26511748136611,21.82297784942142,0.0,-100.1129718957455
19,-148.54658146490698,30.389849330640573,16,0.0,0.0,2,120,2100,16.542902028935977,198.33870191380487,0.0,-100.2700932095157
20,-11.889096216038695,44.88382853777304,16,0.0,0.0,2,120,2100,15.451074298008393,228.312908543567,0.0,-99.67637004697679
21,-5.1613010357293945,50.740874570800344,16,0.0,0.0,2,120,2100,15.550615724394833,235.79493836062966,0.0,-99.73194967888263
22,173.33443321617142,-87.39668911753145,16,0.0,0.0,2,120,2100,16.14828866131966,59.69761838183058,0.0,-100.05511381038983
23,8.88774931130169,82.72233399027576,16,0.0,0.0,2,120,2100,16.036704972660257,241.13033271779693,0.0,-99.99991252717611
24,3.006653368492863,-54.44791686128779,16,0.0,0.0,2,120,2100,15.618432925224088,57.853239817925896,0.0,-99.76598224825565
25,-63.953209927072706,-97.08814646557664,16,0.0,0.0,2,120,2100,16.153892872897,53.625499840674024,0.0,-100.05779778674724
26,-85.23419900121188,15.318632859465552,16,0.0,0.0,2,120,2100,16.067545611733113,165.36926986591976,0.0,-100.01288298924598
27,-1.1240425908332838,-22.453047366548603,16,0.0,0.0,2,120,2100,14.732767459016191,62.71776657725792,0.0,-99.25834703294464
28,-17.776326906569864,58.653562942283486,16,0.0,0.0,2,120,2100,15.71957838923989,229.46530066788182,0.0,-99.8255334962667
29,-189.8368918222748,59.63680038562407,16,0.0,0.0,2,120,2100,16.406569674925226,245.71547770369034,0.0,-100.19915387490404
30,101.40738410265209,-20.724808709875504,16,0.0,0.0,2,120,2100,16.231905147708943,351.106007024025,0.0,-100.0894369348358
31,186.57389188324066,90.46297456737082,16,0.0,0.0,2,120,2100,16.11484017005112,240.0530045437955,0.0,-100.04231057426124
0,44.35048558059705,-16.939639549611897,16,90.0,180.0,3,240,2100,16.292418483216835,75.64951441940292,0.0,-100.081706023812
1,30.45805497705598,68.28517436455348,16,90.0,180.0,3,240,2100,14.69814949024662,89.54194502294399,0.0,-99.22970981819512
2,-0.6140190756375432,-62.975436755746536,16,90.0,180.0,3,240,2100,16.650431263431575,120.61401907563754,0.0,-100.32383922044755
3,-78.46781983670088,-95.63029129953634,16,90.0,180.0,3,240,2100,16.781331699547902,18.46781983670087,0.0,-100.0970845201815
4,-181.30342384973068,-56.273530731934635,16,90.0,180.0,3,240,2100,16.605632268761866,301.3034238497306,0.0,-99.5257360133526
5,-19.7795608909737,-37.91800872497356,16,90.0,180.0,3,240,2100,16.471543412350183,139.7795608909737,0.0,-100.21929032256058
6,-94.84005622322162,28.269946330862297,16,90.0,180.0,3,240,2100,15.742924891631475,214.8400562232216,0.0,-99.6369350718318
7,187.69056688318557,42.20440372650344,16,90.0,180.0,3,240,2100,15.487087535318901,292.3094331168145,0.0,-99.17708091650108
8,157.31129404943562,-14.840990071501537,16,90.0,180.0,3,240,2100,16.272598748022034,322.6887059505644,0.0,-99.27912589139136
9,77.7845300830283,-44.07042952879269,16,90.0,180.0,3,240,2100,16.51851916266173,42.2154699169717,0.0,-100.08891845467328
10,-86.17015583363103,-81.13638652244381,16,90.0,180.0,3,240,2100,16.762614713381872,206.17015583363104,0.0,-100.16649860519512
11,166.7792726966103,80.6197825704892,16,90.0,180.0,3,240,2100,13.85875774082762,313.2207273033897,0.0,-98.51281168568569
12,102.33523969252701,1.1620644083755707,16,90.0,180.0,3,240,2100,16.10696770278509,17.66476030747299,0.0,-99.78272892101948
13,56.40496203447532,-58.92193767665626,16,90.0,180.0,3,240,2100,16.62357616105343,63.59503796552468,0.0,-100.21855916895532
14,25.931007311635483,-80.49798963511411,16,90.0,180.0,3,240,2100,16.75887739863032,94.06899268836452,0.0,-100.35858469149794
15,-181.57095043789755,15.66577113409464,16,90.0,180.0,3,240,2100,15.928725491376278,301.5709504378975,0.0,-99.28974834985557
16,175.544840253894,-69.10929246239613,16,90.0,180.0,3,240,2100,16.689745236808232,304.455159746106,0.0,-99.53156097153557
17,1.9367778740243011,36.729098697223264,16,90.0,180.0,3,240,2100,15.59554424922187,118.0632221259757,0.0,-99.74784288240184
18,112.05630341810718,-49.69005164968564,16,90.0,180.0,3,240,2100,16.559579956077183,7.943696581892823,0.0,-99.94295066576207
19,-148.54658146490698,30.389849330640573,16,90.0,180.0,3,240,2100,15.707979863797796,268.546581464907,0.0,-99.38054185170007
20,-11.889096216038695,44.88382853777304,16,90.0,180.0,3,240,2100,15.429394790642732,131.8890962160387,0.0,-99.65208603077227
21,-5.1613010357293945,50.740874570800344,16,90.0,180.0,3,240,2100,15.290337981319958,125.16130103572937,0.0,-99.57659214565518
22,173.33443321617142,-87.39668911753145,16,90.0,180.0,3,240,2100,16.798542297251462,306.6655667838286,0.0,-99.55025443542654
23,8.88774931130169,82.72233399027576,16,90.0,180.0,3,240,2100,13.604965282380913,111.11225068869828,0.0,-98.59429688412828
24,3.006653368492863,-54.44791686128779,16,90.0,180.0,3,240,2100,16.593072908107917,116.99334663150711,0.0,-100.29394686993885
25,-63.953209927072706,-97.08814646557664,16,90.0,180.0,3,240,2100,16.772935839744882,3.953209927072635,0.0,-100.011766074518
26,-85.23419900121188,15.318632859465552,16,90.0,180.0,3,240,2100,15.933384585726499,205.2341990012119,0.0,-99.76842541259244
27,-1.1240425908332838,-22.453047366548603,16,90.0,180.0,3,240,2100,16.34268969795379,121.12404259083326,0.0,-100.1612601879403
28,-17.776326906569864,58.653562942283486,16,90.0,180.0,3,240,2100,15.065254737011427,137.77632690656986,0.0,-99.44527473334061
29,-189.8368918222748,59.63680038562407,16,90.0,180.0,3,240,2100,15.033385472260091,309.83689182227477,0.0,-98.93661835023329
30,101.40738410265209,-20.724808709875504,16,90.0,180.0,3,240,2100,16.327201843608723,18.592615897347912,0.0,-99.89158788345087
31,186.57389188324066,90.46297456737082,16,90.0,180.0,3,240,2100,10.850090086843487,113.4261081167594,0.0,-96.69188867454535
0,42.022918573713014,-18.255766701578082,17,-90.0,-180.0,1,0,2100,15.893261444758428,222.02291857371299,0.0,-99.90184586245996
1,29.6363933570442,69.38501507969721,17,-90.0,-180.0,1,0,2100,16.691476650300395,209.6363933570442,0.0,-100.32225166037826
2,1.0680935701384442,-63.44747104101401,17,-90.0,-180.0,1,0,2100,14.899279174447011,181.06809357013842,0.0,-99.36957881185198
3,-79.51181615035351,-95.8132451877741,17,-90.0,-180.0,1,0,2100,13.380294352627171,280.4881838496465,0.0,-98.46440688901153
4,-181.2717099702748,-54.74744544140985,17,-90.0,-180.0,1,0,2100,15.182692091488528,358.7282900297252,0.0,-99.32175703250785
5,-21.136708611644366,-38.62065907518031,17,-90.0,-180.0,1,0,2100,15.559390179259314,158.8632913883556,0.0,-99.73454255604148
6,-94.23722333353221,28.724515673981983,17,-90.0,-180.0,1,0,2100,16.396959730982058,85.7627766664678,0.0,-100.0798321372742
7,188.26710165407405,44.07519358184652,17,-90.0,-180.0,1,0,2100,16.518554695986342,8.267101654074054,0.0,-99.91101936023595
8,158.36876208832234,-16.36672295611112,17,-90.0,-180.0,1,0,2100,15.919251019585527,338.36876208832234,0.0,-99.69712664420634
9,78.1256075742404,-43.987217310032776,17,-90.0,-180.0,1,0,2100,15.449073277968251,258.12560757424035,0.0,-99.62749410822629
10,-85.60165723353853,-79.09175463769763,17,-90.0,-180.0,1,0,2100,14.009673622332691,94.3983427664615,0.0,-98.83306774240009
11,167.42696411695283,81.43130200025504,17,-90.0,-180.0,1,0,2100,16.764336507614562,347.42696411695283,0.0,-100.02549119496365
12,105.45683543238647,1.474838802669467,17,-90.0,-180.0,1,0,2100,16.13621788719151,285.45683543238647,0.0,-99.9294830298455
13,55.402186733463225,-59.979164286619095,17,-90.0,-180.0,1,0,2100,15.02204580388841,235.40218673346322,0.0,-99.419070488645
14,26.839372109407776,-79.61022681466714,17,-90.0,-180.0,1,0,2100,13.96097667968395,206.83937210940775,0.0,-98.81789282278814
15,-177.98520010402675,16.135502147115858,17,-90.0,-180.0,1,0,2100,16.2848705248202,2.0147998959732263,0.0,-99.79422862861416
16,175.66060697190426,-69.41350357623523,17,-90.0,-180.0,1,0,2100,14.644789624091686,355.66060697190426,0.0,-99.08536080762553
17,3.616018543740097,36.93225204102657,17,-90.0,-180.0,1,0,2100,16.463807406684737,183.61601854374007,0.0,-100.2190680407199
18,112.19852843617952,-49.572398061189006,17,-90.0,-180.0,1,0,2100,15.319666830477638,292.1985284361795,0.0,-99.51125757837794
19,-152.77596630960204,33.2046775494922,17,-90.0,-180.0,1,0,2100,16.434000930698666,27.22403369039796,0.0,-99.93891175212241
20,-9.788700657156397,44.560079680528645,17,-90.0,-180.0,1,0,2100,16.52216469542502,170.21129934284363,0.0,-100.2477406903663
21,-8.553585943271344,51.58761243077322,17,-90.0,-180.0,1,0,2100,16.573072598330135,171.4464140567286,0.0,-100.27374442094593
22,175.84660625021405,-84.40051898411815,17,-90.0,-180.0,1,0,2100,13.342829362286814,355.84660625021405,0.0,-98.45834713014679
23,8.41149785071056,84.10834585774623,17,-90.0,-180.0,1,0,2100,16.779831674654908,188.41149785071056,0.0,-100.3765853105602
24,6.485612518687304,-55.74491891507454,17,-90.0,-180.0,1,0,2100,15.153989009078618,186.48561251868728,0.0,-99.51322645309934
25,-62.771495164840644,-97.10193943858414,17,-90.0,-180.0,1,0,2100,13.58052301228817,297.22850483515936,0.0,-98.58149659790583
26,-90.43083862468582,13.347606726980331,17,-90.0,-180.0,1,0,2100,16.258252056094857,89.5691613753142,0.0,-100.02035753643084
27,-0.13318734681308797,-22.99600065676067,17,-90.0,-180.0,1,0,2100,15.824906283653924,179.8668126531869,0.0,-99.88304675493494
28,-18.653793111235643,57.803947793817855,17,-90.0,-180.0,1,0,2100,16.616040619597506,161.3462068887643,0.0,-100.291763270711
29,-188.23043311337617,59.13635495721135,17,-90.0,-180.0,1,0,2100,16.625014921926166,351.7695668866238,0.0,-99.953911660648
30,100.16934283103467,-19.681143925593986,17,-90.0,-180.0,1,0,2100,15.873193953849999,280.16934283103467,0.0,-99.81079634478829
31,188.00519466602395,91.7574277686864,17,-90.0,-180.0,1,0,2100,16.803299278597983,188.00519466602395,0.0,-100.38815791864485
0,42.022918573713014,-18.255766701578082,17,0.0,0.0,2,120,2100,15.429726804306977,356.23188221411317,0.0,-99.6635835334423
1,29.6363933570442,69.38501507969721,17,0.0,0.0,2,120,2100,15.899317619362982,250.53747798861815,0.0,-99.92522524115572
2,1.0680935701384442,-63.44747104101401,17,0.0,0.0,2,120,2100,15.770444722994235,59.466291329156206,0.0,-99.85002582569018
3,-79.51181615035351,-95.8132451877741,17,0.0,0.0,2,120,2100,16.131633541245428,54.28323105270715,0.0,-100.04590593199856
4,-181.2717099702748,-54.74744544140985,17,0.0,0.0,2,120,2100,16.450406412375102,59.10130673552749,0.0,-100.21509677808002
5,-21.136708611644366,-38.62065907518031,17,0.0,0.0,2,120,2100,15.38645277622109,84.29322600239101,0.0,-99.63846410673906
6,-94.23722333353221,28.724515673981983,17,0.0,0.0,2,120,2100,16.160412300505968,178.79065787146146,0.0,-100.06363606242188
7,188.26710165407405,44.07519358184652,17,0.0,0.0,2,120,2100,16.5277462946936,231.55295129967675,0.0,-100.26326202981474
8,158.36876208832234,-16.36672295611112,17,0.0,0.0,2,120,2100,16.651335926046496,8.543986180885724,0.0,-100.30553883809245
9,78.1256075742404,-43.987217310032776,17,0.0,0.0,2,120,2100,16.020587245998886,14.60670771592072,0.0,-99.98179777708786
10,-85.60165723353853,-79.09175463769763,17,0.0,0.0,2,120,2100,16.110681329979208,70.87688762853219,0.0,-100.03529126537636
11,167.42696411695283,81.43130200025504,17,0.0,0.0,2,120,2100,16.208805685056877,241.8786260363512,0.0,-100.09318279592028
12,105.45683543238647,1.474838802669467,17,0.0,0.0,2,120,2100,16.27840588280499,328.4698426129767,0.0,-100.12128093470244
13,55.402186733463225,-59.979164286619095,17,0.0,0.0,2,120,2100,15.917382761882093,34.56191611610552,0.0,-99.92869726976136
14,26.839372109407776,-79.61022681466714,17,0.0,0.0,2,120,2100,16.01138707169915,55.26780106318131,0.0,-99.98119994434782
15,-177.98520010402675,16.135502147115858,17,0.0,0.0,2,120,2100,16.718449033573144,233.07117130217625,0.0,-100.3632087942642
16,175.66060697190426,-69.41350357623523,17,0.0,0.0,2,120,2100,16.32539400215962,58.372092440725055,0.0,-100.14932054440514
17,3.616018543740097,36.93225204102657,17,0.0,0.0,2,120,2100,15.233332476337422,244.7960168669082,0.0,-99.55301374107358
18,112.19852843617952,-49.572398061189006,17,0.0,0.0,2,120,2100,16.266296976384407,21.735201605420343,0.0,-100.11357808978262
19,-152.77596630960204,33.2046775494922,17,0.0,0.0,2,120,2100,16.54795809127287,205.0478229092003,0.0,-100.27310954743137
20,-9.788700657156397,44.560079680528645,17,0.0,0.0,2,120,2100,15.435685905796223,230.20466259866168,0.0,-99.66772864646157
21,-8.553585943271344,51.58761243077322,17,0.0,0.0,2,120,2100,15.573150008046364,233.2737363170301,0.0,-99.7444728115596
22,175.84660625021405,-84.40051898411815,17,0.0,0.0,2,120,2100,16.180166996874963,59.59315754417901,0.0,-100.07217712737233
23,8.41149785071056,84.10834585774623,17,0.0,0.0,2,120,2100,16.05301559526993,240.86482513769562,0.0,-100.00877759238776
24,6.485612518687304,-55.74491891507454,17,0.0,0.0,2,120,2100,15.645403193536998,55.60134977814823,0.0,-99.7807859247067
25,-62.771495164840644,-97.10193943858414,17,0.0,0.0,2,120,2100,16.155361215604295,53.67827192746029,0.0,-100.05858583899548
26,-90.43083862468582,13.347606726980331,17,0.0,0.0,2,120,2100,16.124610577604457,163.34797059078215,0.0,-100.04367137535833
27,-0.13318734681308797,-22.99600065676067,17,0.0,0.0,2,120,2100,14.75549040882168,60.31382720884068,0.0,-99.27126314658359
28,-18.653793111235643,57.803947793817855,17,0.0,0.0,2,120,2100,15.709151741608775,228.6135713298769,0.0,-99.81974956902297
29,-188.23043311337617,59.13635495721135,17,0.0,0.0,2,120,2100,16.411900040764852,244.8899166343952,0.0,-100.20197999331154
30,100.16934283103467,-19.681143925593986,17,0.0,0.0,2,120,2100,16.22100981104933,349.97060590629826,0.0,-100.08446405340725
31,188.00519466602395,91.7574277686864,17,0.0,0.0,2,120,2100,16.100437579419637,240.24481974909355,0.0,-100.03451157442518
0,42.022918573713014,-18.255766701578082,17,90.0,180.0,3,240,2100,16.304650560799622,77.97708142628699,0.0,-100.09347324836355
1,29.6363933570442,69.38501507969721,17,90.0,180.0,3,240,2100,14.646172510712555,90.3636066429558,0.0,-99.2011543764916
2,1.0680935701384442,-63.44747104101401,17,90.0,180.0,3,240,2100,16.653512199085963,118.93190642986156,0.0,-100.32540164412684
3,-79.51181615035351,-95.8132451877741,17,90.0,180.0,3,240,2100,16.780281919011543,19.511816150353468,0.0,-100.10221978713516
4,-181.2717099702748,-54.74744544140985,17,90.0,180.0,3,240,2100,16.59514437057007,301.27170997027474,0.0,-99.52247565481409
5,-21.136708611644366,-38.62065907518031,17,90.0,180.0,3,240,2100,16.477021355025318,141.1367086116444,0.0,-100.22061610731367
6,-94.23722333353221,28.724515673981983,17,90.0,180.0,3,240,2100,15.735533820408506,214.2372233335322,0.0,-99.63558097130975
7,188.26710165407405,44.07519358184652,17,90.0,180.0,3,240,2100,15.447159451810144,291.73289834592595,0.0,-99.16489805691252
8,158.36876208832234,-16.36672295611112,17,90.0,180.0,3,240,2100,16.28704669855752,321.63123791167766,0.0,-99.29021252621078
9,78.1256075742404,-43.987217310032776,17,90.0,180.0,3,240,2100,16.51789830952184,41.874392425759595,0.0,-100.08721647470419
10,-85.60165723353853,-79.09175463769763,17,90.0,180.0,3,240,2100,16.750595387852734,205.60165723353856,0.0,-100.1637317500582
11,167.42696411695283,81.43130200025504,17,90.0,180.0,3,240,2100,13.768270684375844,312.57303588304717,0.0,-98.4806834007078
12,105.45683543238647,1.474838802669467,17,90.0,180.0,3,240,2100,16.103440760681597,14.54316456761353,0.0,-99.76672646645574
13,55.402186733463225,-59.979164286619095,17,90.0,180.0,3,240,2100,16.630650279873198,64.59781326653678,0.0,-100.2252184310447
14,26.839372109407776,-79.61022681466714,17,90.0,180.0,3,240,2100,16.753656914403074,93.1606278905922,0.0,-100.35455677336552
15,-177.98520010402675,16.135502147115858,17,90.0,180.0,3,240,2100,15.922386266478526,297.9852001040267,0.0,-99.30758728429089
16,175.66060697190426,-69.41350357623523,17,90.0,180.0,3,240,2100,16.691655374437058,304.33939302809574,0.0,-99.53297271487297
17,3.616018543740097,36.93225204102657,17,90.0,180.0,3,240,2100,15.591723370208552,116.3839814562599,0.0,-99.74551391040612
18,112.19852843617952,-49.572398061189006,17,90.0,180.0,3,240,2100,16.558737353801007,7.801471563820485,0.0,-99.94180286584233
19,-152.77596630960204,33.2046775494922,17,90.0,180.0,3,240,2100,15.659607969565256,272.77596630960204,0.0,-99.3397580429222
20,-9.788700657156397,44.560079680528645,17,90.0,180.0,3,240,2100,15.43654505885732,129.78870065715637,0.0,-99.65701196329123
21,-8.553585943271344,51.58761243077322,17,90.0,180.0,3,240,2100,15.26853407466716,128.55358594327134,0.0,-99.56348902357591
22,175.84660625021405,-84.40051898411815,17,90.0,180.0,3,240,2100,16.78150837909049,304.15339374978595,0.0,-99.56276393763544
23,8.41149785071056,84.10834585774623,17,90.0,180.0,3,240,2100,13.393692162345289,111.58850214928941,0.0,-98.46157885252839
24,6.485612518687304,-55.74491891507454,17,90.0,180.0,3,240,2100,16.602011864897886,113.51438748131267,0.0,-100.297619829682
25,-62.771495164840644,-97.10193943858414,17,90.0,180.0,3,240,2100,16.772856067756077,2.771495164840559,0.0,-100.00477410214351
26,-90.43083862468582,13.347606726980331,17,90.0,180.0,3,240,2100,15.959434785701355,210.4308386246858,0.0,-99.76141725977855
27,-0.13318734681308797,-22.99600065676067,17,90.0,180.0,3,240,2100,16.34750634545279,120.13318734681309,0.0,-100.16389052061979
28,-18.653793111235643,57.803947793817855,17,90.0,180.0,3,240,2100,15.09199796204192,138.65379311123564,0.0,-99.4596601552421
29,-188.23043311337617,59.13635495721135,17,90.0,180.0,3,240,2100,15.04973308675562,308.2304331133761,0.0,-98.94879615343454
30,100.16934283103467,-19.681143925593986,17,90.0,180.0,3,240,2100,16.317731387051623,19.83065716896533,0.0,-99.89303704405437
31,188.00519466602395,91.7574277686864,17,90.0,180.0,3,240,2100,12.1840101967957,111.99480533397605,0.0,-97.66153184374117
0,40.14375584255089,-18.2930415482692,18,-90.0,-180.0,1,0,2100,15.892741757993797,220.14375584255086,0.0,-99.90315844560756
1,28.56970442941693,70.40534377656147,18,-90.0,-180.0,1,0,2100,16.69785790648047,208.56970442941693,0.0,-100.32623316259264
2,1.9407804593258788,-61.49704626206538,18,-90.0,-180.0,1,0,2100,14.970161877283973,181.94078045932585,0.0,-99.40981677745444
3,-79.5848580439607,-95.78866871905146,18,-90.0,-180.0,1,0,2100,13.376057729666211,280.4151419560393,0.0,-98.46185464400232
4,-184.99503750148568,-52.56755465364945,18,-90.0,-180.0,1,0,2100,15.242691931238962,355.0049624985143,0.0,-99.35603003691733
5,-20.12914046678094,-37.970679164392635,18,-90.0,-180.0,1,0,2100,15.57196143483527,159.87085953321912,0.0,-99.74180551612484
6,-95.07353066215245,31.056784974053727,18,-90.0,-180.0,1,0,2100,16.416413647308588,84.92646933784755,0.0,-100.08737219824428
7,187.57134550475718,44.7545135002527,18,-90.0,-180.0,1,0,2100,16.523608611539906,7.571345504757176,0.0,-99.91063287742027
8,158.6233587118095,-15.790676606653292,18,-90.0,-180.0,1,0,2100,15.927043755818053,338.62335871180943,0.0,-99.69989036094489
9,78.05387128067929,-44.03727770656493,18,-90.0,-180.0,1,0,2100,15.447984718754453,258.05387128067923,0.0,-99.62700553561024
10,-86.20599373576873,-76.95543116487501,18,-90.0,-180.0,1,0,2100,14.188526394863974,93.79400626423126,0.0,-98.93434811649443
11,166.39522682116996,82.32233139857456,18,-90.0,-180.0,1,0,2100,16.769520635203186,346.39522682117,0.0,-100.03135406635626
12,104.80660763769492,2.2836700160461163,18,-90.0,-180.0,1,0,2100,16.145021140581033,284.8066076376949,0.0,-99.93512713738016
13,58.197071904797326,-59.8924525008721,18,-90.0,-180.0,1,0,2100,15.024930026457378,238.19707190479727,0.0,-99.41860379241474
14,27.789216897124476,-78.49864830143406,18,-90.0,-180.0,1,0,2100,14.062619188808542,207.78921689712445,0.0,-98.87886960212265
15,-177.41880054570626,16.07547647311098,18,-90.0,-180.0,1,0,2100,16.284304807900988,2.581199454293767,0.0,-99.79587664967727
16,175.81080927847552,-69.39638747041478,18,-90.0,-180.0,1,0,2100,14.645620702220626,355.8108092784755,0.0,-99.08552852658327
17,3.266312641744179,36.91554167328934,18,-90.0,-180.0,1,0,2100,16.4636757501016,183.26631264174415,0.0,-100.21902428794832
18,112.0356409621748,-47.06530609440968,18,-90.0,-180.0,1,0,2100,15.379834264361726,292.0356409621748,0.0,-99.54196473190312
19,-153.12843927611408,34.28913989497195,18,-90.0,-180.0,1,0,2100,16.442764537148108,26.87156072388592,0.0,-99.94156608693199
20,-8.902932211608658,44.075640411810554,18,-90.0,-180.0,1,0,2100,16.518558028662415,171.0970677883913,0.0,-100.24610725356041
21,-7.7279627581087595,50.83481360547967,18,-90.0,-180.0,1,0,2100,16.56774157295204,172.2720372418912,0.0,-100.2712286365797
22,179.37581083221602,-80.36656339649048,18,-90.0,-180.0,1,0,2100,13.885394799267127,359.375810832216,0.0,-98.72636931675761
23,7.650038332802495,87.3732963767633,18,-90.0,-180.0,1,0,2100,16.798410421723236,187.6500383328025,0.0,-100.38583172962217
24,4.179128793747537,-57.842873702236545,18,-90.0,-180.0,1,0,2100,15.090788203543474,184.1791287937475,0.0,-99.47788150578597
25,-61.64228404972937,-97.0544444146448,18,-90.0,-180.0,1,0,2100,13.573812945316408,298.3577159502706,0.0,-98.577668230392
26,-93.07987598974238,11.613009256839376,18,-90.0,-180.0,1,0,2100,16.241325499504665,86.92012401025761,0.0,-100.00673584021021
27,1.4185498172563484,-24.845764252926273,18,-90.0,-180.0,1,0,2100,15.796911294922335,181.41854981725632,0.0,-99.86788641958019
28,-19.83150721999945,58.01465685232017,18,-90.0,-180.0,1,0,2100,16.617465202622583,160.16849278000052,0.0,-100.29188723689717
29,-187.57421358684212,60.0988728318398,18,-90.0,-180.0,1,0,2100,16.631448129296324,352.4257864131579,0.0,-99.95411584024875
30,96.45260392183275,-19.58507192014069,18,-90.0,-180.0,1,0,2100,15.874559255134113,276.45260392183275,0.0,-99.81837286640136
31,189.01806993966682,90.69429615372297,18,-90.0,-180.0,1,0,2100,16.809246082236886,189.01806993966684,0.0,-100.39081225345444
0,40.14375584255089,-18.2930415482692,18,0.0,0.0,2,120,2100,15.392104231016695,357.1471746732516,0.0,-99.64261967137966
1,28.56970442941693,70.40534377656147,18,0.0,0.0,2,120,2100,15.908841089960985,249.66134909734126,0.0,-99.93040924533513
2,1.9407804593258788,-61.49704626206538,18,0.0,0.0,2,120,2100,15.739433281648836,58.94643292263072,0.0,-99.83294787643783
3,-79.5848580439607,-95.78866871905146,18,0.0,0.0,2,120,2100,16.131505068522735,54.30607504959073,0.0,-100.0458494932434
4,-184.99503750148568,-52.56755465364945,18,0.0,0.0,2,120,2100,16.466433848346824,56.18700195307133,0.0,-100.22319051363756
5,-20.12914046678094,-37.970679164392635,18,0.0,0.0,2,120,2100,15.363846872258025,83.79462750469156,0.0,-99.62577792876935
6,-95.07353066215245,31.056784974053727,18,0.0,0.0,2,120,2100,16.167109643564054,181.156278718718,0.0,-100.06737147188502
7,187.57134550475718,44.7545135002527,18,0.0,0.0,2,120,2100,16.523529594410217,232.43005728690792,0.0,-100.26104210544437
8,158.6233587118095,-15.790676606653292,18,0.0,0.0,2,120,2100,16.654800549253867,7.8061569872944006,0.0,-100.306926813405
9,78.05387128067929,-44.03727770656493,18,0.0,0.0,2,120,2100,16.02004973372842,14.664358527894592,0.0,-99.9815260349333
10,-86.20599373576873,-76.95543116487501,18,0.0,0.0,2,120,2100,16.11040981663599,73.01695493509857,0.0,-100.03518883948733
11,166.39522682116996,82.32233139857456,18,0.0,0.0,2,120,2100,16.199606230583512,241.8162438936169,0.0,-100.0882245467616
12,104.80660763769492,2.2836700160461163,18,0.0,0.0,2,120,2100,16.272155974110948,327.6379810657749,0.0,-100.11833984846032
13,58.197071904797326,-59.8924525008721,18,0.0,0.0,2,120,2100,15.933250049051814,33.76594358085072,0.0,-99.93724878633314
14,27.789216897124476,-78.49864830143406,18,0.0,0.0,2,120,2100,16.000180457954755,54.58085241186461,0.0,-99.97510455878847
15,-177.41880054570626,16.07547647311098,18,0.0,0.0,2,120,2100,16.718336056220867,231.1177130265351,0.0,-100.3632087942642
16,175.81080927847552,-69.39638747041478,18,0.0,0.0,2,120,2100,16.32558631438793,58.42688351095978,0.0,-100.14941878964564
17,3.266312641744179,36.91554167328934,18,0.0,0.0,2,120,2100,15.232132559924246,244.3372051005777,0.0,-99.5523511082813
18,112.0356409621748,-47.06530609440968,18,0.0,0.0,2,120,2100,16.272273123816518,19.22478432997707,0.0,-100.11619308543925
19,-153.12843927611408,34.28913989497195,18,0.0,0.0,2,120,2100,16.54360254025221,206.4609811888775,0.0,-100.27086244884553
20,-8.902932211608658,44.075640411810554,18,0.0,0.0,2,120,2100,15.422006724152196,230.91883889297537,0.0,-99.66006342737855
21,-7.7279627581087595,50.83481360547967,18,0.0,0.0,2,120,2100,15.557014628213922,233.7490316353401,0.0,-99.73549277851332
22,179.37581083221602,-80.36656339649048,18,0.0,0.0,2,120,2100,16.221645955291166,59.89405379984669,0.0,-100.09432620329373
23,7.650038332802495,87.3732963767633,18,0.0,0.0,2,120,2100,16.090611365866472,240.34991287181748,0.0,-100.02918333787142
24,4.179128793747537,-57.842873702236545,18,0.0,0.0,2,120,2100,15.6795378364437,57.3767908813403,0.0,-99.79980787552634
25,-61.64228404972937,-97.0544444146448,18,0.0,0.0,2,120,2100,16.156446849181915,53.7850235884996,0.0,-100.05917112978993
26,-93.07987598974238,11.613009256839376,18,0.0,0.0,2,120,2100,16.152933743464512,161.6293500667938,0.0,-100.05890774893243
27,1.4185498172563484,-24.845764252926273,18,0.0,0.0,2,120,2100,14.834365566259747,56.93963248105888,0.0,-99.31719802232661
28,-19.83150721999945,58.01465685232017,18,0.0,0.0,2,120,2100,15.716383483322979,228.03766576126395,0.0,-99.82372327545244
29,-187.57421358684212,60.0988728318398,18,0.0,0.0,2,120,2100,16.404424364267847,244.33460088485486,0.0,-100.19800628688208
30,96.45260392183275,-19.58507192014069,18,0.0,0.0,2,120,2100,16.1853125987671,349.70034722390534,0.0,-100.06661477450078
31,189.01806993966682,90.69429615372297,18,0.0,0.0,2,120,2100,16.112315398979835,240.108833309406,0.0,-100.0409455925156
0,40.14375584255089,-18.2930415482692,18,90.0,180.0,3,240,2100,16.30499482354822,79.85624415744911,0.0,-100.09773780542216
1,28.56970442941693,70.40534377656147,18,90.0,180.0,3,240,2100,14.595411186137973,91.4302955705831,0.0,-99.17334525755528
2,1.9407804593258788,-61.49704626206538,18,90.0,180.0,3,240,2100,16.640720027720192,118.05921954067412,0.0,-100.3187494609797
3,-79.5848580439607,-95.78866871905146,18,90.0,180.0,3,240,2100,16.780423001689527,19.58485804396065,0.0,-100.10266980560588
4,-184.99503750148568,-52.56755465364945,18,90.0,180.0,3,240,2100,16.579969858413786,304.9950375014856,0.0,-99.4923223947201
5,-20.12914046678094,-37.970679164392635,18,90.0,180.0,3,240,2100,16.471955079133107,140.12914046678094,0.0,-100.21911233772721
6,-95.07353066215245,31.056784974053727,18,90.0,180.0,3,240,2100,15.696728515948058,215.07353066215245,0.0,-99.61322567172772
7,187.57134550475718,44.7545135002527,18,90.0,180.0,3,240,2100,15.432256958137321,292.4286544952429,0.0,-99.15604331145245
8,158.6233587118095,-15.790676606653292,18,90.0,180.0,3,240,2100,16.28161631793022,321.3766412881905,0.0,-99.29010330824484
9,78.05387128067929,-44.03727770656493,18,90.0,180.0,3,240,2100,16.51827186040759,41.94612871932071,0.0,-100.08769278638894
10,-86.20599373576873,-76.95543116487501,18,90.0,180.0,3,240,2100,16.73788079163653,206.20599373576874,0.0,-100.15511465480178
11,166.39522682116996,82.32233139857456,18,90.0,180.0,3,240,2100,13.658470943878173,313.60477317883004,0.0,-98.43827699724163
12,104.80660763769492,2.2836700160461163,18,90.0,180.0,3,240,2100,16.094262027522856,15.193392362305076,0.0,-99.76537539976607
13,58.197071904797326,-59.8924525008721,18,90.0,180.0,3,240,2100,16.63007195382889,61.802928095202674,0.0,-100.21599254675596
14,27.789216897124476,-78.49864830143406,18,90.0,180.0,3,240,2100,16.74708162140813,92.2107831028755,0.0,-100.34973803625756
15,-177.41880054570626,16.07547647311098,18,90.0,180.0,3,240,2100,15.923198582162708,297.4188005457063,0.0,-99.31104787576695
16,175.81080927847552,-69.39638747041478,18,90.0,180.0,3,240,2100,16.691547999444293,304.1891907215245,0.0,-99.53397893594797
17,3.266312641744179,36.91554167328934,18,90.0,180.0,3,240,2100,15.592038208036831,116.73368735825579,0.0,-99.7457343688929
18,112.0356409621748,-47.06530609440968,18,90.0,180.0,3,240,2100,16.54061140489378,7.964359037825204,0.0,-99.93468549506254
19,-153.12843927611408,34.28913989497195,18,90.0,180.0,3,240,2100,15.640329104415247,273.128439276114,0.0,-99.3301873130188
20,-8.902932211608658,44.075640411810554,18,90.0,180.0,3,240,2100,15.447149722165422,128.90293221160863,0.0,-99.6632818835576
21,-7.7279627581087595,50.83481360547967,18,90.0,180.0,3,240,2100,15.287942319671115,127.72796275810873,0.0,-99.57461206438397
22,179.37581083221602,-80.36656339649048,18,90.0,180.0,3,240,2100,16.758106263955035,300.6241891677839,0.0,-99.5802013949182
23,7.650038332802495,87.3732963767633,18,90.0,180.0,3,240,2100,12.585886945095409,112.34996166719753,0.0,-97.93361718266539
24,4.179128793747537,-57.842873702236545,18,90.0,180.0,3,240,2100,16.61630394667189,115.82087120625249,0.0,-100.3057464553692
25,-61.64228404972937,-97.0544444146448,18,90.0,180.0,3,240,2100,16.773130729594858,1.6422840497293691,0.0,-99.99818967458636
26,-93.07987598974238,11.613009256839376,18,90.0,180.0,3,240,2100,15.981811934074594,213.07987598974233,0.0,-99.76184300759019
27,1.4185498172563484,-24.845764252926273,18,90.0,180.0,3,240,2100,16.363743966270853,118.58145018274365,0.0,-100.17259761957037
28,-19.83150721999945,58.01465685232017,18,90.0,180.0,3,240,2100,15.085431892376858,139.83150721999942,0.0,-99.45519132013612
29,-187.57421358684212,60.0988728318398,18,90.0,180.0,3,240,2100,15.01805031833276,307.57421358684206,0.0,-98.94043895648593
30,96.45260392183275,-19.58507192014069,18,90.0,180.0,3,240,2100,16.316855082388287,23.547396078167253,0.0,-99.91001639264671
31,189.01806993966682,90.69429615372297,18,90.0,180.0,3,240,2100,11.25531010374949,110.98193006033324,0.0,-97.00357753503924
0,40.12508773523848,-18.293606187751976,19,-90.0,-180.0,1,0,2100,15.89273388370032,220.12508773523845,0.0,-99.90316573773616
1,26.12399465632339,72.21399257309642,19,-90.0,-180.0,1,0,2100,16.70907030102888,206.1239946563234,0.0,-100.33351070693321
2,1.7299475757487244,-61.5146223839407,19,-90.0,-180.0,1,0,2100,14.969545045154522,181.7299475757487,0.0,-99.40946675528174
3,-77.89168267444661,-95.56468588360653,19,-90.0,-180.0,1,0,2100,13.336595992747233,282.10831732555334,0.0,-98.43863650654703
4,-185.06503808521347,-51.6550142949724,19,-90.0,-180.0,1,0,2100,15.266777842975749,354.9349619147865,0.0,-99.3668807242708
5,-18.21718541593478,-37.31241523300695,19,-90.0,-180.0,1,0,2100,15.584533855408303,161.78281458406525,0.0,-99.74932370070914
6,-90.86783378440087,34.05352696518892,19,-90.0,-180.0,1,0,2100,16.44086705423541,89.13216621559911,0.0,-100.1081766411337
7,189.7921157407025,43.67788353787549,19,-90.0,-180.0,1,0,2100,16.515586959344862,9.792115740702513,0.0,-99.9151321207651
8,159.7579072885589,-15.585340699923819,19,-90.0,-180.0,1,0,2100,15.929806917036482,339.75790728855884,0.0,-99.69800899176667
9,75.3980829961543,-43.99051797357457,19,-90.0,-180.0,1,0,2100,15.449001541787688,255.3980829961543,0.0,-99.63082661099547
10,-87.45671838835354,-75.59664620592147,19,-90.0,-180.0,1,0,2100,14.28761554580382,92.54328161164648,0.0,-98.98929430547858
11,162.72082356193943,84.2166800326516,19,-90.0,-180.0,1,0,2100,16.7804537038791,342.7208235619395,0.0,-100.04924165780658
12,104.26264579660813,2.792720717433383,19,-90.0,-180.0,1,0,2100,16.150522133264626,284.2626457966081,0.0,-99.93898467340838
13,64.55390590238864,-59.49303253381834,19,-90.0,-180.0,1,0,2100,15.03810923378735,244.55390590238864,0.0,-99.42074767822248
14,27.012310281643323,-76.82923934395497,19,-90.0,-180.0,1,0,2100,14.198153793151617,207.0123102816433,0.0,-98.95966638698587
15,-170.2592185469379,14.44977619378301,19,-90.0,-180.0,1,0,2100,16.268860271578408,9.74078145306214,0.0,-99.81281626440986
16,175.72680635885217,-69.42407022588809,19,-90.0,-180.0,1,0,2100,14.644276211921953,355.7268063588522,0.0,-99.08503266183862
17,1.538318754655279,37.34364286432364,19,-90.0,-180.0,1,0,2100,16.46704319239169,181.53831875465525,0.0,-100.22088378074073
18,113.64212934636447,-45.20762576729068,19,-90.0,-180.0,1,0,2100,15.422191947749035,293.6421293463644,0.0,-99.56053778344162
19,-152.80702243752324,34.107351094272246,19,-90.0,-180.0,1,0,2100,16.441300838371344,27.192977562476756,0.0,-99.94195986187627
20,-7.269106425831438,44.10028031406716,19,-90.0,-180.0,1,0,2100,16.51874178789485,172.7308935741686,0.0,-100.24653748914767
21,-7.461898155677773,51.61497377908026,19,-90.0,-180.0,1,0,2100,16.573265826414826,172.53810184432223,0.0,-100.27407985886143
22,181.03086680540815,-81.16875798674994,19,-90.0,-180.0,1,0,2100,13.798450520568156,1.0308668054081522,0.0,-98.684629172664
23,8.033980695129173,88.33859764152984,19,-90.0,-180.0,1,0,2100,16.803837867933666,188.03398069512917,0.0,-100.38841314314577
24,4.500757045978418,-58.20133425545998,19,-90.0,-180.0,1,0,2100,15.079578453974172,184.5007570459784,0.0,-99.47153735390592
25,-60.045626741905494,-98.61068422565455,19,-90.0,-180.0,1,0,2100,13.773158667546001,299.9543732580945,0.0,-98.68906278685145
26,-93.39496998689486,10.470690727119646,19,-90.0,-180.0,1,0,2100,16.230019980105297,86.60503001310514,0.0,-100.0005594072879
27,3.5453659336530734,-25.18319725784211,19,-90.0,-180.0,1,0,2100,15.791718850200278,183.54536593365304,0.0,-99.86496956814108
28,-20.363089300696316,56.73506806447904,19,-90.0,-180.0,1,0,2100,16.60878260419813,159.6369106993037,0.0,-100.28724215098039
29,-187.73367102257333,60.47593516660524,19,-90.0,-180.0,1,0,2100,16.63395707216171,352.26632897742667,0.0,-99.95568364789726
30,93.31818605348894,-19.83942878952746,19,-90.0,-180.0,1,0,2100,15.87094045789357,273.31818605348894,0.0,-99.8221939417866
31,184.42768572175243,90.77802496243442,19,-90.0,-180.0,1,0,2100,16.808779011988374,184.4276857217524,0.0,-100.39143208438524
0,40.12508773523848,-18.293606187751976,19,0.0,0.0,2,120,2100,15.391726523758946,357.15693508896794,0.0,-99.64240436798028
1,26.12399465632339,72.21399257309642,19,0.0,0.0,2,120,2100,15.925329490269288,248.03990537594495,0.0,-99.93939136870567
2,1.7299475757487244,-61.5146223839407,19,0.0,0.0,2,120,2100,15.739659210478727,59.06151323600466,0.0,-99.83307538621804
3,-77.89168267444661,-95.56468588360653,19,0.0,0.0,2,120,2100,16.13283044723282,54.55836132629929,0.0,-100.04656438414233
4,-185.06503808521347,-51.6550142949724,19,0.0,0.0,2,120,2100,16.47349754635482,56.00511542076117,0.0,-100.22685485207568
5,-18.21718541593478,-37.31241523300695,19,0.0,0.0,2,120,2100,15.33208630086763,82.30283948773354,0.0,-99.60782622397386
6,-90.86783378440087,34.05352696518892,19,0.0,0.0,2,120,2100,16.12792080605329,184.05657632873596,0.0,-100.04633235814882
7,189.7921157407025,43.67788353787549,19,0.0,0.0,2,120,2100,16.528791863973527,229.90096447054373,0.0,-100.26378670120549
8,159.7579072885589,-15.585340699923819,19,0.0,0.0,2,120,2100,16.66134611888091,8.875163394379115,0.0,-100.31059533249164
9,75.3980829961543,-43.99051797357457,19,0.0,0.0,2,120,2100,15.996540889234442,14.930887936126965,0.0,-99.96891719896144
10,-87.45671838835354,-75.59664620592147,19,0.0,0.0,2,120,2100,16.112911719100126,74.38975567201948,0.0,-100.03655591155723
11,162.72082356193943,84.2166800326516,19,0.0,0.0,2,120,2100,16.179505093824762,241.72314524774924,0.0,-100.07736740252453
12,104.26264579660813,2.792720717433383,19,0.0,0.0,2,120,2100,16.266901166860038,327.1186076853479,0.0,-100.11581264642285
13,64.55390590238864,-59.49303253381834,19,0.0,0.0,2,120,2100,15.969162291268752,31.984806095437875,0.0,-99.95654665995588
14,27.012310281643323,-76.82923934395497,19,0.0,0.0,2,120,2100,15.98054470760793,53.933213111496116,0.0,-99.96444181470815
15,-170.2592185469379,14.44977619378301,19,0.0,0.0,2,120,2100,16.711642564748146,206.7116352108543,0.0,-100.35962597847245
16,175.72680635885217,-69.42407022588809,19,0.0,0.0,2,120,2100,16.3253155838248,58.39776510219872,0.0,-100.14927873791981
17,1.538318754655279,37.34364286432364,19,0.0,0.0,2,120,2100,15.241041010690477,242.01507089047948,0.0,-99.55753720278497
18,113.64212934636447,-45.20762576729068,19,0.0,0.0,2,120,2100,16.287468956985997,17.714959219741104,0.0,-100.12381022706417
19,-152.80702243752324,34.107351094272246,19,0.0,0.0,2,120,2100,16.543281804115818,205.98918052595053,0.0,-100.27067013901308
20,-7.269106425831438,44.10028031406716,19,0.0,0.0,2,120,2100,15.417292675805076,232.56112583339439,0.0,-99.657394083291
21,-7.461898155677773,51.61497377908026,19,0.0,0.0,2,120,2100,15.571365597647054,234.1263055516311,0.0,-99.74348199785757
22,181.03086680540815,-81.16875798674994,19,0.0,0.0,2,120,2100,16.213553122373725,60.160153181788445,0.0,-100.09003058692733
23,8.033980695129173,88.33859764152984,19,0.0,0.0,2,120,2100,16.101515693466588,240.23226205326966,0.0,-100.0350926845711
24,4.500757045978418,-58.20133425545998,19,0.0,0.0,2,120,2100,15.685941524800693,57.214622713370204,0.0,-99.8033342525629
25,-60.045626741905494,-98.61068422565455,19,0.0,0.0,2,120,2100,16.166499763047774,52.525515822297734,0.0,-100.06447010180398
26,-93.39496998689486,10.470690727119646,19,0.0,0.0,2,120,2100,16.15638523894838,160.4886906105113,0.0,-100.06073678266509
27,3.5453659336530734,-25.18319725784211,19,0.0,0.0,2,120,2100,14.855509670009516,52.5077835733681,0.0,-99.32866136060078
28,-20.363089300696316,56.73506806447904,19,0.0,0.0,2,120,2100,15.69860320952135,227.14154256708963,0.0,-99.81388411913288
29,-187.73367102257333,60.47593516660524,19,0.0,0.0,2,120,2100,16.4012028951497,244.35807824109077,0.0,-100.19629222098403
30,93.31818605348894,-19.83942878952746,19,0.0,0.0,2,120,2100,16.154054110708234,349.87013965467145,0.0,-100.05073458105278
31,184.42768572175243,90.77802496243442,19,0.0,0.0,2,120,2100,16.11130733297671,240.06006782113843,0.0,-100.04039165658514
0,40.12508773523848,-18.293606187751976,19,90.0,180.0,3,240,2100,16.30500003753017,79.87491226476152,0.0,-100.0977823016305
1,26.12399465632339,72.21399257309642,19,90.0,180.0,3,240,2100,14.498566393903529,93.87600534367664,0.0,-99.1201136344937
2,1.7299475757487244,-61.5146223839407,19,90.0,180.0,3,240,2100,16.64083603725165,118.27005242425128,0.0,-100.31882935189923
3,-77.89168267444661,-95.56468588360653,19,90.0,180.0,3,240,2100,16.781707871959608,17.891682674446542,0.0,-100.09414170276615
4,-185.06503808521347,-51.6550142949724,19,90.0,180.0,3,240,2100,16.57354852853863,305.0650380852135,0.0,-99.48975071613343
5,-18.21718541593478,-37.31241523300695,19,90.0,180.0,3,240,2100,16.46679793901344,138.21718541593475,0.0,-100.2184499509894
6,-90.86783378440087,34.05352696518892,19,90.0,180.0,3,240,2100,15.644549395818444,210.8678337844009,0.0,-99.60280142364613
7,189.7921157407025,43.67788353787549,19,90.0,180.0,3,240,2100,15.455773558622047,290.20788425929743,0.0,-99.17535567715038
8,159.7579072885589,-15.585340699923819,19,90.0,180.0,3,240,2100,16.279673467871042,320.2420927114411,0.0,-99.29656739378399
9,75.3980829961543,-43.99051797357457,19,90.0,180.0,3,240,2100,16.51792294338418,44.6019170038457,0.0,-100.09828794036166
10,-87.45671838835354,-75.59664620592147,19,90.0,180.0,3,240,2100,16.729708883898503,207.45671838835352,0.0,-100.14549437230274
11,162.72082356193943,84.2166800326516,19,90.0,180.0,3,240,2100,13.375133300179703,317.2791764380606,0.0,-98.3280396636291
12,104.26264579660813,2.792720717433383,19,90.0,180.0,3,240,2100,16.088441748736347,15.737354203391874,0.0,-99.76510336612871
13,64.55390590238864,-59.49303253381834,19,90.0,180.0,3,240,2100,16.62740368699548,55.44609409761131,0.0,-100.19288789057434
14,27.012310281643323,-76.82923934395497,19,90.0,180.0,3,240,2100,16.737124664520525,92.98768971835665,0.0,-100.34605597501725
15,-170.2592185469379,14.44977619378301,19,90.0,180.0,3,240,2100,15.944951610261654,290.25921854693786,0.0,-99.35911996121577
16,175.72680635885217,-69.42407022588809,19,90.0,180.0,3,240,2100,16.69172165676969,304.2731936411478,0.0,-99.53345307166757
17,1.538318754655279,37.34364286432364,19,90.0,180.0,3,240,2100,15.583940985493973,118.46168124534472,0.0,-99.74138486452746
18,113.64212934636447,-45.20762576729068,19,90.0,180.0,3,240,2100,16.526965472347158,6.35787065363553,0.0,-99.91989657345357
19,-152.80702243752324,34.107351094272246,19,90.0,180.0,3,240,2100,15.643586868150875,272.8070224375233,0.0,-99.33309170189058
20,-7.269106425831438,44.10028031406716,19,90.0,180.0,3,240,2100,15.44661304598589,127.26910642583141,0.0,-99.66352459014857
21,-7.461898155677773,51.61497377908026,19,90.0,180.0,3,240,2100,15.267821515696399,127.46189815567777,0.0,-99.56342935820564
22,181.03086680540815,-81.16875798674994,19,90.0,180.0,3,240,2100,16.762803851425648,298.9691331945919,0.0,-99.59333788915374
23,8.033980695129173,88.33859764152984,19,90.0,180.0,3,240,2100,12.127821287261204,111.96601930487083,0.0,-97.62303756713798
24,4.500757045978418,-58.20133425545998,19,90.0,180.0,3,240,2100,16.618725616794233,115.49924295402155,0.0,-100.30691549211564
25,-60.045626741905494,-98.61068422565455,19,90.0,180.0,3,240,2100,16.764091561880598,0.04562674190546545,0.0,-99.98494193982997
26,-93.39496998689486,10.470690727119646,19,90.0,180.0,3,240,2100,15.99627957705655,213.39496998689486,0.0,-99.76767908982524
27,3.5453659336530734,-25.18319725784211,19,90.0,180.0,3,240,2100,16.366677798762023,116.4546340663469,0.0,-100.17388598705736
28,-20.363089300696316,56.73506806447904,19,90.0,180.0,3,240,2100,15.124657857397711,140.3630893006963,0.0,-99.47671231581174
29,-187.73367102257333,60.47593516660524,19,90.0,180.0,3,240,2100,15.005359832412841,307.73367102257333,0.0,-98.93538155789687
30,93.31818605348894,-19.83942878952746,19,90.0,180.0,3,240,2100,16.31917348312902,26.681813946511056,0.0,-99.92542320478515
31,184.42768572175243,90.77802496243442,19,90.0,180.0,3,240,2100,11.369168716456251,115.57231427824757,0.0,-97.0866883620025
0,42.199793750114736,-16.35740060607357,20,-90.0,-180.0,1,0,2100,15.919377616678522,222.19979375011474,0.0,-99.91554047996657
1,28.301828506814502,72.21422689172957,20,-90.0,-180.0,1,0,2100,16.709071745530967,208.3018285068145,0.0,-100.33195748354188
2,0.7386179819956169,-61.71989118956914,20,-90.0,-180.0,1,0,2100,14.962312846567256,180.73861798199562,0.0,-99.405383163267
3,-78.44757809549664,-95.47895319532363,20,-90.0,-180.0,1,0,2100,13.321069539829043,281.5524219045033,0.0,-98.42926612129891
4,-184.7174962679647,-51.53564080443172,20,-90.0,-180.0,1,0,2100,15.269886151187048,355.2825037320353,0.0,-99.3675224315874
5,-17.00060272163128,-36.538717213199014,20,-90.0,-180.0,1,0,2100,15.599111714003243,162.99939727836875,0.0,-99.75768048008217
6,-89.63650903674947,37.89853250747359,20,-90.0,-180.0,1,0,2100,16.47139114529133,90.36349096325051,0.0,-100.1254735701676
7,188.53165110093613,41.41266548937534,20,-90.0,-180.0,1,0,2100,16.498496398856805,8.531651100936074,0.0,-99.90377098440977
8,161.25721324174924,-15.720491733646284,20,-90.0,-180.0,1,0,2100,15.927989077684447,341.2572132417492,0.0,-99.69307222070599
9,75.44799294120418,-43.448087587983366,20,-90.0,-180.0,1,0,2100,15.460722119100481,255.44799294120418,0.0,-99.6369592911462
10,-87.34071515744303,-75.73595672965752,20,-90.0,-180.0,1,0,2100,14.277896384155314,92.65928484255699,0.0,-98.98392000670204
11,163.48940353403805,83.63340023076245,20,-90.0,-180.0,1,0,2100,16.777100073384076,343.48940353403805,0.0,-100.04504868386286
12,103.04491734850478,3.5825656902378284,20,-90.0,-180.0,1,0,2100,16.15899803841798,283.0449173485048,0.0,-99.94572989236131
13,64.23062291966389,-59.62063053515182,20,-90.0,-180.0,1,0,2100,15.033917877995199,244.23062291966386,0.0,-99.41871317434371
14,26.706235773720323,-76.2427597517602,20,-90.0,-180.0,1,0,2100,14.241719742299583,206.7062357737203,0.0,-98.98544406157896
15,-166.82261492048048,13.68195486448829,20,-90.0,-180.0,1,0,2100,16.26148201414143,13.177385079519524,0.0,-99.82066988690966
16,175.16141741750369,-69.83046134869937,20,-90.0,-180.0,1,0,2100,14.624327764359457,355.1614174175037,0.0,-99.07666129820839
17,-0.5551123675118959,37.510537135550294,20,-90.0,-180.0,1,0,2100,16.46835291611934,179.44488763248808,0.0,-100.22154736444314
18,111.69927440876171,-43.2856251931822,20,-90.0,-180.0,1,0,2100,15.464205961604968,291.6992744087617,0.0,-99.58498829062992
19,-151.54925265311195,34.011384852075224,20,-90.0,-180.0,1,0,2100,16.440527287436808,28.450747346888022,0.0,-99.94564967894674
20,-8.14786367143057,44.59698874546024,20,-90.0,-180.0,1,0,2100,16.52243895211027,171.8521363285695,0.0,-100.24825843149675
21,-7.831127958287027,51.6808804686608,20,-90.0,-180.0,1,0,2100,16.573731111632394,172.16887204171303,0.0,-100.2742184093048
22,183.88686260886493,-81.28055779080802,20,-90.0,-180.0,1,0,2100,13.785710139573188,3.886862608864874,0.0,-98.6794153007166
23,7.474743471422812,89.15503413430648,20,-90.0,-180.0,1,0,2100,16.808405433890627,187.47474347142284,0.0,-100.39076120855425
24,10.625038359478651,-59.53153590464,20,-90.0,-180.0,1,0,2100,15.036846319737933,190.62503835947862,0.0,-99.44681703795949
25,-61.05467729716298,-97.66237036655471,20,-90.0,-180.0,1,0,2100,13.656476395877759,298.945322702837,0.0,-98.62419930297433
26,-98.13785399388352,10.147038762310402,20,-90.0,-180.0,1,0,2100,16.2267934236346,81.86214600611646,0.0,-99.9891618102896
27,2.8536623361660247,-23.724795709241775,20,-90.0,-180.0,1,0,2100,15.813969810469821,182.853662336166,0.0,-99.87705991735616
28,-19.798512429484447,56.86043240382966,20,-90.0,-180.0,1,0,2100,16.609636597798836,160.2014875705156,0.0,-100.28797136384017
29,-184.65379653738418,57.8390863917985,20,-90.0,-180.0,1,0,2100,16.61627832921314,355.3462034626158,0.0,-99.93744603427426
30,89.05350903426336,-18.94749471198864,20,-90.0,-180.0,1,0,2100,15.883573081551598,269.05350903426336,0.0,-99.83604169399375
31,179.33884480828647,92.6649221125123,20,-90.0,-180.0,1,0,2100,16.798194929277837,179.33884480828647,0.0,-100.38653906609615
0,42.199793750114736,-16.35740060607357,20,0.0,0.0,2,120,2100,15.420086791970363,353.60300352300726,0.0,-99.65823857429442
1,28.301828506814502,72.21422689172957,20,0.0,0.0,2,120,2100,15.929589769343332,248.6479682513213,0.0,-99.94174507382907
2,0.7386179819956169,-61.71989118956914,20,0.0,0.0,2,120,2100,15.742801747801089,59.602643274314005,0.0,-99.83484171022273
3,-78.44757809549664,-95.47895319532363,20,0.0,0.0,2,120,2100,16.132063823947693,54.63138490528888,0.0,-100.04615886123474
4,-184.7174962679647,-51.53564080443172,20,0.0,0.0,2,120,2100,16.4746056662772,56.26186880284206,0.0,-100.22745895578852
5,-17.00060272163128,-36.538717213199014,20,0.0,0.0,2,120,2100,15.303882458244045,81.53287198705763,0.0,-99.59189795306774
6,-89.63650903674947,37.89853250747359,20,0.0,0.0,2,120,2100,16.11677152226116,187.89909139742366,0.0,-100.04049617279843
7,188.53165110093613,41.41266548937534,20,0.0,0.0,2,120,2100,16.546490576755005,230.452131811404,0.0,-100.2731450829439
8,161.25721324174924,-15.720491733646284,20,0.0,0.0,2,120,2100,16.668215387561954,11.218029846680395,0.0,-100.31495156826178
9,75.44799294120418,-43.448087587983366,20,0.0,0.0,2,120,2100,15.995780704703918,14.38146535266543,0.0,-99.96841134048908
10,-87.34071515744303,-75.73595672965752,20,0.0,0.0,2,120,2100,16.112659193329744,74.24930819760633,0.0,-100.03642631145274
11,163.48940353403805,83.63340023076245,20,0.0,0.0,2,120,2100,16.185575173014254,241.81621615004167,0.0,-100.0806429406492
12,103.04491734850478,3.5825656902378284,20,0.0,0.0,2,120,2100,16.255067135335818,326.32278844248856,0.0,-100.10998482236954
13,64.23062291966389,-59.62063053515182,20,0.0,0.0,2,120,2100,15.967835099842297,32.1697769501277,0.0,-99.9558464013268
14,26.706235773720323,-76.2427597517602,20,0.0,0.0,2,120,2100,15.97345481272229,53.720910114192975,0.0,-99.96058934708611
15,-166.82261492048048,13.68195486448829,20,0.0,0.0,2,120,2100,16.7021291727725,196.88000864271805,0.0,-100.35429983224296
16,175.16141741750369,-69.83046134869937,20,0.0,0.0,2,120,2100,16.321493501424637,58.225347874343015,0.0,-100.14724903305763
17,-0.5551123675118959,37.510537135550294,20,0.0,0.0,2,120,2100,15.244869346805997,239.2768885983807,0.0,-99.55984492077452
18,111.69927440876171,-43.2856251931822,20,0.0,0.0,2,120,2100,16.279940078784133,15.390174695713029,0.0,-100.11935156540501
19,-151.54925265311195,34.011384852075224,20,0.0,0.0,2,120,2100,16.538579605051964,204.77813577330028,0.0,-100.26811785308442
20,-8.14786367143057,44.59698874546024,20,0.0,0.0,2,120,2100,15.430820618060915,231.8205458644893,0.0,-99.66499659264605
21,-7.831127958287027,51.6808804686608,20,0.0,0.0,2,120,2100,15.573356378624046,233.85403621210605,0.0,-99.74459196004275
22,183.88686260886493,-81.28055779080802,20,0.0,0.0,2,120,2100,16.212231080686504,60.59564485568808,0.0,-100.08934705089237
23,7.474743471422812,89.15503413430648,20,0.0,0.0,2,120,2100,16.110611291246034,240.1099287183668,0.0,-100.04001330789302
24,10.625038359478651,-59.53153590464,20,0.0,0.0,2,120,2100,15.716292901297948,53.80921796278699,0.0,-99.81989589172159
25,-61.05467729716298,-97.66237036655471,20,0.0,0.0,2,120,2100,16.160251279067378,53.28544489185208,0.0,-100.06117575076092
26,-98.13785399388352,10.147038762310402,20,0.0,0.0,2,120,2100,16.205220653699822,160.2480785255546,0.0,-100.08706232646975
27,2.8536623361660247,-23.724795709241775,20,0.0,0.0,2,120,2100,14.793444471197573,53.53704766781186,0.0,-99.2921371247028
28,-19.798512429484447,56.86043240382966,20,0.0,0.0,2,120,2100,15.698452574252912,227.53040324129762,0.0,-99.81380677713504
29,-184.65379653738418,57.8390863917985,20,0.0,0.0,2,120,2100,16.424520934760746,242.9204718646265,0.0,-100.20868157290799
30,89.05350903426336,-18.94749471198864,20,0.0,0.0,2,120,2100,16.109967118078547,348.94989583670537,0.0,-100.02860640837403
31,179.33884480828647,92.6649221125123,20,0.0,0.0,2,120,2100,16.089908166838686,239.9692270625805,0.0,-100.0287861762609
0,42.199793750114736,-16.35740060607357,20,90.0,180.0,3,240,2100,16.286959051241364,77.80020624988526,0.0,-100.08370633063248
1,28.301828506814502,72.21422689172957,20,90.0,180.0,3,240,2100,14.498553219498916,91.6981714931855,0.0,-99.11854514314965
2,0.7386179819956169,-61.71989118956914,20,90.0,180.0,3,240,2100,16.64218989913499,119.26138201800438,0.0,-100.31959994532552
3,-78.44757809549664,-95.47895319532363,20,90.0,180.0,3,240,2100,16.782199238188714,18.447578095496567,0.0,-100.0973474523217
4,-184.7174962679647,-51.53564080443172,20,90.0,180.0,3,240,2100,16.572705467597967,304.7174962679647,0.0,-99.49181169960163
5,-17.00060272163128,-36.538717213199014,20,90.0,180.0,3,240,2100,16.460702237542105,137.00060272163125,0.0,-100.21642840734222
6,-89.63650903674947,37.89853250747359,20,90.0,180.0,3,240,2100,15.573347127907873,209.6365090367495,0.0,-99.57151553279435
7,188.53165110093613,41.41266548937534,20,90.0,180.0,3,240,2100,15.503516915337727,291.4683488990638,0.0,-99.1872766158762
8,161.25721324174924,-15.720491733646284,20,90.0,180.0,3,240,2100,16.280952666264238,318.74278675825076,0.0,-99.30632723257284
9,75.44799294120418,-43.448087587983366,20,90.0,180.0,3,240,2100,16.51386645279768,44.55200705879582,0.0,-100.09610964870782
10,-87.34071515744303,-75.73595672965752,20,90.0,180.0,3,240,2100,16.730549794350157,207.34071515744301,0.0,-100.14642474756808
11,163.48940353403805,83.63340023076245,20,90.0,180.0,3,240,2100,13.471220790152726,316.51059646596195,0.0,-98.36472021410363
12,103.04491734850478,3.5825656902378284,20,90.0,180.0,3,240,2100,16.079343385682492,16.955082651495218,0.0,-99.76630678630887
13,64.23062291966389,-59.62063053515182,20,90.0,180.0,3,240,2100,16.628256861003646,55.769377080336085,0.0,-100.19445941575079
14,26.706235773720323,-76.2427597517602,20,90.0,180.0,3,240,2100,16.733603022543555,93.29376422627968,0.0,-100.34478985563443
15,-166.82261492048048,13.68195486448829,20,90.0,180.0,3,240,2100,15.955063370751564,286.8226149204804,0.0,-99.38213764753561
16,175.16141741750369,-69.83046134869937,20,90.0,180.0,3,240,2100,16.694267533361877,304.8385825824963,0.0,-99.5303494611357
17,-0.5551123675118959,37.510537135550294,20,90.0,180.0,3,240,2100,15.580766453536972,120.55511236751187,0.0,-99.73965456878943
18,111.69927440876171,-43.2856251931822,20,90.0,180.0,3,240,2100,16.512648291041863,8.30072559123829,0.0,-99.92409640875458
19,-151.54925265311195,34.011384852075224,20,90.0,180.0,3,240,2100,15.645302369868402,271.549252653112,0.0,-99.33995928713719
20,-8.14786367143057,44.59698874546024,20,90.0,180.0,3,240,2100,15.435732468179689,128.14786367143057,0.0,-99.65716264363311
21,-7.831127958287027,51.6808804686608,20,90.0,180.0,3,240,2100,15.266103050815106,127.83112795828703,0.0,-99.56235335898573
22,183.88686260886493,-81.28055779080802,20,90.0,180.0,3,240,2100,16.76345679361016,296.11313739113507,0.0,-99.61357557372968
23,7.474743471422812,89.15503413430648,20,90.0,180.0,3,240,2100,11.451705423599508,112.52525652857724,0.0,-97.14739585370428
24,10.625038359478651,-59.53153590464,20,90.0,180.0,3,240,2100,16.627661213451727,109.37496164052135,0.0,-100.30880860352511
25,-61.05467729716298,-97.66237036655471,20,90.0,180.0,3,240,2100,16.769609408114537,1.054677297162982,0.0,-99.99324250524069
26,-98.13785399388352,10.147038762310402,20,90.0,180.0,3,240,2100,16.00034091176034,218.13785399388348,0.0,-99.74980476067874
27,2.8536623361660247,-23.724795709241775,20,90.0,180.0,3,240,2100,16.353935376372295,117.14633766383395,0.0,-100.16713874382876
28,-19.798512429484447,56.86043240382966,20,90.0,180.0,3,240,2100,15.120882075477677,139.79851242948445,0.0,-99.47501539222996
29,-184.65379653738418,57.8390863917985,20,90.0,180.0,3,240,2100,15.090905971727642,304.65379653738415,0.0,-98.97791841615569
30,89.05350903426336,-18.94749471198864,20,90.0,180.0,3,240,2100,16.31101998902353,30.946490965736643,0.0,-99.94033145713466
31,179.33884480828647,92.6649221125123,20,90.0,180.0,3,240,2100,12.600332042302606,120.66115519171353,0.0,-97.94313128103089
0,50.32517525199589,-13.380958949190997,21,-90.0,-180.0,1,0,2100,15.958999581072721,230.32517525199583,0.0,-99.92869547995693
1,30.31501615987304,74.26017432397771,21,-90.0,-180.0,1,0,2100,16.721605494553568,210.31501615987304,0.0,-100.33653694030127
2,3.0974208027232635,-63.0682022469978,21,-90.0,-180.0,1,0,2100,14.91346183495079,183.09742080272324,0.0,-99.37759286118091
3,-77.24449230441651,-95.03261241388135,21,-90.0,-180.0,1,0,2100,13.236094841145716,282.75550769558345,0.0,-98.37857853541585
4,-185.07122853681054,-51.87038938459407,21,-90.0,-180.0,1,0,2100,15.26114523767136,354.92877146318943,0.0,-99.36438681629038
5,-19.304673318372295,-37.287717491569595,21,-90.0,-180.0,1,0,2100,15.58500250377225,160.69532668162765,0.0,-99.74922161090876
6,-83.24934775536266,39.94904147599061,21,-90.0,-180.0,1,0,2100,16.487296294375017,96.75065224463731,0.0,-100.14624155241403
7,188.33725896035463,40.97419414118471,21,-90.0,-180.0,1,0,2100,16.49515422137937,8.337258960354632,0.0,-99.901736480531
8,160.9891903216453,-15.486482047386403,21,-90.0,-180.0,1,0,2100,15.931134518796673,340.98919032164525,0.0,-99.69522339864233
9,75.91188957039674,-42.694087145237795,21,-90.0,-180.0,1,0,2100,15.476789325365992,255.91188957039674,0.0,-99.64487854280337
10,-89.59938399014817,-74.15136127795247,21,-90.0,-180.0,1,0,2100,14.3832380186875,90.40061600985183,0.0,-99.04111946342289
11,163.54428678309802,83.42246404430534,21,-90.0,-180.0,1,0,2100,16.775884498468198,343.544286783098,0.0,-100.04438510016047
12,101.90400442672524,0.9456034902366355,21,-90.0,-180.0,1,0,2100,16.130415503001462,281.90400442672524,0.0,-99.93425937407703
13,65.02989303190745,-59.21159991993835,21,-90.0,-180.0,1,0,2100,15.047292130319859,245.02989303190742,0.0,-99.42538547201066
14,26.206513336796775,-75.75105104973426,21,-90.0,-180.0,1,0,2100,14.276837616849598,206.20651333679675,0.0,-99.00624121233979
15,-167.92247980777236,13.508760543690073,21,-90.0,-180.0,1,0,2100,16.25981017912914,12.077520192227666,0.0,-99.81649878935174
16,172.38259926084754,-71.0944122343455,21,-90.0,-180.0,1,0,2100,14.559611842792357,352.38259926084754,0.0,-99.05046068015663
17,-4.7613645990156215,36.746688719377744,21,-90.0,-180.0,1,0,2100,16.462344428787976,175.23863540098432,0.0,-100.21820756954536
18,109.86435538713869,-43.94032597413168,21,-90.0,-180.0,1,0,2100,15.45009185252307,289.86435538713863,0.0,-99.58102137267274
19,-150.32038118635498,34.209054738649,21,-90.0,-180.0,1,0,2100,16.442119983947844,29.679618813644993,0.0,-99.95019267506315
20,-11.673966506289645,45.58826701697666,21,-90.0,-180.0,1,0,2100,16.52977675187737,168.32603349371038,0.0,-100.25108048526408
21,-7.7036581129917465,51.63354771502574,21,-90.0,-180.0,1,0,2100,16.573396975800502,172.29634188700823,0.0,-100.27408715099003
22,180.07074609475535,-80.44757298978938,21,-90.0,-180.0,1,0,2100,13.876950040095002,0.07074609475534999,0.0,-98.72206696088493
23,7.717799009312955,89.6307823971384,21,-90.0,-180.0,1,0,2100,16.81105742566911,187.717799009313,0.0,-100.39200816254447
24,11.556447029405206,-61.17716799330315,21,-90.0,-180.0,1,0,2100,14.981322003024037,191.55644702940518,0.0,-99.41530045815996
25,-58.88945291164893,-99.95722126350535,21,-90.0,-180.0,1,0,2100,13.918452785527892,301.11054708835104,0.0,-98.76854698856707
26,-97.27343376101172,9.807486802991377,21,-90.0,-180.0,1,0,2100,16.22339712885969,82.72656623898831,0.0,-99.98932223711874
27,2.451905100622014,-23.38227898493247,21,-90.0,-180.0,1,0,2100,15.819124598592001,182.45190510062199,0.0,-99.87986009473771
28,-24.219000364883357,56.248064812786254,21,-90.0,-180.0,1,0,2100,16.605458155684154,155.7809996351166,0.0,-100.28336273856638
29,-180.75498753413999,56.65215457655697,21,-90.0,-180.0,1,0,2100,16.60821738881959,359.24501246586,0.0,-99.9199959705398
30,88.3652584588898,-16.78816808206301,21,-90.0,-180.0,1,0,2100,15.91351100911456,268.3652584588898,0.0,-99.85236876992414
31,177.2706069006569,94.3453627628679,21,-90.0,-180.0,1,0,2100,16.788673670228388,177.27060690065684,0.0,-100.38176272186462
0,50.32517525199589,-13.380958949190997,21,0.0,0.0,2,120,2100,15.563746021060352,347.17463324902485,0.0,-99.738147490331
1,30.31501615987304,74.26017432397771,21,0.0,0.0,2,120,2100,15.956880922364999,248.09648932825314,0.0,-99.95665744714196
2,3.0974208027232635,-63.0682022469978,21,0.0,0.0,2,120,2100,15.765044590623539,58.42758792751442,0.0,-99.8470032168017
3,-77.24449230441651,-95.03261241388135,21,0.0,0.0,2,120,2100,16.132219285709997,55.09097237635706,0.0,-100.04626755809657
4,-185.07122853681054,-51.87038938459407,21,0.0,0.0,2,120,2100,16.47182299224475,56.03097122723159,0.0,-100.22597900620826
5,-19.304673318372295,-37.287717491569595,21,0.0,0.0,2,120,2100,15.341844884294554,83.46837649839449,0.0,-99.61340529943952
6,-83.24934775536266,39.94904147599061,21,0.0,0.0,2,120,2100,16.060800777371725,190.1453740466144,0.0,-100.01028053553493
7,188.33725896035463,40.97419414118471,21,0.0,0.0,2,120,2100,16.549820638346823,230.52161435754698,0.0,-100.27491349727283
8,160.9891903216453,-15.486482047386403,21,0.0,0.0,2,120,2100,16.667841535069183,10.38351703483454,0.0,-100.31442062589824
9,75.91188957039674,-42.694087145237795,21,0.0,0.0,2,120,2100,15.99834817845856,13.567070604802439,0.0,-99.96964672213022
10,-89.59938399014817,-74.15136127795247,21,0.0,0.0,2,120,2100,16.118747246657083,75.84827077198887,0.0,-100.03972484314431
11,163.54428678309802,83.42246404430534,21,0.0,0.0,2,120,2100,16.187694899382873,241.8708093060016,0.0,-100.08179888996823
12,101.90400442672524,0.9456034902366355,21,0.0,0.0,2,120,2100,16.244169023794587,329.0336178623759,0.0,-100.1036135140071
13,65.02989303190745,-59.21159991993835,21,0.0,0.0,2,120,2100,15.970701815201442,31.624277178043315,0.0,-99.95733889285265
14,26.206513336796775,-75.75105104973426,21,0.0,0.0,2,120,2100,15.967096411263398,53.60127253534165,0.0,-99.95712986042605
15,-167.92247980777236,13.508760543690073,21,0.0,0.0,2,120,2100,16.707470666264513,198.94610708176765,0.0,-100.35719284102696
16,172.38259926084754,-71.0944122343455,21,0.0,0.0,2,120,2100,16.309044759134395,57.40061426376565,0.0,-100.1406080728649
17,-4.7613645990156215,36.746688719377744,21,0.0,0.0,2,120,2100,15.231360928753965,233.65637642708134,0.0,-99.55244099222473
18,109.86435538713869,-43.94032597413168,21,0.0,0.0,2,120,2100,16.266106442484656,15.697390032877195,0.0,-100.11219220479433
19,-150.32038118635498,34.209054738649,21,0.0,0.0,2,120,2100,16.532297718172185,203.93254049485967,0.0,-100.26472316647661
20,-11.673966506289645,45.58826701697666,21,0.0,0.0,2,120,2100,15.464714192198539,228.7876439103535,0.0,-99.68399136925024
21,-7.7036581129917465,51.63354771502574,21,0.0,0.0,2,120,2100,15.572200627726021,233.94252489612387,0.0,-99.74395023049313
22,180.07074609475535,-80.44757298978938,21,0.0,0.0,2,120,2100,16.220838266713326,60.01190539025501,0.0,-100.09390186746776
23,7.717799009312955,89.6307823971384,21,0.0,0.0,2,120,2100,16.115890069551785,240.04958439350355,0.0,-100.04288332311009
24,11.556447029405206,-61.17716799330315,21,0.0,0.0,2,120,2100,15.744290010723734,53.70922193284423,0.0,-99.83532875577669
25,-58.88945291164893,-99.95722126350535,21,0.0,0.0,2,120,2100,16.175353979163454,51.45202180440879,0.0,-100.06913570556544
26,-97.27343376101172,9.807486802991377,21,0.0,0.0,2,120,2100,16.19658070855975,159.8854819897159,0.0,-100.08239672270828
27,2.451905100622014,-23.38227898493247,21,0.0,0.0,2,120,2100,14.77729519398214,54.34929310821599,0.0,-99.28273066550629
28,-24.219000364883357,56.248064812786254,21,0.0,0.0,2,120,2100,15.707070069192788,224.67042415431592,0.0,-99.81848701316638
29,-180.75498753413999,56.65215457655697,21,0.0,0.0,2,120,2100,16.435135751202402,240.4968102764264,0.0,-100.21429618388618
30,88.3652584588898,-16.78816808206301,21,0.0,0.0,2,120,2100,16.10242119796507,346.7946188375736,0.0,-100.02545001873253
31,177.2706069006569,94.3453627628679,21,0.0,0.0,2,120,2100,16.070534969522356,239.79268194996592,0.0,-100.01825094196079
0,50.32517525199589,-13.380958949190997,21,90.0,180.0,3,240,2100,16.258574722868,69.67482474800408,0.0,-100.04912064142115
1,30.31501615987304,74.26017432397771,21,90.0,180.0,3,240,2100,14.376348578722345,89.68498384012696,0.0,-99.04719142796331
2,3.0974208027232635,-63.0682022469978,21,90.0,180.0,3,240,2100,16.65103748736061,116.90257919727674,0.0,-100.32388068282351
3,-77.24449230441651,-95.03261241388135,21,90.0,180.0,3,240,2100,16.784753491532996,17.24449230441644,0.0,-100.09195228706022
4,-185.07122853681054,-51.87038938459407,21,90.0,180.0,3,240,2100,16.575067793582296,305.0712285368105,0.0,-99.49020579099147
5,-19.304673318372295,-37.287717491569595,21,90.0,180.0,3,240,2100,16.466603927018962,139.3046733183723,0.0,-100.21720102332343
6,-83.24934775536266,39.94904147599061,21,90.0,180.0,3,240,2100,15.533195676672488,203.24934775536263,0.0,-99.57256827263262
7,188.33725896035463,40.97419414118471,21,90.0,180.0,3,240,2100,15.512500833177816,291.6627410396454,0.0,-99.1897026705083
8,160.9891903216453,-15.486482047386403,21,90.0,180.0,3,240,2100,16.278736737898615,319.0108096783547,0.0,-99.30394971925892
9,75.91188957039674,-42.694087145237795,21,90.0,180.0,3,240,2100,16.50820029026714,44.08811042960326,0.0,-100.09149114453741
10,-89.59938399014817,-74.15136127795247,21,90.0,180.0,3,240,2100,16.72094283181333,209.59938399014817,0.0,-100.13125861946567
11,163.54428678309802,83.42246404430534,21,90.0,180.0,3,240,2100,13.503815406409423,316.455713216902,0.0,-98.37691723157666
12,101.90400442672524,0.9456034902366355,21,90.0,180.0,3,240,2100,16.10940132092425,18.095995573274763,0.0,-99.78584871199074
13,65.02989303190745,-59.21159991993835,21,90.0,180.0,3,240,2100,16.625519332689244,54.97010696809252,0.0,-100.19025856917231
14,26.206513336796775,-75.75105104973426,21,90.0,180.0,3,240,2100,16.730640864702327,93.79348666320323,0.0,-100.34409611929529
15,-167.92247980777236,13.508760543690073,21,90.0,180.0,3,240,2100,15.957330175089528,287.92247980777233,0.0,-99.37684765513022
16,172.38259926084754,-71.0944122343455,21,90.0,180.0,3,240,2100,16.702144500554166,307.61740073915246,0.0,-99.51355315376404
17,-4.7613645990156215,36.746688719377744,21,90.0,180.0,3,240,2100,15.595213995302672,124.76136459901562,0.0,-99.7472533076413
18,109.86435538713869,-43.94032597413168,21,90.0,180.0,3,240,2100,16.517548279564778,10.135644612861313,0.0,-99.93612049778156
19,-150.32038118635498,34.209054738649,21,90.0,180.0,3,240,2100,15.641765586217973,270.320381186355,0.0,-99.3445161033824
20,-11.673966506289645,45.58826701697666,21,90.0,180.0,3,240,2100,15.4136577334586,131.67396650628962,0.0,-99.64339612353855
21,-7.7036581129917465,51.63354771502574,21,90.0,180.0,3,240,2100,15.267337513763882,127.70365811299172,0.0,-99.56308552386845
22,180.07074609475535,-80.44757298978938,21,90.0,180.0,3,240,2100,16.758581652631182,299.92925390524465,0.0,-99.5852335115707
23,7.717799009312955,89.6307823971384,21,90.0,180.0,3,240,2100,10.62380907126967,112.2822009906871,0.0,-96.50869222277505
24,11.556447029405206,-61.17716799330315,21,90.0,180.0,3,240,2100,16.638606346714006,108.4435529705948,0.0,-100.3138356637903
25,-58.88945291164893,-99.95722126350535,21,90.0,180.0,3,240,2100,16.75620393813447,358.8894529116489,0.0,-99.17573895130859
26,-97.27343376101172,9.807486802991377,21,90.0,180.0,3,240,2100,16.004584111161797,217.2734337610117,0.0,-99.75554881666471
27,2.451905100622014,-23.38227898493247,21,90.0,180.0,3,240,2100,16.350919028622062,117.54809489937799,0.0,-100.16557126376216
28,-24.219000364883357,56.248064812786254,21,90.0,180.0,3,240,2100,15.139191860993497,144.21900036488336,0.0,-99.48171207158545
29,-180.75498753413999,56.65215457655697,21,90.0,180.0,3,240,2100,15.127147274943885,300.75498753414,0.0,-99.00711450213159
30,88.3652584588898,-16.78816808206301,21,90.0,180.0,3,240,2100,16.29100105904677,31.634741541110202,0.0,-99.9335376951428
31,177.2706069006569,94.3453627628679,21,90.0,180.0,3,240,2100,13.08926515255111,122.7293930993431,0.0,-98.26616920284566
0,48.39776416782007,-10.058224388991306,22,-90.0,-180.0,1,0,2100,16.00145251748942,228.39776416782007,0.0,-99.9529199311587
1,30.262271906395796,73.57917291507937,22,-90.0,-180.0,1,0,2100,16.71745100634581,210.2622719063958,0.0,-100.33454618919409
2,3.4872465193199957,-64.42625200832575,22,-90.0,-180.0,1,0,2100,14.861720547808364,183.48724651931997,0.0,-99.34811807738876
3,-76.03862221361453,-94.76975207560145,22,-90.0,-180.0,1,0,2100,13.182450051436785,283.9613777863854,0.0,-98.34660984364325
4,-184.17695164690326,-52.60820932012521,22,-90.0,-180.0,1,0,2100,15.241605260318584,355.82304835309674,0.0,-99.353842398338
5,-25.068314316967957,-35.28863696696804,22,-90.0,-180.0,1,0,2100,15.622225426025016,154.93168568303201,0.0,-99.76721129215944
6,-80.7827428908623,38.55678173281612,22,-90.0,-180.0,1,0,2100,16.476524598085717,99.21725710913768,0.0,-100.14585506959835
7,188.4780009149378,40.92367900951018,22,-90.0,-180.0,1,0,2100,16.49476845933993,8.478000914937809,0.0,-99.90205004206071
8,161.43509357964007,-16.288030761111855,22,-90.0,-180.0,1,0,2100,15.920319153032258,341.43509357964007,0.0,-99.68920739254916
9,73.89305843778357,-43.67836179274657,22,-90.0,-180.0,1,0,2100,15.455763234023696,253.89305843778357,0.0,-99.63623737041502
10,-89.37881242455747,-73.58538764272208,22,-90.0,-180.0,1,0,2100,14.41832632307585,90.62118757544255,0.0,-99.06065507593631
11,159.10740242518426,84.4662561183303,22,-90.0,-180.0,1,0,2100,16.781885240037393,339.10740242518426,0.0,-100.06290710679879
12,101.41682230495832,1.2235193964713744,22,-90.0,-180.0,1,0,2100,16.13346669071134,281.41682230495826,0.0,-99.93678245057185
13,65.08157205137806,-59.321658689406526,22,-90.0,-180.0,1,0,2100,15.043711043949367,245.08157205137803,0.0,-99.42338013664629
14,26.665460918375857,-74.44124228653666,22,-90.0,-180.0,1,0,2100,14.364778094753968,206.66546091837583,0.0,-99.05778197726879
15,-166.80478643845942,13.814962931115375,22,-90.0,-180.0,1,0,2100,16.262764038710667,13.195213561540584,0.0,-99.82128242571187
16,172.29633290649593,-71.42547000274571,22,-90.0,-180.0,1,0,2100,14.541945611224277,352.29633290649593,0.0,-99.0423664174131
17,-4.445609593276373,36.4029232842187,22,-90.0,-180.0,1,0,2100,16.45962852004653,175.55439040672366,0.0,-100.21687311001197
18,106.24301731259641,-44.55752541146339,22,-90.0,-180.0,1,0,2100,15.436601269272186,286.2430173125964,0.0,-99.58021194639839
19,-144.06870598379913,33.83354336056439,22,-90.0,-180.0,1,0,2100,16.439092184363094,35.931294016200866,0.0,-99.9682844461142
20,-11.57000155314725,45.5419538221351,22,-90.0,-180.0,1,0,2100,16.52943512126106,168.42999844685278,0.0,-100.25093464269213
21,-7.01533613517978,50.40327426430662,22,-90.0,-180.0,1,0,2100,16.564672716556696,172.98466386482028,0.0,-100.26980667150315
22,176.62226647543167,-77.78645718742482,22,-90.0,-180.0,1,0,2100,14.122699978471541,356.6222664754317,0.0,-98.8411838815294
23,9.227624415960577,90.69694301580824,22,-90.0,-180.0,1,0,2100,16.809231320400354,9.22762441596052,0.0,-100.03071965116825
24,16.962906313515504,-62.548863490129115,22,-90.0,-180.0,1,0,2100,14.932561737536181,196.96290631351548,0.0,-99.38671531405673
25,-56.87391066359439,-99.68047509837187,22,-90.0,-180.0,1,0,2100,13.890265748750087,303.1260893364056,0.0,-98.75240950798022
26,-99.179356844899,10.18775843492854,22,-90.0,-180.0,1,0,2100,16.22719993982746,80.82064315510098,0.0,-99.98715647492521
27,2.16323788866643,-22.67655784579192,22,-90.0,-180.0,1,0,2100,15.829662472960694,182.1632378886664,0.0,-99.88555524717256
28,-25.347734627956356,55.13595074758672,22,-90.0,-180.0,1,0,2100,16.59782479669873,154.65226537204364,0.0,-100.27880515819278
29,-179.3064601304004,53.467635650020725,22,-90.0,-180.0,1,0,2100,16.58626337712226,0.69353986959959,0.0,-99.91109957365053
30,88.94905787734916,-15.870090850797467,22,-90.0,-180.0,1,0,2100,15.925973044573949,268.94905787734916,0.0,-99.85766285528612
31,177.56843233773265,93.09408071543089,22,-90.0,-180.0,1,0,2100,16.795771952860438,177.5684323377327,0.0,-100.38527752784873
0,48.39776416782007,-10.058224388991306,22,0.0,0.0,2,120,2100,15.51553927200771,343.3441937410946,0.0,-99.71162963669389
1,30.262271906395796,73.57917291507937,22,0.0,0.0,2,120,2100,15.949140670048822,248.44794340052556,0.0,-99.95243708244912
2,3.4872465193199957,-64.42625200832575,22,0.0,0.0,2,120,2100,15.78646273363642,58.33265655271407,0.0,-99.85877174241868
3,-76.03862221361453,-94.76975207560145,22,0.0,0.0,2,120,2100,16.132655348015593,55.37053143900653,0.0,-100.04652048733274
4,-184.17695164690326,-52.60820932012521,22,0.0,0.0,2,120,2100,16.46650841436942,56.813543908903284,0.0,-100.22328875887806
5,-25.068314316967957,-35.28863696696804,22,0.0,0.0,2,120,2100,15.365478686173478,90.90738179386173,0.0,-99.62720143959443
6,-80.7827428908623,38.55678173281612,22,0.0,0.0,2,120,2100,16.03663439876711,188.92023000024614,0.0,-99.99711358298407
7,188.4780009149378,40.92367900951018,22,0.0,0.0,2,120,2100,16.550007788945134,230.3488700477297,0.0,-100.27500756186481
8,161.43509357964007,-16.288030761111855,22,0.0,0.0,2,120,2100,16.666759441397115,12.544316059641801,0.0,-100.31478225199623
9,73.89305843778357,-43.67836179274657,22,0.0,0.0,2,120,2100,15.982300119288002,14.825118091796071,0.0,-99.96122271533868
10,-89.37881242455747,-73.58538764272208,22,0.0,0.0,2,120,2100,16.118011308196383,76.41369956987421,0.0,-100.0393402234794
11,159.10740242518426,84.4662561183303,22,0.0,0.0,2,120,2100,16.175806909538043,241.97880076315755,0.0,-100.07538577512047
12,101.41682230495832,1.2235193964713744,22,0.0,0.0,2,120,2100,16.239366894894893,328.7517899792624,0.0,-100.10123054434398
13,65.08157205137806,-59.321658689406526,22,0.0,0.0,2,120,2100,15.971544846230472,31.718890566787138,0.0,-99.9578071254882
14,26.665460918375857,-74.44124228653666,22,0.0,0.0,2,120,2100,15.952612872706991,52.877602362850894,0.0,-99.9492326153495
15,-166.80478643845942,13.814962931115375,22,0.0,0.0,2,120,2100,16.701465502214262,197.12943382749086,0.0,-100.35395910938762
16,172.29633290649593,-71.42547000274571,22,0.0,0.0,2,120,2100,16.305989809987484,57.420777919438024,0.0,-100.13899643285589
17,-4.445609593276373,36.4029232842187,22,0.0,0.0,2,120,2100,15.221187332242012,233.99885543354412,0.0,-99.54664452303541
18,106.24301731259641,-44.55752541146339,22,0.0,0.0,2,120,2100,16.240178073281104,15.72438951414955,0.0,-100.09863018095722
19,-144.06870598379913,33.83354336056439,22,0.0,0.0,2,120,2100,16.504985621142314,198.79901549702197,0.0,-100.24991739970127
20,-11.57000155314725,45.5419538221351,22,0.0,0.0,2,120,2100,15.463330004049283,228.86612728215238,0.0,-99.68321794927185
21,-7.01533613517978,50.40327426430662,22,0.0,0.0,2,120,2100,15.547207208185338,234.23114631277036,0.0,-99.73003703217934
22,176.62226647543167,-77.78645718742482,22,0.0,0.0,2,120,2100,16.24700731526318,59.269335446564355,0.0,-100.10780252383596
23,9.227624415960577,90.69694301580824,22,0.0,0.0,2,120,2100,16.12757813970039,239.88823486569686,0.0,-100.04920655401442
24,16.962906313515504,-62.548863490129115,22,0.0,0.0,2,120,2100,15.776477291337702,51.381803440214526,0.0,-99.852893750583
25,-56.87391066359439,-99.68047509837187,22,0.0,0.0,2,120,2100,16.17689538758664,51.86986897550378,0.0,-100.06998019656886
26,-99.179356844899,10.18775843492854,22,0.0,0.0,2,120,2100,16.215611184529163,160.3170965731228,0.0,-100.09266439550235
27,2.16323788866643,-22.67655784579192,22,0.0,0.0,2,120,2100,14.745777474979683,54.83790710745325,0.0,-99.2640975150001
28,-25.347734627956356,55.13595074758672,22,0.0,0.0,2,120,2100,15.695921561399645,223.39251785303827,0.0,-99.8123017436636
29,-179.3064601304004,53.467635650020725,22,0.0,0.0,2,120,2100,16.460627455924772,239.48622729762326,0.0,-100.22781013026518
30,88.94905787734916,-15.870090850797467,22,0.0,0.0,2,120,2100,16.10866805212177,345.8726264023492,0.0,-100.02894713122937
31,177.56843233773265,93.09408071543089,22,0.0,0.0,2,120,2100,16.085012176673963,239.86860262689282,0.0,-100.02611265152481
0,48.39776416782007,-10.058224388991306,22,90.0,180.0,3,240,2100,16.22590619050419,71.60223583217993,0.0,-100.03676788721891
1,30.262271906395796,73.57917291507937,22,90.0,180.0,3,240,2100,14.418704860681682,89.73772809360423,0.0,-99.07149545921523
2,3.4872465193199957,-64.42625200832575,22,90.0,180.0,3,240,2100,16.659870547554668,116.51275348067998,0.0,-100.32834041643234
3,-76.03862221361453,-94.76975207560145,22,90.0,180.0,3,240,2100,16.786254703120427,16.03862221361453,0.0,-100.08602316729865
4,-184.17695164690326,-52.60820932012521,22,90.0,180.0,3,240,2100,16.580254978464826,304.17695164690326,0.0,-99.49793801846836
5,-25.068314316967957,-35.28863696696804,22,90.0,180.0,3,240,2100,16.450774083158063,145.06831431696799,0.0,-100.20167488044443
6,-80.7827428908623,38.55678173281612,22,90.0,180.0,3,240,2100,15.560632656395114,200.78274289086227,0.0,-99.59445130563975
7,188.4780009149378,40.92367900951018,22,90.0,180.0,3,240,2100,15.51353068091935,291.52199908506213,0.0,-99.19077057950851
8,161.43509357964007,-16.288030761111855,22,90.0,180.0,3,240,2100,16.286306605137863,318.56490642035993,0.0,-99.30913959519555
9,73.89305843778357,-43.67836179274657,22,90.0,180.0,3,240,2100,16.515590537004613,46.106941562216434,0.0,-100.10310364363723
10,-89.37881242455747,-73.58538764272208,22,90.0,180.0,3,240,2100,16.717488997791413,209.37881242455745,0.0,-100.13075601456688
11,159.10740242518426,84.4662561183303,22,90.0,180.0,3,240,2100,13.33102006305815,320.89259757481574,0.0,-98.30843503874458
12,101.41682230495832,1.2235193964713744,22,90.0,180.0,3,240,2100,16.106275698322296,18.583177695041684,0.0,-99.78655357238198
13,65.08157205137806,-59.321658689406526,22,90.0,180.0,3,240,2100,16.626256662716344,54.91842794862191,0.0,-100.19043149761836
14,26.665460918375857,-74.44124228653666,22,90.0,180.0,3,240,2100,16.72270721156376,93.33453908162414,0.0,-100.33940581442504
15,-166.80478643845942,13.814962931115375,22,90.0,180.0,3,240,2100,15.953319037682881,286.80478643845936,0.0,-99.38157537726657
16,172.29633290649593,-71.42547000274571,22,90.0,180.0,3,240,2100,16.704197446028004,307.70366709350407,0.0,-99.51359866124984
17,-4.445609593276373,36.4029232842187,22,90.0,180.0,3,240,2100,15.601648535595638,124.44560959327634,0.0,-99.7509090756676
18,106.24301731259641,-44.55752541146339,22,90.0,180.0,3,240,2100,16.522145712877265,13.756982687403593,0.0,-99.95730069295239
19,-144.06870598379913,33.83354336056439,22,90.0,180.0,3,240,2100,15.648473721983661,264.06870598379913,0.0,-99.37757880873548
20,-11.57000155314725,45.5419538221351,22,90.0,180.0,3,240,2100,15.414700004298215,131.57000155314722,0.0,-99.6440312057849
21,-7.01533613517978,50.40327426430662,22,90.0,180.0,3,240,2100,15.29890049855185,127.01533613517978,0.0,-99.58094569513048
22,176.62226647543167,-77.78645718742482,22,90.0,180.0,3,240,2100,16.742845976539527,303.3777335245683,0.0,-99.55601568312937
23,9.227624415960577,90.69694301580824,22,90.0,180.0,3,240,2100,11.259115101704682,290.7723755840393,0.0,-97.38156827415645
24,16.962906313515504,-62.548863490129115,22,90.0,180.0,3,240,2100,16.647638860225847,103.03709368648447,0.0,-100.31393375770413
25,-56.87391066359439,-99.68047509837187,22,90.0,180.0,3,240,2100,16.75783012416362,356.87391066359436,0.0,-99.18955805783119
26,-99.179356844899,10.18775843492854,22,90.0,180.0,3,240,2100,15.999830848600627,219.17935684489902,0.0,-99.74509119642687
27,2.16323788866643,-22.67655784579192,22,90.0,180.0,3,240,2100,16.344675314502364,117.83676211133354,0.0,-100.16223809324636
28,-25.347734627956356,55.13595074758672,22,90.0,180.0,3,240,2100,15.17161028885086,145.34773462795636,0.0,-99.49872883744389
29,-179.3064601304004,53.467635650020725,22,90.0,180.0,3,240,2100,15.218352648408828,299.3064601304004,0.0,-99.04622161287695
30,88.94905787734916,-15.870090850797467,22,90.0,180.0,3,240,2100,16.28236670962617,31.050942122650838,0.0,-99.9268147225733
31,177.56843233773265,93.09408071543089,22,90.0,180.0,3,240,2100,12.749647583170997,122.43156766226735,0.0,-98.04279924824598
0,49.491308442689984,-7.50204387181455,23,-90.0,-180.0,1,0,2100,16.032927468004583,229.49130844268996,0.0,-99.96824798547121
1,30.07569004901754,74.84934636757365,23,-90.0,-180.0,1,0,2100,16.72518589927472,210.07569004901754,0.0,-100.33849852289407
2,1.873735002042963,-64.75513688289045,23,-90.0,-180.0,1,0,2100,14.848776890245354,181.87373500204293,0.0,-99.3407967802766
3,-76.74659119525323,-94.22325542136497,23,-90.0,-180.0,1,0,2100,13.060762224877918,283.2534088047467,0.0,-98.27225200833185
4,-185.80431283062327,-51.06042211266307,23,-90.0,-180.0,1,0,2100,15.282165230787237,354.1956871693767,0.0,-99.37528125641543
5,-27.048990101387318,-36.73408703856382,23,-90.0,-180.0,1,0,2100,15.595450603836706,152.9510098986127,0.0,-99.75169364250341
6,-81.14538268059327,37.944235545247665,23,-90.0,-180.0,1,0,2100,16.471748419686058,98.85461731940671,0.0,-100.14283612835888
7,189.21245189846803,40.53626343177859,23,-90.0,-180.0,1,0,2100,16.49180497796666,9.212451898468032,0.0,-99.90339179372269
8,163.72645731664034,-15.961013530050536,23,-90.0,-180.0,1,0,2100,15.924745760274357,343.7264573166403,0.0,-99.68481753113332
9,73.59525961239518,-44.19386367890107,23,-90.0,-180.0,1,0,2100,15.444572099353707,253.59525961239518,0.0,-99.63066618416632
10,-87.64479673118126,-73.01680426228631,23,-90.0,-180.0,1,0,2100,14.45237873839604,92.35520326881874,0.0,-99.08067196893717
11,156.72671607400235,86.31927214777338,23,-90.0,-180.0,1,0,2100,16.792450289170638,336.72671607400235,0.0,-100.07574854525944
12,101.74831033523412,1.5010565875692237,23,-90.0,-180.0,1,0,2100,16.13650445808052,281.7483103352341,0.0,-99.93755541620322
13,63.25077369083658,-57.753046410969134,23,-90.0,-180.0,1,0,2100,15.093577695284191,243.25077369083658,0.0,-99.45219133673605
14,26.62712065456077,-74.58708733347194,23,-90.0,-180.0,1,0,2100,14.355360066047783,206.62712065456077,0.0,-99.05228371230606
15,-164.83424113094458,13.985701382273305,23,-90.0,-180.0,1,0,2100,16.264407329653764,15.165758869055423,0.0,-99.82823182426554
16,172.28996963383815,-70.76185127345848,23,-90.0,-180.0,1,0,2100,14.57704952780588,352.28996963383815,0.0,-99.05867890908631
17,-3.9210148907939413,35.62200450973896,23,-90.0,-180.0,1,0,2100,16.45343134562488,176.0789851092061,0.0,-100.21378124748652
18,105.78600788591791,-44.96954580657015,23,-90.0,-180.0,1,0,2100,15.427493060502005,285.7860078859179,0.0,-99.57633982611299
19,-147.9583946672753,37.30741474513951,23,-90.0,-180.0,1,0,2100,16.466758660945302,32.041605332724714,0.0,-99.9682844461142
20,-12.101833780967695,44.26281572050564,23,-90.0,-180.0,1,0,2100,16.5199530976303,167.8981662190323,0.0,-100.24597599524564
21,-5.6954332221763195,50.07480102859037,23,-90.0,-180.0,1,0,2100,16.56233047740305,174.30456677782365,0.0,-100.26885140265684
22,176.68917235068642,-77.9456448076491,23,-90.0,-180.0,1,0,2100,14.10958060689805,356.6891723506864,0.0,-98.83493452732111
23,9.412700137489907,89.40766587759404,23,-90.0,-180.0,1,0,2100,16.8098145697122,189.41270013748994,0.0,-100.39098726454078
24,16.650072446421916,-62.451188953357786,23,-90.0,-180.0,1,0,2100,14.93611354483372,196.6500724464219,0.0,-99.38877169432129
25,-56.55051278361407,-99.39886778497458,23,-90.0,-180.0,1,0,2100,13.860744029673896,303.44948721638593,0.0,-98.7362136903646
26,-102.99765074387152,8.520728659198866,23,-90.0,-180.0,1,0,2100,16.210420900744047,77.00234925612847,0.0,-99.97077106196603
27,1.1318255550270067,-21.5425408485695,23,-90.0,-180.0,1,0,2100,15.84636648956861,181.13182555502698,0.0,-99.89459748663378
28,-24.148880640909454,54.22960425569937,23,-90.0,-180.0,1,0,2100,16.59156040631855,155.8511193590905,0.0,-100.2764570927843
29,-182.0544869471558,52.95335558180662,23,-90.0,-180.0,1,0,2100,16.582672295432214,357.9455130528442,0.0,-99.91462896389184
30,88.66578909930422,-15.833306291784211,23,-90.0,-180.0,1,0,2100,15.926469138949711,268.66578909930416,0.0,-99.85838477601729
31,177.60405012715262,93.07626292867985,23,-90.0,-180.0,1,0,2100,16.79587266678049,177.60405012715262,0.0,-100.38532857274892
0,49.491308442689984,-7.50204387181455,23,0.0,0.0,2,120,2100,15.530355677171167,339.82640619410125,0.0,-99.71999093375746
1,30.07569004901754,74.84934636757365,23,0.0,0.0,2,120,2100,15.963028087524338,247.7275149638249,0.0,-99.96000405629165
2,1.873735002042963,-64.75513688289045,23,0.0,0.0,2,120,2100,15.790990047863962,59.116722002443794,0.0,-99.86129685413188
3,-76.74659119525323,-94.22325542136497,23,0.0,0.0,2,120,2100,16.130654983790475,55.88883743174438,0.0,-100.04547532519979
4,-185.80431283062327,-51.06042211266307,23,0.0,0.0,2,120,2100,16.47765831795028,55.32828489897793,0.0,-100.22894726666583
5,-27.048990101387318,-36.73408703856382,23,0.0,0.0,2,120,2100,15.4147081595367,91.3556209647841,0.0,-99.65470592628506
6,-81.14538268059327,37.944235545247665,23,0.0,0.0,2,120,2100,16.03932861085484,188.2778239041316,0.0,-99.99854336478194
7,189.21245189846803,40.53626343177859,23,0.0,0.0,2,120,2100,16.55179656595919,229.39651102611725,0.0,-100.27593775616313
8,163.72645731664034,-15.961013530050536,23,0.0,0.0,2,120,2100,16.678677463622208,15.585417979219983,0.0,-100.32184127704215
9,73.59525961239518,-44.19386367890107,23,0.0,0.0,2,120,2100,15.980922513295898,15.38438681026696,0.0,-99.96057889546478
10,-87.64479673118126,-73.01680426228631,23,0.0,0.0,2,120,2100,16.112292519141466,76.96967413912486,0.0,-100.0362695371328
11,156.72671607400235,86.31927214777338,23,0.0,0.0,2,120,2100,16.1568404009716,241.4560093036946,0.0,-100.06510765070507
12,101.74831033523412,1.5010565875692237,23,0.0,0.0,2,120,2100,16.24261595887843,328.4668408443961,0.0,-100.10298641672733
13,63.25077369083658,-57.753046410969134,23,0.0,0.0,2,120,2100,15.952260899774632,30.60460269771022,0.0,-99.94723008470278
14,26.62712065456077,-74.58708733347194,23,0.0,0.0,2,120,2100,15.954248610708188,52.95631112596641,0.0,-99.95012518381104
15,-164.83424113094458,13.985701382273305,23,0.0,0.0,2,120,2100,16.69208431204406,193.59228179891636,0.0,-100.3488733504487
16,172.28996963383815,-70.76185127345848,23,0.0,0.0,2,120,2100,16.312029051297344,57.31939657187468,0.0,-100.14217581606431
17,-3.9210148907939413,35.62200450973896,23,0.0,0.0,2,120,2100,15.198346561459072,234.54840748938437,0.0,-99.53362807383168
18,105.78600788591791,-44.96954580657015,23,0.0,0.0,2,120,2100,16.236232463739572,16.070669678109994,0.0,-100.09662765031048
19,-147.9583946672753,37.30741474513951,23,0.0,0.0,2,120,2100,16.505937382011965,205.15283160087063,0.0,-100.25075980038044
20,-12.101833780967695,44.26281572050564,23,0.0,0.0,2,120,2100,15.4390632758546,227.85980500297927,0.0,-99.6696517447862
21,-5.6954332221763195,50.07480102859037,23,0.0,0.0,2,120,2100,15.53837970046182,235.25236254191952,0.0,-99.72511431853316
22,176.68917235068642,-77.9456448076491,23,0.0,0.0,2,120,2100,16.245459373397843,59.29340760777393,0.0,-100.10698102639945
23,9.412700137489907,89.40766587759404,23,0.0,0.0,2,120,2100,16.113449567148994,240.09687643045203,0.0,-100.04155178655272
24,16.650072446421916,-62.451188953357786,23,0.0,0.0,2,120,2100,15.774297117791471,51.49914528381612,0.0,-99.8517043560757
25,-56.55051278361407,-99.39886778497458,23,0.0,0.0,2,120,2100,16.175760463821963,52.136485843518244,0.0,-100.06939699609869
26,-102.99765074387152,8.520728659198866,23,0.0,0.0,2,120,2100,16.25344223702112,158.74135881534824,0.0,-100.11298652801537
27,1.1318255550270067,-21.5425408485695,23,0.0,0.0,2,120,2100,14.691496674004092,57.13551330876999,0.0,-99.23227232805188
28,-24.148880640909454,54.22960425569937,23,0.0,0.0,2,120,2100,15.676548970355396,223.57777495837314,0.0,-99.80160555439501
29,-182.0544869471558,52.95335558180662,23,0.0,0.0,2,120,2100,16.464489401380135,241.55008028259135,0.0,-100.2298628286943
30,88.66578909930422,-15.833306291784211,23,0.0,0.0,2,120,2100,16.105598912875276,345.837384740233,0.0,-100.02737938802996
31,177.60405012715262,93.07626292867985,23,0.0,0.0,2,120,2100,16.085216060407383,239.87127324187406,0.0,-100.02623180000798
0,49.491308442689984,-7.50204387181455,23,90.0,180.0,3,240,2100,16.20002727299005,70.50869155730999,0.0,-100.02033665101115
1,30.07569004901754,74.84934636757365,23,90.0,180.0,3,240,2100,14.338198108288934,89.92430995098243,0.0,-99.02543480463896
2,1.873735002042963,-64.75513688289045,23,90.0,180.0,3,240,2100,16.661998004066067,118.12626499795704,0.0,-100.3296833929023
3,-76.74659119525323,-94.22325542136497,23,90.0,180.0,3,240,2100,16.789368584493264,16.74659119525313,0.0,-100.09122720111975
4,-185.80431283062327,-51.06042211266307,23,90.0,180.0,3,240,2100,16.569342228177014,305.80431283062325,0.0,-99.4833958485602
5,-27.048990101387318,-36.73408703856382,23,90.0,180.0,3,240,2100,16.462244999709824,147.04899010138735,0.0,-100.20484422401134
6,-81.14538268059327,37.944235545247665,23,90.0,180.0,3,240,2100,15.57246955019254,201.14538268059323,0.0,-99.59935296749961
7,189.21245189846803,40.53626343177859,23,90.0,180.0,3,240,2100,15.52139382841126,290.7875481015319,0.0,-99.19728826275316
8,163.72645731664034,-15.961013530050536,23,90.0,180.0,3,240,2100,16.283225154634906,316.27354268335966,0.0,-99.32247531109115
9,73.59525961239518,-44.19386367890107,23,90.0,180.0,3,240,2100,16.51943940552429,46.40474038760482,0.0,-100.1061587128509
10,-87.64479673118126,-73.01680426228631,23,90.0,180.0,3,240,2100,16.714007184517264,207.64479673118126,0.0,-100.13745370519983
11,156.72671607400235,86.31927214777338,23,90.0,180.0,3,240,2100,12.923266799442159,323.2732839259977,0.0,-98.15582012307355
12,101.74831033523412,1.5010565875692237,23,90.0,180.0,3,240,2100,16.103144554890996,18.251689664765877,0.0,-99.78355816853858
13,63.25077369083658,-57.753046410969134,23,90.0,180.0,3,240,2100,16.61569617584381,56.74922630916342,0.0,-100.19178660941787
14,26.62712065456077,-74.58708733347194,23,90.0,180.0,3,240,2100,16.72359373126674,93.37287934543923,0.0,-100.33991549826605
15,-164.83424113094458,13.985701382273305,23,90.0,180.0,3,240,2100,15.951075420759652,284.8342411309445,0.0,-99.39169421955454
16,172.28996963383815,-70.76185127345848,23,90.0,180.0,3,240,2100,16.700077981437534,307.71003036616185,0.0,-99.5122607411672
17,-3.9210148907939413,35.62200450973896,23,90.0,180.0,3,240,2100,15.616113582851419,123.92101489079391,0.0,-99.75909132161522
18,105.78600788591791,-44.96954580657015,23,90.0,180.0,3,240,2100,16.525203073213838,14.213992114082089,0.0,-99.96106669022207
19,-147.9583946672753,37.30741474513951,23,90.0,180.0,3,240,2100,15.584628759165199,267.95839466727523,0.0,-99.3322917814179
20,-12.101833780967695,44.26281572050564,23,90.0,180.0,3,240,2100,15.443065664134638,132.1018337809677,0.0,-99.65962105914402
21,-5.6954332221763195,50.07480102859037,23,90.0,180.0,3,240,2100,15.307161743003682,125.69543322217629,0.0,-99.58590297725077
22,176.68917235068642,-77.9456448076491,23,90.0,180.0,3,240,2100,16.743794278013763,303.3108276493136,0.0,-99.55678425400073
23,9.412700137489907,89.40766587759404,23,90.0,180.0,3,240,2100,11.096484598589207,110.58729986251012,0.0,-96.88423668171092
24,16.650072446421916,-62.451188953357786,23,90.0,180.0,3,240,2100,16.646998371586097,103.34992755357808,0.0,-100.31391150959996
25,-56.55051278361407,-99.39886778497458,23,90.0,180.0,3,240,2100,16.759482164641224,356.550512783614,0.0,-99.19210647703623
26,-102.99765074387152,8.520728659198866,23,90.0,180.0,3,240,2100,16.02050259905643,222.99765074387153,0.0,-99.73836013363767
27,1.1318255550270067,-21.5425408485695,23,90.0,180.0,3,240,2100,16.334559971230163,118.86817444497296,0.0,-100.15686214225667
28,-24.148880640909454,54.22960425569937,23,90.0,180.0,3,240,2100,15.197274708210733,144.14888064090945,0.0,-99.51410025487115
29,-182.0544869471558,52.95335558180662,23,90.0,180.0,3,240,2100,15.232331861399077,302.05448694715574,0.0,-99.03921649389545
30,88.66578909930422,-15.833306291784211,23,90.0,180.0,3,240,2100,16.282019199319222,31.33421090069578,0.0,-99.92786442857918
31,177.60405012715262,93.07626292867985,23,90.0,180.0,3,240,2100,12.743872285903086,122.39594987284738,0.0,-98.03896094463775
0,49.1724660783203,-7.437121085091462,24,-90.0,-180.0,1,0,2100,16.033714120792176,229.1724660783203,0.0,-99.96898449045958
1,26.839808776560773,76.4392573647801,24,-90.0,-180.0,1,0,2100,16.734784316482806,206.83980877656077,0.0,-100.34567397743427
2,2.880044510278111,-64.30293802333026,24,-90.0,-180.0,1,0,2100,14.866530855257782,182.88004451027808,0.0,-99.35087450199872
3,-77.35171727811996,-93.80372386424276,24,-90.0,-180.0,1,0,2100,12.956136753123992,282.64828272188,0.0,-98.20735935594035
4,-184.87243554248374,-50.2873914340361,24,-90.0,-180.0,1,0,2100,15.301822799880128,355.12756445751626,0.0,-99.38197543046817
5,-27.260399288304626,-37.22086043174875,24,-90.0,-180.0,1,0,2100,15.586270039199672,152.7396007116954,0.0,-99.74658186035637
6,-83.98860954447508,36.91171079418558,24,-90.0,-180.0,1,0,2100,16.463645565172317,96.01139045552492,0.0,-100.1333271926674
7,188.58039829485404,40.253923238240674,24,-90.0,-180.0,1,0,2100,16.489639710262363,8.580398294854035,0.0,-99.90032180758304
8,161.73319555952042,-16.923943792934693,24,-90.0,-180.0,1,0,2100,15.9116547278472,341.7331955595204,0.0,-99.68456959876099
9,73.73343824913371,-44.556776931020075,24,-90.0,-180.0,1,0,2100,15.436617740077047,253.7334382491337,0.0,-99.62627632275047
10,-87.37566348793737,-72.64645512951844,24,-90.0,-180.0,1,0,2100,14.473951158767568,92.62433651206265,0.0,-99.09272585750927
11,157.07831843067441,85.83506539883169,24,-90.0,-180.0,1,0,2100,16.7897003186165,337.0783184306744,0.0,-100.07336401920797
12,102.04487635130721,1.8527958177350285,24,-90.0,-180.0,1,0,2100,16.140341188234448,282.04487635130715,0.0,-99.93880237019344
13,58.12394286975538,-56.36172281232711,24,-90.0,-180.0,1,0,2100,15.13581872792266,238.12394286975538,0.0,-99.47956598749205
14,22.793017344498168,-75.72024670635066,24,-90.0,-180.0,1,0,2100,14.278997149778382,202.79301734449814,0.0,-99.00810070513222
15,-162.31400314881566,15.147093667483091,24,-90.0,-180.0,1,0,2100,16.275514187614213,17.685996851184314,0.0,-99.84088366738266
16,171.9232992577319,-70.07475166196072,24,-90.0,-180.0,1,0,2100,14.612141979369065,351.9232992577319,0.0,-99.07543622060398
17,-2.0709184899893955,31.830652040706383,24,-90.0,-180.0,1,0,2100,16.422785896425527,177.92908151001063,0.0,-100.1981833844159
18,103.80502180037581,-46.14193970497497,24,-90.0,-180.0,1,0,2100,15.401112562201256,283.80502180037575,0.0,-99.56605792479013
19,-144.0826280557759,37.62209479619057,24,-90.0,-180.0,1,0,2100,16.469227423304478,35.9173719442241,0.0,-99.98142486184737
20,-11.191893142092056,46.24869991473355,24,-90.0,-180.0,1,0,2100,16.534635797804647,168.8081068579079,0.0,-100.25368377517349
21,-2.2277073904317035,48.7789811906502,24,-90.0,-180.0,1,0,2100,16.55303650927657,177.77229260956824,0.0,-100.26451987826977
22,175.41661220635592,-77.83358353138036,24,-90.0,-180.0,1,0,2100,14.118833986130992,355.4166122063559,0.0,-98.84028694971188
23,8.532874083883257,88.34145286028448,24,-90.0,-180.0,1,0,2100,16.803853877904547,188.53287408388326,0.0,-100.3883037612168
24,16.849089674213445,-62.468872349146274,24,-90.0,-180.0,1,0,2100,14.935471445693958,196.84908967421342,0.0,-99.38837062724842
25,-55.2723717163241,-99.05261019789657,24,-90.0,-180.0,1,0,2100,13.823207968401213,304.72762828367587,0.0,-98.7152925734176
26,-103.84179352702861,8.231376766635023,24,-90.0,-180.0,1,0,2100,16.207479615067662,76.15820647297141,0.0,-99.96749689622564
27,0.6996092618071543,-20.883549304305305,24,-90.0,-180.0,1,0,2100,15.855946743545312,180.69960926180713,0.0,-99.8997748979382
28,-26.447824887662335,55.04447603143453,24,-90.0,-180.0,1,0,2100,16.597194328858194,153.55217511233764,0.0,-100.27776967593189
29,-183.47989500976715,52.076258719056455,24,-90.0,-180.0,1,0,2100,16.576517850195984,356.5201049902328,0.0,-99.91734163573021
30,88.72838705606785,-14.932256909062843,24,-90.0,-180.0,1,0,2100,15.938544907024523,268.7283870560678,0.0,-99.86438619785325
31,177.5892667116056,92.95375667477398,24,-90.0,-180.0,1,0,2100,16.796564851199307,177.58926671160566,0.0,-100.38566401066441
0,49.1724660783203,-7.437121085091462,24,0.0,0.0,2,120,2100,15.52389534696197,339.78784538024377,0.0,-99.71640184699291
1,26.839808776560773,76.4392573647801,24,0.0,0.0,2,120,2100,15.975882259945791,246.21509618558485,0.0,-99.96697319739415
2,2.880044510278111,-64.30293802333026,24,0.0,0.0,2,120,2100,15.78430064491546,58.614963460848,0.0,-99.85759488985698
3,-77.35171727811996,-93.80372386424276,24,0.0,0.0,2,120,2100,16.12916891199519,56.288321445558495,0.0,-100.04470399554567
4,-184.87243554248374,-50.2873914340361,24,0.0,0.0,2,120,2100,16.48415016891518,55.96457649517197,0.0,-100.23239839202883
5,-27.260399288304626,-37.22086043174875,24,0.0,0.0,2,120,2100,15.425446303293683,91.08927055654351,0.0,-99.66067798271271
6,-83.98860954447508,36.91171079418558,24,0.0,0.0,2,120,2100,16.06511676583352,187.06353913607882,0.0,-100.01247119536559
7,188.58039829485404,40.253923238240674,24,0.0,0.0,2,120,2100,16.554588034975524,230.00626577320264,0.0,-100.27741979606765
8,161.73319555952042,-16.923943792934693,24,0.0,0.0,2,120,2100,16.66548921921423,14.150203337441724,0.0,-100.3147906132933
9,73.73343824913371,-44.556776931020075,24,0.0,0.0,2,120,2100,15.983086082670086,15.727072439879407,0.0,-99.96180173516032
10,-87.37566348793737,-72.64645512951844,24,0.0,0.0,2,120,2100,16.111231108866413,77.33643588863276,0.0,-100.035705149581
11,157.07831843067441,85.83506539883169,24,0.0,0.0,2,120,2100,16.16169771861267,241.6245552686721,0.0,-100.06774773025289
12,102.04487635130721,1.8527958177350285,24,0.0,0.0,2,120,2100,16.24550397278182,328.10552569667453,0.0,-100.10456670187234
13,58.12394286975538,-56.36172281232711,24,0.0,0.0,2,120,2100,15.910482866607756,30.53267393764156,0.0,-99.92451244058104
14,22.793017344498168,-75.72024670635066,24,0.0,0.0,2,120,2100,15.962090519210468,54.368720377926365,0.0,-99.95445006471718
15,-162.31400314881566,15.147093667483091,24,0.0,0.0,2,120,2100,16.67558997425722,191.7027923314045,0.0,-100.3400960788562
16,171.9232992577319,-70.07475166196072,24,0.0,0.0,2,120,2100,16.318079830104768,57.08445472864696,0.0,-100.14536147024553
17,-2.0709184899893955,31.830652040706383,24,0.0,0.0,2,120,2100,15.082474335430293,236.66842295126492,0.0,-99.46724773644395
18,103.80502180037581,-46.14193970497497,24,0.0,0.0,2,120,2100,16.22047798944236,16.98039176189343,0.0,-100.08854645669854
19,-144.0826280557759,37.62209479619057,24,0.0,0.0,2,120,2100,16.486922560765194,202.7240920304007,0.0,-100.24048794693783
20,-11.191893142092056,46.24869991473355,24,0.0,0.0,2,120,2100,15.47630373110199,229.4736648045684,0.0,-99.69046510350171
21,-2.2277073904317035,48.7789811906502,24,0.0,0.0,2,120,2100,15.508230719539984,238.04959101049786,0.0,-99.70829138884125
22,175.41661220635592,-77.83358353138036,24,0.0,0.0,2,120,2100,16.24637025011289,59.01299943887932,0.0,-100.10744925903502
23,8.532874083883257,88.34145286028448,24,0.0,0.0,2,120,2100,16.101571244223386,240.2461572370483,0.0,-100.03511985878656
24,16.849089674213445,-62.468872349146274,24,0.0,0.0,2,120,2100,15.775024054321557,51.40830334393809,0.0,-99.85209942736195
25,-55.2723717163241,-99.05261019789657,24,0.0,0.0,2,120,2100,16.17552997726377,52.53984781591271,0.0,-100.06929247988539
26,-103.84179352702861,8.231376766635023,24,0.0,0.0,2,120,2100,16.261621324281084,158.47404128903213,0.0,-100.11738038962228
27,0.6996092618071543,-20.883549304305305,24,0.0,0.0,2,120,2100,14.659651786602131,58.16699602500603,0.0,-99.21347404192869
28,-26.447824887662335,55.04447603143453,24,0.0,0.0,2,120,2100,15.700022517006998,222.70626594602732,0.0,-99.81454048095237
29,-183.47989500976715,52.076258719056455,24,0.0,0.0,2,120,2100,16.470944931015854,242.7076568197458,0.0,-100.23328677984183
30,88.72838705606785,-14.932256909062843,24,0.0,0.0,2,120,2100,16.106217731307588,344.93577085979706,0.0,-100.02798349174279
31,177.5892667116056,92.95375667477398,24,0.0,0.0,2,120,2100,16.086623511503653,239.8756466763827,0.0,-100.02699685868929
0,49.1724660783203,-7.437121085091462,24,90.0,180.0,3,240,2100,16.19936119049037,70.82753392167967,0.0,-100.02077857926218
1,26.839808776560773,76.4392573647801,24,90.0,180.0,3,240,2100,14.227333550348115,93.1601912234392,0.0,-98.9633625940018
2,2.880044510278111,-64.30293802333026,24,90.0,180.0,3,240,2100,16.65907169867119,117.11995548972186,0.0,-100.3280410783035
3,-77.35171727811996,-93.80372386424276,24,90.0,180.0,3,240,2100,16.791752470244138,17.351717278119906,0.0,-100.09554434460638
4,-184.87243554248374,-50.2873914340361,24,90.0,180.0,3,240,2100,16.563847018779047,304.8724355424837,0.0,-99.48786872877605
5,-27.260399288304626,-37.22086043174875,24,90.0,180.0,3,240,2100,16.46607854546063,147.2603992883046,0.0,-100.20653507992834
6,-83.98860954447508,36.91171079418558,24,90.0,180.0,3,240,2100,15.592110371158652,203.98860954447503,0.0,-99.60011445942874
7,188.58039829485404,40.253923238240674,24,90.0,180.0,3,240,2100,15.52708562230073,291.41960170514596,0.0,-99.19634878599066
8,161.73319555952042,-16.923943792934693,24,90.0,180.0,3,240,2100,16.292271700345797,318.2668044404796,0.0,-99.31289952480044
9,73.73343824913371,-44.556776931020075,24,90.0,180.0,3,240,2100,16.52214015033089,46.26656175086629,0.0,-100.10693739649687
10,-87.37566348793737,-72.64645512951844,24,90.0,180.0,3,240,2100,16.711732753728356,207.37566348793735,0.0,-100.13769034412601
11,157.07831843067441,85.83506539883169,24,90.0,180.0,3,240,2100,13.046856570643207,322.9216815693256,0.0,-98.2020329749079
12,102.04487635130721,1.8527958177350285,24,90.0,180.0,3,240,2100,16.09916213394321,17.95512364869279,0.0,-99.78031196788453
13,58.12394286975538,-56.36172281232711,24,90.0,180.0,3,240,2100,16.606235012802987,61.87605713024459,0.0,-100.20445791602074
14,22.793017344498168,-75.72024670635066,24,90.0,180.0,3,240,2100,16.730455000393647,97.2069826555018,0.0,-100.34900283754246
15,-162.31400314881566,15.147093667483091,24,90.0,180.0,3,240,2100,15.935678899165616,282.3140031488157,0.0,-99.39970151450119
16,171.9232992577319,-70.07475166196072,24,90.0,180.0,3,240,2100,16.695794800421563,308.0767007422681,0.0,-99.50837035676965
17,-2.0709184899893955,31.830652040706383,24,90.0,180.0,3,240,2100,15.683512543349877,122.07091848998937,0.0,-99.79699905729026
18,103.80502180037581,-46.14193970497497,24,90.0,180.0,3,240,2100,16.533851922056694,16.194978199624188,0.0,-99.97524581152125
19,-144.0826280557759,37.62209479619057,24,90.0,180.0,3,240,2100,15.578638857781216,264.0826280557759,0.0,-99.3480859128244
20,-11.191893142092056,46.24869991473355,24,90.0,180.0,3,240,2100,15.398675374205666,131.19189314209206,0.0,-99.63524724974718
21,-2.2277073904317035,48.7789811906502,24,90.0,180.0,3,240,2100,15.339102349753276,122.2277073904317,0.0,-99.60432946389169
22,175.41661220635592,-77.83358353138036,24,90.0,180.0,3,240,2100,16.743126808051507,304.5833877936441,0.0,-99.54765342979346
23,8.532874083883257,88.34145286028448,24,90.0,180.0,3,240,2100,12.126101258683212,111.46712591611674,0.0,-97.62191302659988
24,16.849089674213445,-62.468872349146274,24,90.0,180.0,3,240,2100,16.64711435867262,103.15091032578653,0.0,-100.3137790322524
25,-55.2723717163241,-99.05261019789657,24,90.0,180.0,3,240,2100,16.761509740023154,355.2723717163241,0.0,-99.20115033138175
26,-103.84179352702861,8.231376766635023,24,90.0,180.0,3,240,2100,16.02404754111511,223.84179352702859,0.0,-99.7362900486723
27,0.6996092618071543,-20.883549304305305,24,90.0,180.0,3,240,2100,16.328634466548873,119.30039073819285,0.0,-100.15368167463768
28,-26.447824887662335,55.04447603143453,24,90.0,180.0,3,240,2100,15.174230606928806,146.4478248876623,0.0,-99.49914649503583
29,-183.47989500976715,52.076258719056455,24,90.0,180.0,3,240,2100,15.255731412152228,303.4798950097671,0.0,-99.04124208265249
30,88.72838705606785,-14.932256909062843,24,90.0,180.0,3,240,2100,16.273468895543864,31.271612943932155,0.0,-99.92341581902244
31,177.5892667116056,92.95375667477398,24,90.0,180.0,3,240,2100,12.7032346908404,122.4107332883944,0.0,-98.01191028379817
0,50.04513942662544,-7.8977759061221064,25,-90.0,-180.0,1,0,2100,16.028119055850365,230.0451394266254,0.0,-99.96516341507436
1,25.88357010439543,79.29350570326363,25,-90.0,-180.0,1,0,2100,16.75178782205366,205.88357010439543,0.0,-100.35470163263831
2,2.643342092158605,-64.48376610565956,25,-90.0,-180.0,1,0,2100,14.859469065256175,182.64334209215858,0.0,-99.34686383126994
3,-77.87834472520292,-94.07557227820602,25,-90.0,-180.0,1,0,2100,13.025167217642261,282.12165527479704,0.0,-98.24984329715092
4,-184.43000586442858,-53.102981646440355,25,-90.0,-180.0,1,0,2100,15.228284828106696,355.5699941355714,0.0,-99.34846809956146
5,-23.166713753464876,-38.777387422850396,25,-90.0,-180.0,1,0,2100,15.556335102103796,156.83328624653518,0.0,-99.73209969296121
6,-83.85534038281132,35.72804512489489,25,-90.0,-180.0,1,0,2100,16.45427511401897,96.14465961718867,0.0,-100.1290467131805
7,187.036532474492,40.803805592971344,25,-90.0,-180.0,1,0,2100,16.4938524423089,7.036532474491992,0.0,-99.89667574328415
8,162.848464266909,-16.49516912980124,25,-90.0,-180.0,1,0,2100,15.917505092681136,342.848464266909,0.0,-99.68407373401635
9,73.74351037048444,-44.542251149682926,25,-90.0,-180.0,1,0,2100,15.436937335748757,253.74351037048442,0.0,-99.62643674957961
10,-88.18299059088069,-73.04525113973276,25,-90.0,-180.0,1,0,2100,14.450702333452487,91.81700940911935,0.0,-99.07933021727517
11,156.2538338571194,88.68008576923097,25,-90.0,-180.0,1,0,2100,16.805750867059626,336.25383385711945,0.0,-100.08283649425647
12,102.36846575873597,1.1507383437000556,25,-90.0,-180.0,1,0,2100,16.132668540244637,282.36846575873597,0.0,-99.934368756006
13,52.022350443821864,-57.189677177804136,25,-90.0,-180.0,1,0,2100,15.110897300141604,232.02235044382184,0.0,-99.47053833228802
14,21.041851988100518,-78.46578696596453,25,-90.0,-180.0,1,0,2100,14.065472284229678,201.0418519881005,0.0,-98.88135621797448
15,-162.01215229766098,15.153932441820587,25,-90.0,-180.0,1,0,2100,16.275579225563693,17.987847702339025,0.0,-99.84184622835757
16,166.2595998347519,-68.84392662439784,25,-90.0,-180.0,1,0,2100,14.672081286409835,346.2595998347519,0.0,-99.11111660583283
17,4.085736556208872,30.01961020845866,25,-90.0,-180.0,1,0,2100,16.407809062966965,184.08573655620884,0.0,-100.19037351468769
18,102.94048459224666,-46.15570623710348,25,-90.0,-180.0,1,0,2100,15.400798624689104,282.9404845922466,0.0,-99.56725383388016
19,-144.20216610243904,37.57094065678089,25,-90.0,-180.0,1,0,2100,16.468826517876927,35.79783389756096,0.0,-99.98087795220253
20,-11.12298610498479,46.74113142284304,25,-90.0,-180.0,1,0,2100,16.538243492694892,168.87701389501524,0.0,-100.25551409945152
21,-0.2159070420476894,47.82680309633787,25,-90.0,-180.0,1,0,2100,16.546151752357908,179.78409295795234,0.0,-100.26109257782882
22,175.26141672743762,-77.81653415609878,25,-90.0,-180.0,1,0,2100,14.120234351460827,355.2614167274376,0.0,-98.84105262321464
23,7.876590719963389,87.77798295419205,25,-90.0,-180.0,1,0,2100,16.80068937582341,187.8765907199634,0.0,-100.38690367252603
24,17.23996415701697,-62.42890629176265,25,-90.0,-180.0,1,0,2100,14.936922060582978,197.23996415701694,0.0,-99.38910713223679
25,-54.73573335250282,-99.0424861505555,25,-90.0,-180.0,1,0,2100,13.822088986976585,305.26426664749715,0.0,-98.71451231565764
26,-100.92505546343914,8.106854506955443,25,-90.0,-180.0,1,0,2100,16.206211168630375,79.07494453656085,0.0,-99.97322121717488
27,0.6725896077568052,-21.057802691365424,25,-90.0,-180.0,1,0,2100,15.853422403934065,180.6725896077568,0.0,-99.89840397776183
28,-26.214642121472195,54.31338831439572,25,-90.0,-180.0,1,0,2100,16.592141145119985,153.78535787852775,0.0,-100.27539973413762
29,-184.82608532424084,52.94303446372177,25,-90.0,-180.0,1,0,2100,16.582600093629043,355.1739146757592,0.0,-99.92464834858518
30,88.19453474796342,-14.66254666798254,25,-90.0,-180.0,1,0,2100,15.942131358880916,268.1945347479634,0.0,-99.86712074607742
31,179.46927125976583,93.02392493652223,25,-90.0,-180.0,1,0,2100,16.79616844534882,179.46927125976583,0.0,-100.38554004447825
0,50.04513942662544,-7.8977759061221064,25,0.0,0.0,2,120,2100,15.542106133992622,340.25774212870124,0.0,-99.72651274546705
1,25.88357010439543,79.29350570326363,25,0.0,0.0,2,120,2100,16.00689881904331,244.71833020496803,0.0,-99.98382748195004
2,2.643342092158605,-64.48376610565956,25,0.0,0.0,2,120,2100,15.787018599977044,58.7389222472666,0.0,-99.85909783300416
3,-77.87834472520292,-94.07557227820602,25,0.0,0.0,2,120,2100,16.129420220286587,56.015000840600806,0.0,-100.0448126924075
4,-184.43000586442858,-53.102981646440355,25,0.0,0.0,2,120,2100,16.46251743494436,56.6812472103594,0.0,-100.2212026152607
5,-23.166713753464876,-38.777387422850396,25,0.0,0.0,2,120,2100,15.409228286696933,86.09082258356739,0.0,-99.65131751065005
6,-83.85534038281132,35.72804512489489,25,0.0,0.0,2,120,2100,16.06298222891645,185.88467989594363,0.0,-100.01125462664284
7,187.036532474492,40.803805592971344,25,0.0,0.0,2,120,2100,16.552458686126243,231.92358742711173,0.0,-100.27631819517953
8,162.848464266909,-16.49516912980124,25,0.0,0.0,2,120,2100,16.67242381975983,15.118452623842927,0.0,-100.3185782808631
9,73.74351037048444,-44.542251149682926,25,0.0,0.0,2,120,2100,15.983138574971758,15.71108092440437,0.0,-99.96183099970006
10,-88.18299059088069,-73.04525113973276,25,0.0,0.0,2,120,2100,16.114059679554465,76.94671254835973,0.0,-100.03721854434951
11,156.2538338571194,88.68008576923097,25,0.0,0.0,2,120,2100,16.133298205585344,240.5315890355974,0.0,-100.05232949846766
12,102.36846575873597,1.1507383437000556,25,0.0,0.0,2,120,2100,16.248707888145468,328.8219263790248,0.0,-100.10599857399448
13,52.022350443821864,-57.189677177804136,25,0.0,0.0,2,120,2100,15.87608675883251,33.06059424838156,0.0,-99.90602352244922
14,21.041851988100518,-78.46578696596453,25,0.0,0.0,2,120,2100,15.992690851934858,55.80926657732164,0.0,-99.97111622008914
15,-162.01215229766098,15.153932441820587,25,0.0,0.0,2,120,2100,16.674119757489272,191.25074137510853,0.0,-100.33929757498663
16,166.2595998347519,-68.84392662439784,25,0.0,0.0,2,120,2100,16.325376331608155,54.74814616806361,0.0,-100.14903835062924
17,4.085736556208872,30.01961020845866,25,0.0,0.0,2,120,2100,15.030333433206579,247.02963589303397,0.0,-99.43633602119992
18,102.94048459224666,-46.15570623710348,25,0.0,0.0,2,120,2100,16.21450488331729,16.891606769495013,0.0,-100.0853858864085
19,-144.20216610243904,37.57094065678089,25,0.0,0.0,2,120,2100,16.487733402036866,202.75279727060303,0.0,-100.2409185537366
20,-11.12298610498479,46.74113142284304,25,0.0,0.0,2,120,2100,15.486042513678699,229.71096029343022,0.0,-99.69590203691729
21,-0.2159070420476894,47.82680309633787,25,0.0,0.0,2,120,2100,15.48774794987033,239.80441263777362,0.0,-99.69682805056708
22,175.26141672743762,-77.81653415609878,25,0.0,0.0,2,120,2100,16.246509967726723,58.97818755565663,0.0,-100.10752451070859
23,7.876590719963389,87.77798295419205,25,0.0,0.0,2,120,2100,16.095203562319885,240.304654747063,0.0,-100.03166873342356
24,17.23996415701697,-62.42890629176265,25,0.0,0.0,2,120,2100,15.775358362024066,51.20323330742599,0.0,-99.85227292427602
25,-54.73573335250282,-99.0424861505555,25,0.0,0.0,2,120,2100,16.17619880887308,52.596397314494084,0.0,-100.06965828663192
26,-100.92505546343914,8.106854506955443,25,0.0,0.0,2,120,2100,16.233436688809466,158.25445212076562,0.0,-100.10219627415482
27,0.6725896077568052,-21.057802691365424,25,0.0,0.0,2,120,2100,14.667912105610595,58.253694834316434,0.0,-99.21845319433005
28,-26.214642121472195,54.31338831439572,25,0.0,0.0,2,120,2100,15.68820064723007,222.39772416641796,0.0,-99.80801657891851
29,-184.82608532424084,52.94303446372177,25,0.0,0.0,2,120,2100,16.46358269017837,243.63505199877915,0.0,-100.22939041541021
30,88.19453474796342,-14.66254666798254,25,0.0,0.0,2,120,2100,16.100365609945953,344.66951531872047,0.0,-100.02505076679775
31,179.46927125976583,93.02392493652223,25,0.0,0.0,2,120,2100,16.085788518069094,239.97196385910757,0.0,-100.02654743897213
0,50.04513942662544,-7.8977759061221064,25,90.0,180.0,3,240,2100,16.20407776330696,69.95486057337456,0.0,-100.02107791739103
1,25.88357010439543,79.29350570326363,25,90.0,180.0,3,240,2100,13.991005180299181,94.1164298956046,0.0,-98.82477308545567
2,2.643342092158605,-64.48376610565956,25,90.0,180.0,3,240,2100,16.660242915501843,117.3566579078414,0.0,-100.3286822282146
3,-77.87834472520292,-94.07557227820602,25,90.0,180.0,3,240,2100,16.790208406227883,17.87834472520285,0.0,-100.0977367941447
4,-184.43000586442858,-53.102981646440355,25,90.0,180.0,3,240,2100,16.58371842550807,304.43000586442855,0.0,-99.4973626015923
5,-23.166713753464876,-38.777387422850396,25,90.0,180.0,3,240,2100,16.478239144812243,143.16671375346488,0.0,-100.21872805229152
6,-83.85534038281132,35.72804512489489,25,90.0,180.0,3,240,2100,15.61416161451763,203.85534038281133,0.0,-99.61176134196228
7,187.036532474492,40.803805592971344,25,90.0,180.0,3,240,2100,15.5159702939402,292.963467525508,0.0,-99.1846867342952
8,162.848464266909,-16.49516912980124,25,90.0,180.0,3,240,2100,16.288253548474902,317.151535733091,0.0,-99.31859908457808
9,73.74351037048444,-44.542251149682926,25,90.0,180.0,3,240,2100,16.522032191706998,46.256489629515556,0.0,-100.10684334769289
10,-88.18299059088069,-73.04525113973276,25,90.0,180.0,3,240,2100,16.71418167201423,208.18299059088065,0.0,-100.13497405286222
11,156.2538338571194,88.68008576923097,25,90.0,180.0,3,240,2100,11.897727403959054,323.7461661428806,0.0,-97.76141837329781
12,102.36846575873597,1.1507383437000556,25,90.0,180.0,3,240,2100,16.107095185954627,17.631534241264035,0.0,-99.7826368947704
13,52.022350443821864,-57.189677177804136,25,90.0,180.0,3,240,2100,16.61187597728363,67.97764955617811,0.0,-100.22613667098048
14,21.041851988100518,-78.46578696596453,25,90.0,180.0,3,240,2100,16.74688657807191,98.95814801189948,0.0,-100.35951607804073
15,-162.01215229766098,15.153932441820587,25,90.0,180.0,3,240,2100,15.935587532159634,282.0121522976609,0.0,-99.4013276486606
16,166.2595998347519,-68.84392662439784,25,90.0,180.0,3,240,2100,16.688076023422813,313.7404001652481,0.0,-99.46668549977284
17,4.085736556208872,30.01961020845866,25,90.0,180.0,3,240,2100,15.71417166204531,115.91426344379113,0.0,-99.81384491725758
18,102.94048459224666,-46.15570623710348,25,90.0,180.0,3,240,2100,16.533953035903522,17.059515407753338,0.0,-99.97973284962156
19,-144.20216610243904,37.57094065678089,25,90.0,180.0,3,240,2100,15.579615016854685,264.20216610243904,0.0,-99.34793422120505
20,-11.12298610498479,46.74113142284304,25,90.0,180.0,3,240,2100,15.387356314110507,131.12298610498476,0.0,-99.62895710393155
21,-0.2159070420476894,47.82680309633787,25,90.0,180.0,3,240,2100,15.361938928081337,120.21590704204766,0.0,-99.61721111620672
22,175.26141672743762,-77.81653415609878,25,90.0,180.0,3,240,2100,16.743025217892676,304.7385832725624,0.0,-99.54653495692013
23,7.876590719963389,87.77798295419205,25,90.0,180.0,3,240,2100,12.418573245660678,112.12340928003664,0.0,-97.8210225612882
24,17.23996415701697,-62.42890629176265,25,90.0,180.0,3,240,2100,16.64685219831556,102.76003584298303,0.0,-100.31325013413961
25,-54.73573335250282,-99.0424861505555,25,90.0,180.0,3,240,2100,16.761568961442347,354.7357333525028,0.0,-99.20476817650321
26,-100.92505546343914,8.106854506955443,25,90.0,180.0,3,240,2100,16.025569243721737,220.9250554634391,0.0,-99.74995341846571
27,0.6725896077568052,-21.057802691365424,25,90.0,180.0,3,240,2100,16.330204731911255,119.32741039224317,0.0,-100.15453013642856
28,-26.214642121472195,54.31338831439572,25,90.0,180.0,3,240,2100,15.194929687644132,146.2146421214722,0.0,-99.51086821210158
29,-184.82608532424084,52.94303446372177,25,90.0,180.0,3,240,2100,15.232610420450534,304.8260853242408,0.0,-99.02713071694328
30,88.19453474796342,-14.66254666798254,25,90.0,180.0,3,240,2100,16.270895259535443,31.805465252036583,0.0,-99.92443316414953
31,179.46927125976583,93.02392493652223,25,90.0,180.0,3,240,2100,12.726712446421086,120.53072874023417,0.0,-98.02753502622974
0,46.90554951730803,-5.620770177397503,26,-90.0,-180.0,1,0,2100,16.055475225913906,226.905549517308,0.0,-99.98268640009478
1,25.371070853172228,82.1607803348497,26,-90.0,-180.0,1,0,2100,16.768582702041066,205.37107085317223,0.0,-100.36326259161208
2,2.255328354260854,-64.51609516557338,26,-90.0,-180.0,1,0,2100,14.858201262710496,182.25532835426083,0.0,-99.34614191053876
3,-75.69947135474987,-95.50184045965408,26,-90.0,-180.0,1,0,2100,13.325238138337545,284.3005286452501,0.0,-98.43227047828118
4,-184.66872337565675,-53.40565824541027,26,-90.0,-180.0,1,0,2100,15.22004771735216,355.3312766243432,0.0,-99.34530331575002
5,-19.683495613223926,-37.55658833382251,26,-90.0,-180.0,1,0,2100,15.579888726827399,160.31650438677605,0.0,-99.74628288308386
6,-84.76003738674063,36.46503511496516,26,-90.0,-180.0,1,0,2100,16.460119779025923,95.23996261325937,0.0,-100.13007490331279
7,186.21348567319887,41.238601304636745,26,-90.0,-180.0,1,0,2100,16.49717095923156,6.213485673198875,0.0,-99.89516627266441
8,160.49254534734496,-17.172051354337512,26,-90.0,-180.0,1,0,2100,15.90825375512889,340.49254534734496,0.0,-99.68645096793921
9,75.0887041562923,-46.817597695635094,26,-90.0,-180.0,1,0,2100,15.385587106507133,255.08870415629224,0.0,-99.59757450458967
10,-87.99299250338423,-71.76529054423614,26,-90.0,-180.0,1,0,2100,14.523481223733368,92.00700749661576,0.0,-99.11953901436326
11,155.37210283259134,89.57861741535359,26,-90.0,-180.0,1,0,2100,16.810766982381327,335.3721028325915,0.0,-100.08804307407527
12,105.1761438962589,1.1929915197384133,26,-90.0,-180.0,1,0,2100,16.133131985548328,285.1761438962589,0.0,-99.92857151377078
13,46.76527032438037,-58.25463066116135,26,-90.0,-180.0,1,0,2100,15.077900990367716,226.76527032438034,0.0,-99.45583740103493
14,21.296869762874763,-78.05693981971342,26,-90.0,-180.0,1,0,2100,14.100304964086318,201.29686976287476,0.0,-98.9021898293783
15,-158.5715109259263,15.223125583722222,26,-90.0,-180.0,1,0,2100,16.27623702674351,21.428489074073696,0.0,-99.8528354661544
16,165.7698481851889,-69.1363403135179,26,-90.0,-180.0,1,0,2100,14.658163145423812,345.7698481851889,0.0,-99.10525373444023
17,8.73573189523455,29.711459030308447,26,-90.0,-180.0,1,0,2100,16.405238254554437,188.73573189523455,0.0,-100.18830255016593
18,105.18968523527451,-45.459137291443916,26,-90.0,-180.0,1,0,2100,15.416561072909337,285.1896852352745,0.0,-99.5717384929678
19,-147.76458732780685,36.522359684108864,26,-90.0,-180.0,1,0,2100,16.46057296022967,32.23541267219315,0.0,-99.96621348159243
20,-11.908232696893066,46.8969009812368,26,-90.0,-180.0,1,0,2100,16.53938200084468,168.09176730310696,0.0,-100.25585682949561
21,-0.6377003761476203,46.551230106231486,26,-90.0,-180.0,1,0,2100,16.536853762417554,179.36229962385232,0.0,-100.25639644701185
22,175.37625620392856,-77.5694499737765,26,-90.0,-180.0,1,0,2100,14.140311717396846,355.37625620392856,0.0,-98.85050322187735
23,8.221935455752288,89.80018978881333,26,-90.0,-180.0,1,0,2100,16.81200006783887,188.2219354557524,0.0,-100.39234360045997
24,16.968870076533136,-62.39215816336141,26,-90.0,-180.0,1,0,2100,14.93825402255383,196.9688700765331,0.0,-99.38993114276833
25,-54.92344289783372,-99.09274050675565,26,-90.0,-180.0,1,0,2100,13.82763117688101,305.07655710216625,0.0,-98.7175895939259
26,-99.50539050965331,7.874578486928868,26,-90.0,-180.0,1,0,2100,16.203840779722174,80.4946094903467,0.0,-99.9751025863531
27,1.4257252358941912,-21.60526118716902,26,-90.0,-180.0,1,0,2100,15.845449875357223,181.42572523589416,0.0,-99.89409432976055
28,-26.268847023500967,54.34118122497276,26,-90.0,-180.0,1,0,2100,16.592333713759917,153.73115297649906,0.0,-100.27545077903781
29,-185.47051019768682,53.1827844680482,26,-90.0,-180.0,1,0,2100,16.584275930128367,354.5294898023132,0.0,-99.92760895279586
30,87.09505379111494,-13.835824391452604,26,-90.0,-180.0,1,0,2100,15.953045174002973,267.0950537911149,0.0,-99.87452225660415
31,179.26585459646145,92.31950780769071,26,-90.0,-180.0,1,0,2100,16.80014084053045,179.2658545964615,0.0,-100.38747975068526
0,46.90554951730803,-5.620770177397503,26,0.0,0.0,2,120,2100,15.473758421652741,337.6758115258759,0.0,-99.68845839220644
1,25.371070853172228,82.1607803348497,26,0.0,0.0,2,120,2100,16.03804158266014,243.3761455735783,0.0,-100.00073611493687
2,2.255328354260854,-64.51609516557338,26,0.0,0.0,2,120,2100,15.78739651451807,58.92544472047348,0.0,-99.85931313640354
3,-75.69947135474987,-95.50184045965408,26,0.0,0.0,2,120,2100,16.134929259175134,54.667644296828826,0.0,-100.04769106892164
4,-184.66872337565675,-53.40565824541027,26,0.0,0.0,2,120,2100,16.460027076231555,56.5414570091466,0.0,-100.21987944000038
5,-19.683495613223926,-37.55658833382251,26,0.0,0.0,2,120,2100,15.351086389299248,83.65635774417831,0.0,-99.61859975524027
6,-84.76003738674063,36.46503511496516,26,0.0,0.0,2,120,2100,16.072033058587486,186.5797922756836,0.0,-100.01619197255889
7,186.21348567319887,41.238601304636745,26,0.0,0.0,2,120,2100,16.550149471231972,232.9615384540465,0.0,-100.27510789742956
8,160.49254534734496,-17.172051354337512,26,0.0,0.0,2,120,2100,16.658626962324263,12.781071203621877,0.0,-100.31087125529474
9,75.0887041562923,-46.817597695635094,26,0.0,0.0,2,120,2100,16.00040113305324,17.79569469252141,0.0,-99.97148620748422
10,-87.99299250338423,-71.76529054423614,26,0.0,0.0,2,120,2100,16.112962521029715,78.22426294632001,0.0,-100.03664997614919
11,155.37210283259134,89.57861741535359,26,0.0,0.0,2,120,2100,16.12421069179663,240.17560261968077,0.0,-100.04739633320015
12,105.1761438962589,1.1929915197384133,26,0.0,0.0,2,120,2100,16.27575840119902,328.76391335608747,0.0,-100.11983861095896
13,46.76527032438037,-58.25463066116135,26,0.0,0.0,2,120,2100,15.852447472464725,35.73599618255196,0.0,-99.89337078966776
14,21.296869762874763,-78.05693981971342,26,0.0,0.0,2,120,2100,15.988123599931678,55.60696981284343,0.0,-99.96862664388847
15,-158.5715109259263,15.223125583722222,26,0.0,0.0,2,120,2100,16.65661174482196,186.68100513908496,0.0,-100.3298304963864
16,165.7698481851889,-69.1363403135179,26,0.0,0.0,2,120,2100,16.322406099422473,54.647583909372884,0.0,-100.14745806548423
17,8.73573189523455,29.711459030308447,26,0.0,0.0,2,120,2100,15.049493126513395,254.9035341563308,0.0,-99.44677091993526
18,105.18968523527451,-45.459137291443916,26,0.0,0.0,2,120,2100,16.231208225067924,16.477254891977623,0.0,-100.09407954503035
19,-147.76458732780685,36.522359684108864,26,0.0,0.0,2,120,2100,16.509183738021132,204.23631812408968,0.0,-100.25243415011742
20,-11.908232696893066,46.8969009812368,26,0.0,0.0,2,120,2100,15.4921939796593,229.06987569709742,0.0,-99.69933225903762
21,-0.6377003761476203,46.551230106231486,26,0.0,0.0,2,120,2100,15.46077967081186,239.39596253584216,0.0,-99.68171500612468
22,175.37625620392856,-77.5694499737765,26,0.0,0.0,2,120,2100,16.248937626187814,58.98203212765691,0.0,-100.1088163311049
23,8.221935455752288,89.80018978881333,26,0.0,0.0,2,120,2100,16.11776389900634,240.0285745431854,0.0,-100.04389713037904
24,16.968870076533136,-62.39215816336141,26,0.0,0.0,2,120,2100,15.774167407962269,51.32206247712759,0.0,-99.85162074310506
25,-54.92344289783372,-99.09274050675565,26,0.0,0.0,2,120,2100,16.17624524487827,52.53800899990881,0.0,-100.06967709955032
26,-99.50539050965331,7.874578486928868,26,0.0,0.0,2,120,2100,16.219456319076244,157.98279737254666,0.0,-100.09465020355495
27,1.4257252358941912,-21.60526118716902,26,0.0,0.0,2,120,2100,14.695159954820015,56.405091233476014,0.0,-99.23427276837434
28,-26.268847023500967,54.34118122497276,26,0.0,0.0,2,120,2100,15.688887562432132,222.38293487603227,0.0,-99.80838447598931
29,-185.47051019768682,53.1827844680482,26,0.0,0.0,2,120,2100,16.461361120064776,244.0818898126493,0.0,-100.22820938219998
30,87.09505379111494,-13.835824391452604,26,0.0,0.0,2,120,2100,16.088122124085817,343.85294120158744,0.0,-100.01898255545386
31,179.26585459646145,92.31950780769071,26,0.0,0.0,2,120,2100,16.093855552193933,239.9702641258438,0.0,-100.0309245779849
0,46.90554951730803,-5.620770177397503,26,90.0,180.0,3,240,2100,16.180543991960178,73.09445048269197,0.0,-100.01631884565336
1,25.371070853172228,82.1607803348497,26,90.0,180.0,3,240,2100,13.67929428311727,94.62892914682777,0.0,-98.63665727446993
2,2.255328354260854,-64.51609516557338,26,90.0,180.0,3,240,2100,16.660452165163115,117.74467164573912,0.0,-100.32884403260857
3,-75.69947135474987,-95.50184045965408,26,90.0,180.0,3,240,2100,16.78206808630498,15.69947135474979,0.0,-100.08237245565968
4,-184.66872337565675,-53.40565824541027,26,90.0,180.0,3,240,2100,16.58583128809193,304.6687233756568,0.0,-99.49644335037905
5,-19.683495613223926,-37.55658833382251,26,90.0,180.0,3,240,2100,16.46871400691412,139.6834956132239,0.0,-100.21790284988228
6,-84.76003738674063,36.46503511496516,26,90.0,180.0,3,240,2100,15.600488997769956,204.76003738674063,0.0,-99.60179520257111
7,186.21348567319887,41.238601304636745,26,90.0,180.0,3,240,2100,15.50709301401683,293.7865143268011,0.0,-99.1773944125144
8,160.49254534734496,-17.172051354337512,26,90.0,180.0,3,240,2100,16.294589423771473,319.50745465265504,0.0,-99.30586507877256
9,75.0887041562923,-46.817597695635094,26,90.0,180.0,3,240,2100,16.53880254098414,44.911295843707705,0.0,-100.1096931275817
10,-87.99299250338423,-71.76529054423614,26,90.0,180.0,3,240,2100,16.70630035668829,207.99299250338424,0.0,-100.13228506608992
11,155.37210283259134,89.57861741535359,26,90.0,180.0,3,240,2100,10.755961052627491,324.62789716740883,0.0,-97.28403460802558
12,105.1761438962589,1.1929915197384133,26,90.0,180.0,3,240,2100,16.106619512649885,14.823856103741093,0.0,-99.76953276141367
13,46.76527032438037,-58.25463066116135,26,90.0,180.0,3,240,2100,16.61908517375616,73.23472967561963,0.0,-100.24446708626249
14,21.296869762874763,-78.05693981971342,26,90.0,180.0,3,240,2100,16.744456743216567,98.70313023712521,0.0,-100.35798500396278
15,-158.5715109259263,15.223125583722222,26,90.0,180.0,3,240,2100,15.934662632039204,278.5715109259263,0.0,-99.41985425177029
16,165.7698481851889,-69.1363403135179,26,90.0,180.0,3,240,2100,16.68991521777183,314.2301518148111,0.0,-99.46385190032342
17,8.73573189523455,29.711459030308447,26,90.0,180.0,3,240,2100,15.719296041292464,111.26426810476545,0.0,-99.81535677706376
18,105.18968523527451,-45.459137291443916,26,90.0,180.0,3,240,2100,16.528823931634932,14.81031476472549,0.0,-99.9658025025781
19,-147.76458732780685,36.522359684108864,26,90.0,180.0,3,240,2100,15.599417636785985,267.76458732780685,0.0,-99.33935555449219
20,-11.908232696893066,46.8969009812368,26,90.0,180.0,3,240,2100,15.383748946208996,131.90823269689304,0.0,-99.62657352295287
21,-0.6377003761476203,46.551230106231486,26,90.0,180.0,3,240,2100,15.391736587503823,120.63770037614762,0.0,-99.63388708156036
22,175.37625620392856,-77.5694499737765,26,90.0,180.0,3,240,2100,16.7415517859338,304.6237437960714,0.0,-99.54687171231508
23,8.221935455752288,89.80018978881333,26,90.0,180.0,3,240,2100,10.009811490928868,111.77806454424785,0.0,-95.96838639456824
24,16.968870076533136,-62.39215816336141,26,90.0,180.0,3,240,2100,16.64661108554024,103.03112992346684,0.0,-100.3134058708688
25,-54.92344289783372,-99.09274050675565,26,90.0,180.0,3,240,2100,16.761274960083686,354.9234428978337,0.0,-99.20343935791772
26,-99.50539050965331,7.874578486928868,26,90.0,180.0,3,240,2100,16.028401559039448,219.5053905096533,0.0,-99.75751979643877
27,1.4257252358941912,-21.60526118716902,26,90.0,180.0,3,240,2100,16.335122112865697,118.57427476410578,0.0,-100.15714529994612
28,-26.268847023500967,54.34118122497276,26,90.0,180.0,3,240,2100,15.19415057944324,146.268847023501,0.0,-99.51038482147459
29,-185.47051019768682,53.1827844680482,26,90.0,180.0,3,240,2100,15.22611963343186,305.47051019768685,0.0,-99.02201972064871
30,87.09505379111494,-13.835824391452604,26,90.0,180.0,3,240,2100,16.262964966998698,32.904946208885065,0.0,-99.92519870118852
31,179.26585459646145,92.31950780769071,26,90.0,180.0,3,240,2100,12.461512724483242,120.73414540353855,0.0,-97.8497610442124
0,43.9869350509434,-3.6876832400617587,27,-90.0,-180.0,1,0,2100,16.07812625254572,223.98693505094337,0.0,-99.99735816283348
1,25.3694067488359,81.91046292393003,27,-90.0,-180.0,1,0,2100,16.76712766941677,205.3694067488359,0.0,-100.3625552551381
2,1.418063931910467,-65.409194564079,27,-90.0,-180.0,1,0,2100,14.822526815896193,181.41806393191044,0.0,-99.32578957962241
3,-72.59235307812544,-96.88238479869108,27,-90.0,-180.0,1,0,2100,13.5491203651302,287.4076469218745,0.0,-98.56381318605625
4,-186.11011060970318,-54.18846944768827,27,-90.0,-180.0,1,0,2100,15.198424015147351,353.88988939029684,0.0,-99.33866018659747
5,-19.837377839234023,-37.51593159968535,27,-90.0,-180.0,1,0,2100,15.580663675948154,160.16262216076598,0.0,-99.74665478164235
6,-81.50117850862951,36.419864812895355,27,-90.0,-180.0,1,0,2100,16.459762539037662,98.4988214913705,0.0,-100.13630238113528
7,185.7651510190895,41.62430517055569,27,-90.0,-180.0,1,0,2100,16.500105600117482,5.765151019089501,0.0,-99.89476520559154
8,160.67216773303176,-17.543541842294786,27,-90.0,-180.0,1,0,2100,15.903139768572192,340.6721677330317,0.0,-99.68371641971505
9,73.47313966476906,-46.94410352936136,27,-90.0,-180.0,1,0,2100,15.3826532383787,253.47313966476906,0.0,-99.59791723463377
10,-83.23088623150863,-70.72340730350973,27,-90.0,-180.0,1,0,2100,14.579045852504555,96.76911376849137,0.0,-99.15365888407219
11,157.82689358409613,90.74026852163345,27,-90.0,-180.0,1,0,2100,16.80898965838043,157.82689358409607,0.0,-100.38502959547641
12,107.09206224285481,2.3387978292616793,27,-90.0,-180.0,1,0,2100,16.14561833560429,287.0920622428548,0.0,-99.9304310065632
13,41.394560019085446,-57.32429565403425,27,-90.0,-180.0,1,0,2100,15.10678593059474,221.39456001908542,0.0,-99.47509591266163
14,20.22096241714138,-76.85424064801549,27,-90.0,-180.0,1,0,2100,14.196253747514428,200.22096241714135,0.0,-98.95949866802812
15,-158.1833073871386,15.16324546277194,27,-90.0,-180.0,1,0,2100,16.27566778723283,21.816692612861402,0.0,-99.8537907350007
16,165.8814061913625,-68.81239724032642,27,-90.0,-180.0,1,0,2100,14.673570499411552,345.8814061913625,0.0,-99.11233439130866
17,10.546975193820742,30.049253601921606,27,-90.0,-180.0,1,0,2100,16.408056020368477,190.5469751938207,0.0,-100.18932344816962
18,108.36904450844372,-44.763793364638445,27,-90.0,-180.0,1,0,2100,15.432051836808263,288.3690445084437,0.0,-99.57441470416317
19,-148.1930661026031,36.52932112722411,27,-90.0,-180.0,1,0,2100,16.460627980157618,31.806933897396902,0.0,-99.96487172993044
20,-11.552780064291284,46.398667557627675,27,-90.0,-180.0,1,0,2100,16.535735882867094,168.44721993570874,0.0,-100.25412859501795
21,-0.7105662319296755,45.935443541493896,27,-90.0,-180.0,1,0,2100,16.532333999566923,179.28943376807035,0.0,-100.25409213437496
22,173.03641364694897,-78.46581481939049,27,-90.0,-180.0,1,0,2100,14.065469869375901,353.036413646949,0.0,-98.81645627345438
23,8.00044272098691,90.03759878118063,27,-90.0,-180.0,1,0,2100,16.812901837155444,8.000442720986143,0.0,-100.02750746852094
24,14.53380713436681,-63.67052203744971,27,-90.0,-180.0,1,0,2100,14.890843328063886,194.53380713436678,0.0,-99.36350446873004
25,-54.896858558848976,-98.03842827076903,27,-90.0,-180.0,1,0,2100,13.704388533186659,305.10314144115097,0.0,-98.64993322479584
26,-98.3885971461488,6.278024702811649,27,-90.0,-180.0,1,0,2100,16.187394030120323,81.61140285385119,0.0,-99.96945118668984
27,-1.5120095646007314,-20.661250144909374,27,-90.0,-180.0,1,0,2100,15.859157880731683,178.4879904353993,0.0,-99.90146667177288
28,-23.244990170326446,54.15388605335224,27,-90.0,-180.0,1,0,2100,16.59103528472238,156.75500982967355,0.0,-100.27673419367102
29,-185.1529480296555,52.826629034422155,27,-90.0,-180.0,1,0,2100,16.581785413533233,354.8470519703445,0.0,-99.92547965124533
30,85.88070193105938,-13.168893463326327,27,-90.0,-180.0,1,0,2100,15.96176354838557,265.8807019310594,0.0,-99.88104141957055
31,178.5715965169249,92.07331842452737,27,-90.0,-180.0,1,0,2100,16.801525454948933,178.57159651692496,0.0,-100.38812875013046
0,43.9869350509434,-3.6876832400617587,27,0.0,0.0,2,120,2100,15.406833819932096,335.3020403700716,0.0,-99.65083464574462
1,25.3694067488359,81.91046292393003,27,0.0,0.0,2,120,2100,16.035313939790395,243.48489638181212,0.0,-99.99925198470808
2,1.418063931910467,-65.409194564079,27,0.0,0.0,2,120,2100,15.80093957757663,59.35112888085689,0.0,-99.86676514241147
3,-72.59235307812544,-96.88238479869108,27,0.0,0.0,2,120,2100,16.142534542018918,53.43000461426823,0.0,-100.0517024011879
4,-186.11011060970318,-54.18846944768827,27,0.0,0.0,2,120,2100,16.453073249451048,55.60835170064831,0.0,-100.2161649337799
5,-19.837377839234023,-37.51593159968535,27,0.0,0.0,2,120,2100,15.351732319290898,83.84529201612543,0.0,-99.6189843749052
6,-81.50117850862951,36.419864812895355,27,0.0,0.0,2,120,2100,16.04104049936365,186.7225954949269,0.0,-99.99941084935229
7,185.7651510190895,41.62430517055569,27,0.0,0.0,2,120,2100,16.547774169941576,233.55042198635647,0.0,-100.27386206416709
8,160.67216773303176,-17.543541842294786,27,0.0,0.0,2,120,2100,16.65791918264261,13.686423663124629,0.0,-100.31087543594327
9,73.47313966476906,-46.94410352936136,27,0.0,0.0,2,120,2100,15.987086924292585,18.14793157966608,0.0,-99.96436656303457
10,-83.23088623150863,-70.72340730350973,27,0.0,0.0,2,120,2100,16.094873158980548,79.15203772330318,0.0,-100.02692369733998
11,157.82689358409613,90.74026852163345,27,0.0,0.0,2,120,2100,16.11231755060366,239.72060476877192,0.0,-100.04093514089428
12,107.09206224285481,2.3387978292616793,27,0.0,0.0,2,120,2100,16.293705740548813,327.5532616615031,0.0,-100.12935794766585
13,41.394560019085446,-57.32429565403425,27,0.0,0.0,2,120,2100,15.81145084317699,37.01756300563068,0.0,-99.8710105909955
14,20.22096241714138,-76.85424064801549,27,0.0,0.0,2,120,2100,15.972721238137028,55.384842569039506,0.0,-99.96026952747343
15,-158.1833073871386,15.16324546277194,27,0.0,0.0,2,120,2100,16.65479440415783,186.1001950098102,0.0,-100.3288375923601
16,165.8814061913625,-68.81239724032642,27,0.0,0.0,2,120,2100,16.32533435689988,54.598548136563636,0.0,-100.14900699576525
17,10.546975193820742,30.049253601921606,27,0.0,0.0,2,120,2100,15.075919937702503,257.55783492836434,0.0,-99.46186306113502
18,108.36904450844372,-44.763793364638445,27,0.0,0.0,2,120,2100,16.25419812217341,16.261597928148944,0.0,-100.10608845793791
19,-148.1930661026031,36.52932112722411,27,0.0,0.0,2,120,2100,16.51102370701111,204.56749937816312,0.0,-100.25343123479225
20,-11.552780064291284,46.398667557627675,27,0.0,0.0,2,120,2100,15.480761708753544,229.20200465948022,0.0,-99.69295886035091
21,-0.7105662319296755,45.935443541493896,27,0.0,0.0,2,120,2100,15.447483874344746,239.3123159079684,0.0,-99.6742609097925
22,173.03641364694897,-78.46581481939049,27,0.0,0.0,2,120,2100,16.239699759114195,58.582700187707246,0.0,-100.1038768948646
23,8.00044272098691,90.03759878118063,27,0.0,0.0,2,120,2100,16.12037722297019,239.9947669725982,0.0,-100.04531437023132
24,14.53380713436681,-63.67052203744971,27,0.0,0.0,2,120,2100,15.787971529763533,52.92076822975548,0.0,-99.85930686543075
25,-54.896858558848976,-98.03842827076903,27,0.0,0.0,2,120,2100,16.169941736827646,53.409347852473275,0.0,-100.06637020656167
26,-98.3885971461488,6.278024702811649,27,0.0,0.0,2,120,2100,16.208563756340162,156.34536636797424,0.0,-100.08873667620674
27,-1.5120095646007314,-20.661250144909374,27,0.0,0.0,2,120,2100,14.650968344066605,64.00262682230812,0.0,-99.2098577809487
28,-23.244990170326446,54.15388605335224,27,0.0,0.0,2,120,2100,15.671023600528523,224.0859063416563,0.0,-99.79856831323667
29,-185.1529480296555,52.826629034422155,27,0.0,0.0,2,120,2100,16.464325085282788,243.89624458430984,0.0,-100.22978130604793
30,85.88070193105938,-13.168893463326327,27,0.0,0.0,2,120,2100,16.074375743659147,343.2018084933194,0.0,-100.01206567245801
31,178.5715965169249,92.07331842452737,27,0.0,0.0,2,120,2100,16.096664576302686,239.94829425638653,0.0,-100.03244215340195
0,43.9869350509434,-3.6876832400617587,27,90.0,180.0,3,240,2100,16.160120667894677,76.01306494905657,0.0,-100.0121442922889
1,25.3694067488359,81.91046292393003,27,90.0,180.0,3,240,2100,13.710726458442643,94.6305932511641,0.0,-98.65590390713278
2,1.418063931910467,-65.409194564079,27,90.0,180.0,3,240,2100,16.666215501350443,118.58193606808953,0.0,-100.33189101160255
3,-72.59235307812544,-96.88238479869108,27,90.0,180.0,3,240,2100,16.77412511233028,12.592353078125427,0.0,-100.0617868916367
4,-186.11011060970318,-54.18846944768827,27,90.0,180.0,3,240,2100,16.591275162018846,306.11011060970316,0.0,-99.48846942758867
5,-19.837377839234023,-37.51593159968535,27,90.0,180.0,3,240,2100,16.468395221247764,139.83737783923402,0.0,-100.21755901554509
6,-81.50117850862951,36.419864812895355,27,90.0,180.0,3,240,2100,15.60133239514606,201.5011785086295,0.0,-99.61295869447767
7,185.7651510190895,41.62430517055569,27,90.0,180.0,3,240,2100,15.499151540627425,294.23484898091056,0.0,-99.17228240494238
8,160.67216773303176,-17.543541842294786,27,90.0,180.0,3,240,2100,16.298049729769925,319.32783226696824,0.0,-99.30808382152489
9,73.47313966476906,-46.94410352936136,27,90.0,180.0,3,240,2100,16.53972674501898,46.526860335230936,0.0,-100.11655060005369
10,-83.23088623150863,-70.72340730350973,27,90.0,180.0,3,240,2100,16.699838816704734,203.23088623150863,0.0,-100.15140326651508
11,157.82689358409613,90.74026852163345,27,90.0,180.0,3,240,2100,11.319423683741714,142.17310641590376,0.0,-97.05717928565203
12,107.09206224285481,2.3387978292616793,27,90.0,180.0,3,240,2100,16.093633351674743,12.907937757145191,0.0,-99.7544809076645
13,41.394560019085446,-57.32429565403425,27,90.0,180.0,3,240,2100,16.61279015107375,78.60543998091453,0.0,-100.25481447725694
14,20.22096241714138,-76.85424064801549,27,90.0,180.0,3,240,2100,16.73727451492823,99.77903758285862,0.0,-100.35572884394435
15,-158.1833073871386,15.16324546277194,27,90.0,180.0,3,240,2100,15.935463095437836,278.1833073871386,0.0,-99.42229041917702
16,165.8814061913625,-68.81239724032642,27,90.0,180.0,3,240,2100,16.687877510879392,314.1185938086375,0.0,-99.46400460322023
17,10.546975193820742,30.049253601921606,27,90.0,180.0,3,240,2100,15.713677321866978,109.45302480617926,0.0,-99.81143302050995
18,108.36904450844372,-44.763793364638445,27,90.0,180.0,3,240,2100,16.523677474125748,11.630955491556279,0.0,-99.94681273439068
19,-148.1930661026031,36.52932112722411,27,90.0,180.0,3,240,2100,15.5992874534973,268.1930661026031,0.0,-99.33725411992549
20,-11.552780064291284,46.398667557627675,27,90.0,180.0,3,240,2100,15.395241756808009,131.5527800642913,0.0,-99.63316401817481
21,-0.7105662319296755,45.935443541493896,27,90.0,180.0,3,240,2100,15.405809795031374,120.71056623192965,0.0,-99.64176392171437
22,173.03641364694897,-78.46581481939049,27,90.0,180.0,3,240,2100,16.74688674340769,306.963586353051,0.0,-99.53213537713417
23,8.00044272098691,90.03759878118063,27,90.0,180.0,3,240,2100,8.339609089996657,291.9995572790124,0.0,-95.60344214599242
24,14.53380713436681,-63.67052203744971,27,90.0,180.0,3,240,2100,16.6549647419368,105.46619286563316,0.0,-100.31993771199792
25,-54.896858558848976,-98.03842827076903,27,90.0,180.0,3,240,2100,16.767424924196785,354.896858558849,0.0,-99.20506802027079
26,-98.3885971461488,6.278024702811649,27,90.0,180.0,3,240,2100,16.047655438971816,218.38859714614875,0.0,-99.77169790646049
27,-1.5120095646007314,-20.661250144909374,27,90.0,180.0,3,240,2100,16.32662765603898,121.5120095646007,0.0,-100.15254398749256
28,-23.244990170326446,54.15388605335224,27,90.0,180.0,3,240,2100,15.19938925447644,143.24499017032645,0.0,-99.51606820081282
29,-185.1529480296555,52.826629034422155,27,90.0,180.0,3,240,2100,15.235746752630348,305.1529480296555,0.0,-99.02679497282578
30,85.88070193105938,-13.168893463326327,27,90.0,180.0,3,240,2100,16.256521315039762,34.11929806894062,0.0,-99.92709889154021
31,178.5715965169249,92.07331842452737,27,90.0,180.0,3,240,2100,12.3493086003566,121.4284034830751,0.0,-97.77381208423728
0,42.49530817637191,-2.292760595465822,28,-90.0,-180.0,1,0,2100,16.094158386050637,222.4953081763719,0.0,-100.0071077387687
1,27.894268764871043,82.15475601607284,28,-90.0,-180.0,1,0,2100,16.7685477090313,207.89426876487104,0.0,-100.36141768307685
2,0.49003650454636727,-66.00956832873845,28,-90.0,-180.0,1,0,2100,14.797809285223742,180.49003650454634,0.0,-99.31167931078573
3,-69.51689540007888,-99.68855504135244,28,-90.0,-180.0,1,0,2100,13.89110006372571,290.4831045999211,0.0,-98.75733169478372
4,-188.4421432413463,-54.58500755787499,28,-90.0,-180.0,1,0,2100,15.187289339736713,351.5578567586537,0.0,-99.33841225422513
5,-21.421746005096423,-36.31210104195702,28,-90.0,-180.0,1,0,2100,15.603341638440238,158.57825399490355,0.0,-99.75845344571354
6,-81.92931105449253,36.47825731845478,28,-90.0,-180.0,1,0,2100,16.460224325799512,98.07068894550747,0.0,-100.13569713446167
7,184.8901954559277,40.47179223617718,28,-90.0,-180.0,1,0,2100,16.49131096108806,4.89019545592771,0.0,-99.88814395282478
8,161.23957622531657,-18.436277037355637,28,-90.0,-180.0,1,0,2100,15.89074224884884,341.23957622531657,0.0,-99.6766940998754
9,70.11313239377796,-47.74401762086982,28,-90.0,-180.0,1,0,2100,15.363899991426635,250.11313239377793,0.0,-99.59166788042548
10,-79.39715603770797,-69.80578616936131,28,-90.0,-180.0,1,0,2100,14.625550404471507,100.60284396229201,0.0,-99.18214923050365
11,157.40370781096073,91.74860248927217,28,-90.0,-180.0,1,0,2100,16.803348790116946,157.40370781096067,0.0,-100.38203982275132
12,106.91514834130197,2.2610020821419994,28,-90.0,-180.0,1,0,2100,16.144775477224258,286.915148341302,0.0,-99.93040183804881
13,40.01639234184617,-57.315676346763155,28,-90.0,-180.0,1,0,2100,15.107049679103287,220.01639234184614,0.0,-99.47600742873634
14,20.637195131549703,-80.02640110749945,28,-90.0,-180.0,1,0,2100,13.920096231988179,200.63719513154967,0.0,-98.79366837158636
15,-155.56790128288364,13.779863275364036,28,-90.0,-180.0,1,0,2100,16.262425883336668,24.43209871711639,0.0,-99.85606587912321
16,171.2624135620436,-71.42727493892191,28,-90.0,-180.0,1,0,2100,14.5418484339065,351.26241356204355,0.0,-99.04360607927474
17,10.379374689776824,30.176881284739494,28,-90.0,-180.0,1,0,2100,16.40911858323526,190.3793746897768,0.0,-100.18991411058605
18,107.16233644612618,-42.324315802801536,28,-90.0,-180.0,1,0,2100,15.484575531369725,287.1623364461262,0.0,-99.6029998482664
19,-148.87783435716557,36.49221554030825,28,-90.0,-180.0,1,0,2100,16.460334680345785,31.12216564283443,0.0,-99.96261117006513
20,-11.727267817186345,44.308716464745885,28,-90.0,-180.0,1,0,2100,16.520294911531742,168.27273218281368,0.0,-100.24623851187516
21,-1.2029037979927182,46.90515876051876,28,-90.0,-180.0,1,0,2100,16.539442320177194,178.7970962020073,0.0,-100.25767256951646
22,170.54514084740958,-80.46236929974745,28,-90.0,-180.0,1,0,2100,13.87539988249778,350.5451408474096,0.0,-98.72547967706868
23,11.01360434405774,92.0842214090274,28,-90.0,-180.0,1,0,2100,16.801464175112073,11.013604344057683,0.0,-100.03438029972433
24,16.154178016855127,-63.5722913271032,28,-90.0,-180.0,1,0,2100,14.894567210881561,196.1541780168551,0.0,-99.36532020875089
25,-53.700172367146536,-97.86899870017511,28,-90.0,-180.0,1,0,2100,13.683085806248235,306.29982763285346,0.0,-98.63795225750972
26,-100.45262589278549,4.239295383127811,28,-90.0,-180.0,1,0,2100,16.165991178648905,79.54737410721452,0.0,-99.95467733415077
27,-1.754430183526864,-20.40072329036623,28,-90.0,-180.0,1,0,2100,15.862908144538405,178.2455698164731,0.0,-99.90347929926587
28,-22.908240927554118,54.51793007936607,28,-90.0,-180.0,1,0,2100,16.5935574858934,157.09175907244594,0.0,-100.27820720364777
29,-185.2263466799886,51.230686148089916,28,-90.0,-180.0,1,0,2100,16.570548529333905,354.7736533200114,0.0,-99.92124292453002
30,85.43359927390242,-11.507420687212075,28,-90.0,-180.0,1,0,2100,15.9831580440039,265.4335992739024,0.0,-99.8926213197838
31,175.98516258080036,90.10020295023241,28,-90.0,-180.0,1,0,2100,16.812553903046947,175.9851625808002,0.0,-100.39333532994927
0,42.49530817637191,-2.292760595465822,28,0.0,0.0,2,120,2100,15.370724578689634,333.3918631790395,0.0,-99.63038918409991
1,27.894268764871043,82.15475601607284,28,0.0,0.0,2,120,2100,16.03985015370842,243.6883378865594,0.0,-100.00173528993597
2,0.49003650454636727,-66.00956832873845,28,0.0,0.0,2,120,2100,15.809967810480474,59.78192345352602,0.0,-99.87173175286722
3,-69.51689540007888,-99.68855504135244,28,0.0,0.0,2,120,2100,16.15678986046162,50.913445398025374,0.0,-100.05917112978993
4,-188.4421432413463,-54.58500755787499,28,0.0,0.0,2,120,2100,16.44826563801408,54.04043791603908,0.0,-100.21348722839528
5,-21.421746005096423,-36.31210104195702,28,0.0,0.0,2,120,2100,15.343382475416046,86.42648242825345,0.0,-99.61450481000338
6,-81.92931105449253,36.47825731845478,28,0.0,0.0,2,120,2100,16.045217581380573,186.75128238800937,0.0,-100.00166003826239
7,184.8901954559277,40.47179223617718,28,0.0,0.0,2,120,2100,16.55667162029526,234.29449543598872,0.0,-100.27856111311682
8,161.23957622531657,-18.436277037355637,28,0.0,0.0,2,120,2100,16.656665878132834,16.027529438658803,0.0,-100.31115762971918
9,70.11313239377796,-47.74401762086982,28,0.0,0.0,2,120,2100,15.961059367222639,19.491156606587992,0.0,-99.95051607444877
10,-79.39715603770797,-69.80578616936131,28,0.0,0.0,2,120,2100,16.078658460012207,79.87663267329128,0.0,-100.01819032255707
11,157.40370781096073,91.74860248927217,28,0.0,0.0,2,120,2100,16.10186374732459,239.32794686196934,0.0,-100.03524109759398
12,106.91514834130197,2.2610020821419994,28,0.0,0.0,2,120,2100,16.292062556253676,327.6368695796722,0.0,-100.12849464374403
13,40.01639234184617,-57.315676346763155,28,0.0,0.0,2,120,2100,15.803280722471023,37.581179047013165,0.0,-99.86657492290327
14,20.637195131549703,-80.02640110749945,28,0.0,0.0,2,120,2100,16.01054940282402,56.45340887738416,0.0,-99.98081114403436
15,-155.56790128288364,13.779863275364036,28,0.0,0.0,2,120,2100,16.64508032275986,180.66563523272697,0.0,-100.32341529121437
16,171.2624135620436,-71.42727493892191,28,0.0,0.0,2,120,2100,16.305515509163968,57.078009257576355,0.0,-100.13871214875573
17,10.379374689776824,30.176881284739494,28,0.0,0.0,2,120,2100,15.078117152069854,257.2151811333871,0.0,-99.46315488153134
18,107.16233644612618,-42.324315802801536,28,0.0,0.0,2,120,2100,16.25100492119506,13.625834414554618,0.0,-100.10381627546089
19,-148.87783435716557,36.49221554030825,28,0.0,0.0,2,120,2100,16.514178523577264,205.0579668112049,0.0,-100.25513693939321
20,-11.727267817186345,44.308716464745885,28,0.0,0.0,2,120,2100,15.438324864017511,228.23804383412067,0.0,-99.66923577025729
21,-1.2029037979927182,46.90515876051876,28,0.0,0.0,2,120,2100,15.468533506079408,238.87477302774937,0.0,-99.68606497092199
22,170.54514084740958,-80.46236929974745,28,0.0,0.0,2,120,2100,16.21937525633763,58.41901622175294,0.0,-100.09304274419448
23,11.01360434405774,92.0842214090274,28,0.0,0.0,2,120,2100,16.142440406512993,239.60165672864622,0.0,-100.05724385081677
24,16.154178016855127,-63.5722913271032,28,0.0,0.0,2,120,2100,15.78978040274553,52.12713093082232,0.0,-99.86025587264747
25,-53.700172367146536,-97.86899870017511,28,0.0,0.0,2,120,2100,16.170329249946125,53.644159918712944,0.0,-100.06659178093385
26,-100.45262589278549,4.239295383127811,28,0.0,0.0,2,120,2100,16.229552239066706,154.3105651635032,0.0,-100.09998053043297
27,-1.754430183526864,-20.40072329036623,28,0.0,0.0,2,120,2100,14.63925240873912,64.70599008714834,0.0,-99.20303078189629
28,-22.908240927554118,54.51793007936607,28,0.0,0.0,2,120,2100,15.67504037832181,224.49225232851228,0.0,-99.80079659890411
29,-185.2263466799886,51.230686148089916,28,0.0,0.0,2,120,2100,16.47669166541431,244.18421135215885,0.0,-100.23631565970311
30,85.43359927390242,-11.507420687212075,28,0.0,0.0,2,120,2100,16.068969434992304,341.54308255846854,0.0,-100.00972032863167
31,175.98516258080036,90.10020295023241,28,0.0,0.0,2,120,2100,16.118852359470786,239.99298430312183,0.0,-100.0444824211735
0,42.49530817637191,-2.292760595465822,28,90.0,180.0,3,240,2100,16.14511964263259,77.5046918236281,0.0,-100.00736600627944
1,27.894268764871043,82.15475601607284,28,90.0,180.0,3,240,2100,13.680062471600742,92.10573123512899,0.0,-98.63624265071037
2,0.49003650454636727,-66.00956832873845,28,90.0,180.0,3,240,2100,16.670071238674964,119.50996349545363,0.0,-100.33391255524973
3,-69.51689540007888,-99.68855504135244,28,90.0,180.0,3,240,2100,16.757782683130532,9.516895400078852,0.0,-100.03753443553535
4,-188.4421432413463,-54.58500755787499,28,90.0,180.0,3,240,2100,16.594021524592502,308.44214324134634,0.0,-99.4735601639617
5,-21.421746005096423,-36.31210104195702,28,90.0,180.0,3,240,2100,16.458909748062496,141.4217460050964,0.0,-100.2107146896801
6,-81.92931105449253,36.47825731845478,28,90.0,180.0,3,240,2100,15.600241984731007,201.92931105449247,0.0,-99.61101299664016
7,184.8901954559277,40.47179223617718,28,90.0,180.0,3,240,2100,15.522696382744355,295.1098045440723,0.0,-99.1767239355569
8,161.23957622531657,-18.436277037355637,28,90.0,180.0,3,240,2100,16.306316615163695,318.76042377468343,0.0,-99.31425969298726
9,70.11313239377796,-47.74401762086982,28,90.0,180.0,3,240,2100,16.545550923341644,49.88686760622204,0.0,-100.13235079912496
10,-79.39715603770797,-69.80578616936131,28,90.0,180.0,3,240,2100,16.69411313799407,199.39715603770793,0.0,-100.1657714966997
11,157.40370781096073,91.74860248927217,28,90.0,180.0,3,240,2100,12.178975868977734,142.59629218903922,0.0,-97.66109699443238
12,106.91514834130197,2.2610020821419994,28,90.0,180.0,3,240,2100,16.094520417301954,13.084851658698028,0.0,-99.75572477894316
13,40.01639234184617,-57.315676346763155,28,90.0,180.0,3,240,2100,16.612731643691404,79.9836076581538,0.0,-100.25800202381816
14,20.637195131549703,-80.02640110749945,28,90.0,180.0,3,240,2100,16.756107618743517,99.36280486845027,0.0,-100.36462505178037
15,-155.56790128288364,13.779863275364036,28,90.0,180.0,3,240,2100,15.953779647403147,275.56790128288367,0.0,-99.44387006894546
16,171.2624135620436,-71.42727493892191,28,90.0,180.0,3,240,2100,16.704208627200252,308.7375864379564,0.0,-99.5064125236026
17,10.379374689776824,30.176881284739494,28,90.0,180.0,3,240,2100,15.71154617728285,109.62062531022315,0.0,-99.81032466041125
18,107.16233644612618,-42.324315802801536,28,90.0,180.0,3,240,2100,16.50540975532158,12.837663553873824,0.0,-99.94494085980791
19,-148.87783435716557,36.49221554030825,28,90.0,180.0,3,240,2100,15.599981155407319,268.8778343571655,0.0,-99.3342668063018
20,-11.727267817186345,44.308716464745885,28,90.0,180.0,3,240,2100,15.442061584329435,131.72726781718632,0.0,-99.65923980754071
21,-1.2029037979927182,46.90515876051876,28,90.0,180.0,3,240,2100,15.383557345863064,121.20290379799275,0.0,-99.62928779166174
22,170.54514084740958,-80.46236929974745,28,90.0,180.0,3,240,2100,16.758668457428296,309.4548591525904,0.0,-99.51825963907368
23,11.01360434405774,92.0842214090274,28,90.0,180.0,3,240,2100,12.354553510959827,288.98639565594226,0.0,-97.8985574571436
24,16.154178016855127,-63.5722913271032,28,90.0,180.0,3,240,2100,16.654325308214176,103.84582198314484,0.0,-100.31814775088962
25,-53.700172367146536,-97.86899870017511,28,90.0,180.0,3,240,2100,16.76840971485326,353.7001723671465,0.0,-99.21336454057165
26,-100.45262589278549,4.239295383127811,28,90.0,180.0,3,240,2100,16.07171485846892,220.45262589278548,0.0,-99.77426553993733
27,-1.754430183526864,-20.40072329036623,28,90.0,180.0,3,240,2100,16.324270607018402,121.75443018352684,0.0,-100.15125157489572
28,-22.908240927554118,54.51793007936607,28,90.0,180.0,3,240,2100,15.189181589691502,142.90824092755412,0.0,-99.51067708066121
29,-185.2263466799886,51.230686148089916,28,90.0,180.0,3,240,2100,15.277783125606904,305.22634667998864,0.0,-99.04123500371024
30,85.43359927390242,-11.507420687212075,28,90.0,180.0,3,240,2100,16.24028583481089,34.566400726097584,0.0,-99.92093212157499
31,175.98516258080036,90.10020295023241,28,90.0,180.0,3,240,2100,9.319685839043217,124.01483741919947,0.0,-95.29168755246349
0,35.97596075236885,-3.2764850913169,29,-90.0,-180.0,1,0,2100,16.082879012435054,215.97596075236885,0.0,-100.00680876149619
1,29.021538351072934,82.24414672021274,29,-90.0,-180.0,1,0,2100,16.76906682044991,209.02153835107293,0.0,-100.36081243640324
2,-0.5086641978556941,-66.51088867459103,29,-90.0,-180.0,1,0,2100,14.776691188642182,179.49133580214425,0.0,-99.29956708518485
3,-66.87670689300627,-96.46746296951821,29,-90.0,-180.0,1,0,2100,13.486939138704354,293.1232931069937,0.0,-98.52801612676983
4,-188.28440859064668,-54.329523810742565,29,-90.0,-180.0,1,0,2100,15.19447744125797,351.7155914093533,0.0,-99.34130722927844
5,-20.65657883033103,-35.36402676818422,29,-90.0,-180.0,1,0,2100,15.620846520907621,159.343421169669,0.0,-99.76828323506332
6,-84.77199660238512,36.84932437827976,29,-90.0,-180.0,1,0,2100,16.463153870986854,95.22800339761488,0.0,-100.13151874477515
7,185.7497871599383,39.66572740357009,29,-90.0,-180.0,1,0,2100,16.485113720814173,5.7497871599383075,0.0,-99.88863981756941
8,161.7224351720696,-19.88367025110719,29,-90.0,-180.0,1,0,2100,15.870309684657524,341.7224351720696,0.0,-99.66634656939517
9,67.03914443074842,-48.15503912574003,29,-90.0,-180.0,1,0,2100,15.354125435431405,247.03914443074842,0.0,-99.58972817421848
10,-77.54494494817101,-68.71539221463934,29,-90.0,-180.0,1,0,2100,14.678138434637118,102.45505505182899,0.0,-99.21255011462773
11,156.22165258314368,91.71854818234283,29,-90.0,-180.0,1,0,2100,16.80351738218661,156.22165258314362,0.0,-100.38136894692033
12,107.85671290255573,2.3778423675244653,29,-90.0,-180.0,1,0,2100,16.14604108620223,287.8567129025557,0.0,-99.92892882807206
13,40.04236688983676,-58.0756923850834,29,-90.0,-180.0,1,0,2100,15.083521835493965,220.04236688983673,0.0,-99.46288888938896
14,21.510050894210963,-81.01601458192914,29,-90.0,-180.0,1,0,2100,13.815598434532216,201.51005089421093,0.0,-98.72991329125612
15,-149.36410806388506,13.01280281643794,29,-90.0,-180.0,1,0,2100,16.255007207183212,30.635891936114945,0.0,-99.87139393343571
16,171.9776691886891,-72.40378841337348,29,-90.0,-180.0,1,0,2100,14.487837978918234,351.9776691886891,0.0,-99.01751484315193
17,10.710828948002359,29.87155626777181,29,-90.0,-180.0,1,0,2100,16.40657472032258,190.71082894800233,0.0,-100.18852860615246
18,105.89476990148177,-42.20449597662984,29,-90.0,-180.0,1,0,2100,15.487085605220622,285.8947699014817,0.0,-99.60639798019297
19,-148.77972942010072,36.4859511254528,29,-90.0,-180.0,1,0,2100,16.460285155009316,31.220270579899307,0.0,-99.96289556308045
20,-11.505663903910346,43.12493442235933,29,-90.0,-180.0,1,0,2100,16.5114419516257,168.49433609608968,0.0,-100.24184135833072
21,-3.6532195038541886,47.41742100453848,29,-90.0,-180.0,1,0,2100,16.543177067833348,176.3467804961458,0.0,-100.25941538825133
22,171.1570922649454,-81.40564369768907,29,-90.0,-180.0,1,0,2100,13.771260629448564,351.1570922649454,0.0,-98.6738732829823
23,12.506938479328312,92.29628673619843,29,-90.0,-180.0,1,0,2100,16.800271522029487,12.506938479328255,0.0,-100.03950666612856
24,15.426277920787186,-63.77765363604268,29,-90.0,-180.0,1,0,2100,14.886766144759688,195.42627792078716,0.0,-99.361003268621
25,-54.7318234510812,-98.09912801794661,29,-90.0,-180.0,1,0,2100,13.711911353219191,305.2681765489188,0.0,-98.65404598532498
26,-101.3668515106921,1.4331910652915525,29,-90.0,-180.0,1,0,2100,16.13576249183203,78.63314848930793,0.0,-99.93800023604769
27,-3.3432484636143442,-20.130682932080205,29,-90.0,-180.0,1,0,2100,15.866780567047842,176.65675153638563,0.0,-99.90549192675886
28,-22.516394012239004,53.7900406632304,29,-90.0,-180.0,1,0,2100,16.588508087394644,157.48360598776094,0.0,-100.27591018313947
29,-186.66299087177012,50.150388892135,29,-90.0,-180.0,1,0,2100,16.5628699568164,353.33700912822985,0.0,-99.9232847205374
30,80.9480596088186,-11.790414509953592,29,-90.0,-180.0,1,0,2100,15.979546171783708,260.9480596088186,0.0,-99.89830918009005
31,176.978143620563,89.4027741636854,29,-90.0,-180.0,1,0,2100,16.809787303428287,356.978143620563,0.0,-100.00720253644046
0,35.97596075236885,-3.2764850913169,29,0.0,0.0,2,120,2100,15.206579480044649,335.56602291817904,0.0,-99.53670712147535
1,29.021538351072934,82.24414672021274,29,0.0,0.0,2,120,2100,16.041676414218575,243.78031861566637,0.0,-100.00273028428653
2,-0.5086641978556941,-66.51088867459103,29,0.0,0.0,2,120,2100,15.81753440224506,60.22105455232952,0.0,-99.87590194977768
3,-66.87670689300627,-96.46746296951821,29,0.0,0.0,2,120,2100,16.147743926847035,54.04823001439786,0.0,-100.05452851959538
4,-188.28440859064668,-54.329523810742565,29,0.0,0.0,2,120,2100,16.450405504136537,54.09521141782375,0.0,-100.21461600349886
5,-20.65657883033103,-35.36402676818422,29,0.0,0.0,2,120,2100,15.315633479833116,86.42968974341505,0.0,-99.59894234584381
6,-84.77199660238512,36.84932437827976,29,0.0,0.0,2,120,2100,16.0723892827978,186.96401443253956,0.0,-100.01640518563401
7,185.7497871599383,39.66572740357009,29,0.0,0.0,2,120,2100,16.561709878674662,233.1109364332956,0.0,-100.28120537331318
8,161.7224351720696,-19.88367025110719,29,0.0,0.0,2,120,2100,16.65219306110626,19.070145016095694,0.0,-100.31004557720972
9,67.03914443074842,-48.15503912574003,29,0.0,0.0,2,120,2100,15.93651432841721,20.492171675245913,0.0,-99.93736375416776
10,-77.54494494817101,-68.71539221463934,29,0.0,0.0,2,120,2100,16.06878414536547,80.82710613345259,0.0,-100.01287253762465
11,156.22165258314368,91.71854818234283,29,0.0,0.0,2,120,2100,16.102335525354825,239.30690817616215,0.0,-100.03549402683015
12,107.85671290255573,2.3778423675244653,29,0.0,0.0,2,120,2100,16.30081017585874,327.5019595002229,0.0,-100.13299093123997
13,40.04236688983676,-58.0756923850834,29,0.0,0.0,2,120,2100,15.811616487809943,38.157541442096885,0.0,-99.87121126212502
14,21.510050894210963,-81.01601458192914,29,0.0,0.0,2,120,2100,16.022551228006506,56.68234015501139,0.0,-99.98730787185276
15,-149.36410806388506,13.01280281643794,29,0.0,0.0,2,120,2100,16.610340792659034,174.3951128298799,0.0,-100.30467971481917
16,171.9776691886891,-72.40378841337348,29,0.0,0.0,2,120,2100,16.296886080150635,57.46570957519816,0.0,-100.1341719644502
17,10.710828948002359,29.87155626777181,29,0.0,0.0,2,120,2100,15.072239117854025,257.93047725007057,0.0,-99.45971211746541
18,105.89476990148177,-42.20449597662984,29,0.0,0.0,2,120,2100,16.24222926018032,13.31781926543664,0.0,-100.09914858137515
19,-148.77972942010072,36.4859511254528,29,0.0,0.0,2,120,2100,16.513789986876674,204.9756310576737,0.0,-100.25492581664236
20,-11.505663903910346,43.12493442235933,29,0.0,0.0,2,120,2100,15.412053742975635,227.97750802251142,0.0,-99.65453451969525
21,-3.6532195038541886,47.41742100453848,29,0.0,0.0,2,120,2100,15.481395687987748,236.64884281395445,0.0,-99.69328286061213
22,171.1570922649454,-81.40564369768907,29,0.0,0.0,2,120,2100,16.210123578227428,58.66906584977221,0.0,-100.08812630152109
23,12.506938479328312,92.29628673619843,29,0.0,0.0,2,120,2100,16.144566972231306,239.50246718881783,0.0,-100.05838934851448
24,15.426277920787186,-63.77765363604268,29,0.0,0.0,2,120,2100,15.791305204530664,52.53583575284233,0.0,-99.86111290559649
25,-54.7318234510812,-98.09912801794661,29,0.0,0.0,2,120,2100,16.17050956514451,53.372714961854854,0.0,-100.06666912293169
26,-101.3668515106921,1.4331910652915525,29,0.0,0.0,2,120,2100,16.238864510858054,151.46185269317652,0.0,-100.10490951505196
27,-3.3432484636143442,-20.130682932080205,29,0.0,0.0,2,120,2100,14.635446244605514,69.03978119956946,0.0,-99.20191663906256
28,-22.516394012239004,53.7900406632304,29,0.0,0.0,2,120,2100,15.661916261794214,224.33769186448444,0.0,-99.79354526402572
29,-186.66299087177012,50.150388892135,29,0.0,0.0,2,120,2100,16.484046137181462,245.53140103206994,0.0,-100.24019530154061
30,80.9480596088186,-11.790414509953592,29,0.0,0.0,2,120,2100,16.016337341507946,341.9348641108179,0.0,-99.98221166129251
31,176.978143620563,89.4027741636854,29,0.0,0.0,2,120,2100,16.12656836541154,240.03148502908522,0.0,-100.04866725035382
0,35.97596075236885,-3.2764850913169,29,90.0,180.0,3,240,2100,16.155721977216086,84.02403924763115,0.0,-100.02605036867325
1,29.021538351072934,82.24414672021274,29,90.0,180.0,3,240,2100,13.668602818738929,90.97846164892707,0.0,-98.62881077263978
2,-0.5086641978556941,-66.51088867459103,29,90.0,180.0,3,240,2100,16.673279481436666,120.5086641978557,0.0,-100.33555891495838
3,-66.87670689300627,-96.46746296951821,29,90.0,180.0,3,240,2100,16.776519007172947,6.876706893006258,0.0,-100.03030481295723
4,-188.28440859064668,-54.329523810742565,29,90.0,180.0,3,240,2100,16.592252947590662,308.28440859064665,0.0,-99.47406276886046
5,-20.65657883033103,-35.36402676818422,29,90.0,180.0,3,240,2100,16.451375631108622,140.656578830331,0.0,-100.2076313046975
6,-84.77199660238512,36.84932437827976,29,90.0,180.0,3,240,2100,15.593284825609102,204.77199660238512,0.0,-99.59810707366604
7,185.7497871599383,39.66572740357009,29,90.0,180.0,3,240,2100,15.538840227584474,294.25021284006175,0.0,-99.18688929660813
8,161.7224351720696,-19.88367025110719,29,90.0,180.0,3,240,2100,16.319576185063895,318.2775648279304,0.0,-99.32149942834002
9,67.03914443074842,-48.15503912574003,29,90.0,180.0,3,240,2100,16.548530431767812,52.96085556925158,0.0,-100.14521829355553
10,-77.54494494817101,-68.71539221463934,29,90.0,180.0,3,240,2100,16.687266509093487,197.544944948171,0.0,-100.17053663610216
11,156.22165258314368,91.71854818234283,29,90.0,180.0,3,240,2100,12.161638921832704,143.77834741685626,0.0,-97.64967208730182
12,107.85671290255573,2.3778423675244653,29,90.0,180.0,3,240,2100,16.093187849774843,12.143287097444272,0.0,-99.75068962845828
13,40.04236688983676,-58.0756923850834,29,90.0,180.0,3,240,2100,16.617877479011064,79.95763311016321,0.0,-100.26054639791336
14,21.510050894210963,-81.01601458192914,29,90.0,180.0,3,240,2100,16.7619110974565,98.48994910578904,0.0,-100.36640287755912
15,-149.36410806388506,13.01280281643794,29,90.0,180.0,3,240,2100,15.963793094654905,269.36410806388506,0.0,-99.48165847387995
16,171.9776691886891,-72.40378841337348,29,90.0,180.0,3,240,2100,16.71023965072268,308.0223308113109,0.0,-99.5132750524619
17,10.710828948002359,29.87155626777181,29,90.0,180.0,3,240,2100,15.71663699268227,109.28917105199764,0.0,-99.81300757951878
18,105.89476990148177,-42.20449597662984,29,90.0,180.0,3,240,2100,16.50450384397361,14.105230098518234,0.0,-99.95113088915477
19,-148.77972942010072,36.4859511254528,29,90.0,180.0,3,240,2100,15.600098223366551,268.7797294201007,0.0,-99.33478458036251
20,-11.505663903910346,43.12493442235933,29,90.0,180.0,3,240,2100,15.467639915205305,131.50566390391037,0.0,-99.6736333196619
21,-3.6532195038541886,47.41742100453848,29,90.0,180.0,3,240,2100,15.371599277110736,123.65321950385419,0.0,-99.62235548465753
22,171.1570922649454,-81.40564369768907,29,90.0,180.0,3,240,2100,16.764186825372953,308.8429077350546,0.0,-99.52426864975477
23,12.506938479328312,92.29628673619843,29,90.0,180.0,3,240,2100,12.451451108097793,287.49306152067163,0.0,-97.94157745321004
24,15.426277920787186,-63.77765363604268,29,90.0,180.0,3,240,2100,16.655661650262463,104.57372207921281,0.0,-100.31950589652152
25,-54.7318234510812,-98.09912801794661,29,90.0,180.0,3,240,2100,16.767071877530906,354.73182345108114,0.0,-99.20609648944996
26,-101.3668515106921,1.4331910652915525,29,90.0,180.0,3,240,2100,16.103911112148005,221.36685151069207,0.0,-99.78564443394335
27,-3.3432484636143442,-20.130682932080205,29,90.0,180.0,3,240,2100,16.32182160915567,123.34324846361437,0.0,-100.14970533165584
28,-22.516394012239004,53.7900406632304,29,90.0,180.0,3,240,2100,15.20948828916465,142.516394012239,0.0,-99.52231283914266
29,-186.66299087177012,50.150388892135,29,90.0,180.0,3,240,2100,15.305266712001625,306.66299087177015,0.0,-99.04437400895328
30,80.9480596088186,-11.790414509953592,29,90.0,180.0,3,240,2100,16.24306986819958,39.051940391181404,0.0,-99.94037696462047
31,176.978143620563,89.4027741636854,29,90.0,180.0,3,240,2100,11.104708929888709,303.021856379437,0.0,-97.35220482176054
0,32.7984497234834,-3.8473468558685653,30,-90.0,-180.0,1,0,2100,16.076274703852942,212.7984497234834,0.0,-100.00571494220652
1,25.722791609486023,81.47017879817182,30,-90.0,-180.0,1,0,2100,16.76456325960149,205.72279160948602,0.0,-100.36107495303276
2,-1.119460523960072,-66.99761282281358,30,-90.0,-180.0,1,0,2100,14.755752231673902,178.88053947603998,0.0,-99.28755694938432
3,-64.28039285922696,-94.88759493220932,30,-90.0,-180.0,1,0,2100,13.20685602683592,295.71960714077295,0.0,-98.3650224683526
4,-186.73726197387177,-53.656129723017244,30,-90.0,-180.0,1,0,2100,15.213179646597414,353.2627380261282,0.0,-99.34653568548305
5,-18.1571208624012,-35.246083910858175,30,-90.0,-180.0,1,0,2100,15.62300289723069,161.84287913759886,0.0,-99.7703323231993
6,-84.97932369146746,36.81055929328235,30,-90.0,-180.0,1,0,2100,16.46284822484374,95.02067630853253,0.0,-100.13094266661592
7,186.7488353068482,35.65599622017456,30,-90.0,-180.0,1,0,2100,16.45370189623507,6.748835306848207,0.0,-99.87932776935007
8,161.99694343693614,-20.290156821702467,30,-90.0,-180.0,1,0,2100,15.86449549901612,341.9969434369361,0.0,-99.66302865088319
9,66.79952506560323,-48.308770966461395,30,-90.0,-180.0,1,0,2100,15.35044482750863,246.79952506560323,0.0,-99.58799264761221
10,-73.67694272911284,-67.14995551020776,30,-90.0,-180.0,1,0,2100,14.74910729779703,106.32305727088715,0.0,-99.25464028089402
11,154.42613852709678,91.46299305435647,30,-90.0,-180.0,1,0,2100,16.804949792156098,154.42613852709678,0.0,-100.3808512057899
12,106.59073327842827,2.21515238061869,30,-90.0,-180.0,1,0,2100,16.144278397283106,286.5907332784283,0.0,-99.93089770279346
13,41.536682283919134,-58.382934907324454,30,-90.0,-180.0,1,0,2100,15.073851133814793,221.5366822839191,0.0,-99.45667599582367
14,21.940630619262237,-80.49648904002794,30,-90.0,-180.0,1,0,2100,13.871816090599832,201.94063061926224,0.0,-98.7642300484372
15,-145.9692499606841,8.851925838470038,30,-90.0,-180.0,1,0,2100,16.213776963019505,34.030750039315876,0.0,-99.86299340129108
16,174.55500745650215,-72.64334341041864,30,-90.0,-180.0,1,0,2100,14.474130455767677,354.55500745650215,0.0,-99.00804966023203
17,8.19387423774424,30.661550758934425,30,-90.0,-180.0,1,0,2100,16.413143439967705,188.1938742377442,0.0,-100.19248823198105
18,106.91824040225157,-42.85539355480495,30,-90.0,-180.0,1,0,2100,15.473373641960382,286.9182404022515,0.0,-99.59772034716163
19,-146.6493681287891,36.33551501568323,30,-90.0,-180.0,1,0,2100,16.45909509690919,33.35063187121091,0.0,-99.96903553535977
20,-11.785198658782207,43.38744116095356,30,-90.0,-180.0,1,0,2100,16.51341189246027,168.21480134121782,0.0,-100.24273829014824
21,-4.2485068473001775,47.264039041779,30,-90.0,-180.0,1,0,2100,16.54206026898829,175.75149315269982,0.0,-100.25881014157771
22,170.25859612356567,-80.69507986726481,30,-90.0,-180.0,1,0,2100,13.850698112503517,350.25859612356567,0.0,-98.71347683339675
23,12.038539890819948,91.47114554381349,30,-90.0,-180.0,1,0,2100,16.804904128372858,12.03853989081989,0.0,-100.03958687954314
24,12.255417518727143,-63.38188173740142,30,-90.0,-180.0,1,0,2100,14.9017462993795,192.2554175187271,0.0,-99.37008196872523
25,-51.98503316285496,-97.65487668514406,30,-90.0,-180.0,1,0,2100,13.655497933730677,308.01496683714504,0.0,-98.62249294488245
26,-100.2607354402885,4.099013263401744,30,-90.0,-180.0,1,0,2100,16.164501496243936,79.7392645597115,0.0,-99.95434189623528
27,-2.241564268462554,-19.14981839971442,30,-90.0,-180.0,1,0,2100,15.880721496375218,177.75843573153747,0.0,-99.91305386411473
28,-22.44778861263046,52.40089241350856,30,-90.0,-180.0,1,0,2100,16.578800169275564,157.55221138736954,0.0,-100.27108279400775
29,-186.6592069634921,49.974592160764104,30,-90.0,-180.0,1,0,2100,16.561614826035036,353.3407930365079,0.0,-99.92275968727836
30,81.66149845155621,-12.843624802486914,30,-90.0,-180.0,1,0,2100,15.96598816590632,261.6614984515562,0.0,-99.89025867011811
31,178.41105848630042,88.64993964604929,30,-90.0,-180.0,1,0,2100,16.805582137204343,358.4110584863004,0.0,-100.00004895828606
0,32.7984497234834,-3.8473468558685653,30,0.0,0.0,2,120,2100,15.116609625457773,337.0770306294853,0.0,-99.48485662805984
1,25.722791609486023,81.47017879817182,30,0.0,0.0,2,120,2100,16.03077813363887,243.724431733982,0.0,-99.99680212466845
2,-1.119460523960072,-66.99761282281358,30,0.0,0.0,2,120,2100,15.82488025375589,60.47519671430558,0.0,-99.87993627561086
3,-64.28039285922696,-94.88759493220932,30,0.0,0.0,2,120,2100,16.143234814617426,55.59461586296402,0.0,-100.05219780803891
4,-186.73726197387177,-53.656129723017244,30,0.0,0.0,2,120,2100,16.456858815249056,55.066685250135606,0.0,-100.21808176113171
5,-18.1571208624012,-35.246083910858175,30,0.0,0.0,2,120,2100,15.286349961557818,83.79755378045735,0.0,-99.58223020333799
6,-84.97932369146746,36.81055929328235,30,0.0,0.0,2,120,2100,16.07429414390672,186.91627528210415,0.0,-100.01743362517283
7,186.7488353068482,35.65599622017456,30,0.0,0.0,2,120,2100,16.588537537057057,230.69712321338818,0.0,-100.2953255137293
8,161.99694343693614,-20.290156821702467,30,0.0,0.0,2,120,2100,16.651434749702904,20.105726466378883,0.0,-100.31002676429132
9,66.79952506560323,-48.308770966461395,30,0.0,0.0,2,120,2100,15.935104409885144,20.694032966422753,0.0,-99.9366321406747
10,-73.67694272911284,-67.14995551020776,30,0.0,0.0,2,120,2100,16.047803054541145,82.01861477659736,0.0,-100.00156388334617
11,154.42613852709678,91.46299305435647,30,0.0,0.0,2,120,2100,16.10519242824525,239.36835182304992,0.0,-100.03704713775971
12,106.59073327842827,2.21515238061869,30,0.0,0.0,2,120,2100,16.289030823984373,327.68872429645745,0.0,-100.12693944249021
13,41.536682283919134,-58.382934907324454,30,0.0,0.0,2,120,2100,15.823285316729548,37.794040623281376,0.0,-99.87757838983893
14,21.940630619262237,-80.49648904002794,30,0.0,0.0,2,120,2100,16.01695231767477,56.42079053221153,0.0,-99.98426017907309
15,-145.9692499606841,8.851925838470038,30,0.0,0.0,2,120,2100,16.59669099545657,165.5508509831223,0.0,-100.29697268925082
16,174.55500745650215,-72.64334341041864,30,0.0,0.0,2,120,2100,16.295557664262358,58.30122370589356,0.0,-100.13352396392777
17,8.19387423774424,30.661550758934425,30,0.0,0.0,2,120,2100,15.074395173989089,253.51759771674432,0.0,-99.46127777034056
18,106.91824040225157,-42.85539355480495,30,0.0,0.0,2,120,2100,16.24823483178896,14.121007843163625,0.0,-100.10248473890351
19,-146.6493681287891,36.33551501568323,30,0.0,0.0,2,120,2100,16.505161774850503,203.22417562155675,0.0,-100.2502476709353
20,-11.785198658782207,43.38744116095356,30,0.0,0.0,2,120,2100,15.419021143334525,227.80720912814144,0.0,-99.65842879380261
21,-4.2485068473001775,47.264039041779,30,0.0,0.0,2,120,2100,15.478973190228155,236.08435428240233,0.0,-99.6919304208121
22,170.25859612356567,-80.69507986726481,30,0.0,0.0,2,120,2100,16.216985353050987,58.41201013419652,0.0,-100.09176137541948
23,12.038539890819948,91.47114554381349,30,0.0,0.0,2,120,2100,16.13582366546917,239.6930992607036,0.0,-100.05365894470077
24,12.255417518727143,-63.38188173740142,30,0.0,0.0,2,120,2100,15.779574446529429,53.92766111779861,0.0,-99.85475413917963
25,-51.98503316285496,-97.65487668514406,30,0.0,0.0,2,120,2100,16.170927743556355,53.95548932312397,0.0,-100.06693250378919
26,-100.2607354402885,4.099013263401744,30,0.0,0.0,2,120,2100,16.227663432569596,154.16540019281513,0.0,-100.09896045219122
27,-2.241564268462554,-19.14981839971442,30,0.0,0.0,2,120,2100,14.578998224564332,66.42636290158401,0.0,-99.16730295954362
28,-22.44778861263046,52.40089241350856,30,0.0,0.0,2,120,2100,15.63966613244254,223.61413390464236,0.0,-99.78122071215402
29,-186.6592069634921,49.974592160764104,30,0.0,0.0,2,120,2100,16.485389800259586,245.5626456740868,0.0,-100.24090810211528
30,81.66149845155621,-12.843624802486914,30,0.0,0.0,2,120,2100,16.025305555545362,342.97622979088004,0.0,-99.98663060679061
31,178.41105848630042,88.64993964604929,30,0.0,0.0,2,120,2100,16.134847198338164,240.0374423517012,0.0,-100.05314890557989
0,32.7984497234834,-3.8473468558685653,30,90.0,180.0,3,240,2100,16.161823428589642,87.20155027651657,0.0,-100.0349405088445
1,25.722791609486023,81.47017879817182,30,90.0,180.0,3,240,2100,13.763723293622066,94.27720839051398,0.0,-98.68809792514573
2,-1.119460523960072,-66.99761282281358,30,90.0,180.0,3,240,2100,16.676384497785836,121.11946052396007,0.0,-100.33711122586304
3,-64.28039285922696,-94.88759493220932,30,90.0,180.0,3,240,2100,16.785581973985096,4.280392859226936,0.0,-100.01893704300329
4,-186.73726197387177,-53.656129723017244,30,90.0,180.0,3,240,2100,16.587576358567986,306.73726197387174,0.0,-99.48302673228646
5,-18.1571208624012,-35.246083910858175,30,90.0,180.0,3,240,2100,16.45043438530446,138.1571208624012,0.0,-100.2098480248949
6,-84.97932369146746,36.81055929328235,30,90.0,180.0,3,240,2100,15.59401390286618,204.97932369146747,0.0,-99.59778548743301
7,186.7488353068482,35.65599622017456,30,90.0,180.0,3,240,2100,15.615488287029889,293.25116469315174,0.0,-99.22026853180691
8,161.99694343693614,-20.290156821702467,30,90.0,180.0,3,240,2100,16.3232686039555,318.00305656306386,0.0,-99.3244038172118
9,66.79952506560323,-48.308770966461395,30,90.0,180.0,3,240,2100,16.549642561753465,53.200474934396766,0.0,-100.14663408200278
10,-73.67694272911284,-67.14995551020776,30,90.0,180.0,3,240,2100,16.677354377587434,193.67694272911285,0.0,-100.18197822931084
11,154.42613852709678,91.46299305435647,30,90.0,180.0,3,240,2100,12.000644355049893,145.57386147290316,0.0,-97.54036209512225
12,106.59073327842827,2.21515238061869,30,90.0,180.0,3,240,2100,16.09504284999744,13.409266721571726,0.0,-99.75748541300506
13,41.536682283919134,-58.382934907324454,30,90.0,180.0,3,240,2100,16.619950231060333,78.46331771608084,0.0,-100.25809607262217
14,21.940630619262237,-80.49648904002794,30,90.0,180.0,3,240,2100,16.758868597344076,98.05936938073773,0.0,-100.36432470237406
15,-145.9692499606841,8.851925838470038,30,90.0,180.0,3,240,2100,16.01642951282927,265.9692499606841,0.0,-99.52175967037077
16,174.55500745650215,-72.64334341041864,30,90.0,180.0,3,240,2100,16.71171362174855,305.44499254349785,0.0,-99.53168940377329
17,8.19387423774424,30.661550758934425,30,90.0,180.0,3,240,2100,15.703411472744888,111.80612576225576,0.0,-99.80670226454123
18,106.91824040225157,-42.85539355480495,30,90.0,180.0,3,240,2100,16.509415178114548,13.08175959774843,0.0,-99.948025256068
19,-146.6493681287891,36.33551501568323,30,90.0,180.0,3,240,2100,15.6029054307042,266.6493681287891,0.0,-99.34612706837989
20,-11.785198658782207,43.38744116095356,30,90.0,180.0,3,240,2100,15.462024040811327,131.78519865878218,0.0,-99.67036284834877
21,-4.2485068473001775,47.264039041779,30,90.0,180.0,3,240,2100,15.375194793297103,124.24850684730018,0.0,-99.62427387800355
22,170.25859612356567,-80.69507986726481,30,90.0,180.0,3,240,2100,16.760032699023622,309.74140387643433,0.0,-99.51665878685083
23,12.038539890819948,91.47114554381349,30,90.0,180.0,3,240,2100,12.006201325345502,287.96146010918005,0.0,-97.73484490901076
24,12.255417518727143,-63.38188173740142,30,90.0,180.0,3,240,2100,16.653084669580217,107.74458248127286,0.0,-100.32077707229165
25,-51.98503316285496,-97.65487668514406,30,90.0,180.0,3,240,2100,16.769652889727453,351.9850331628549,0.0,-99.2252566578898
26,-100.2607354402885,4.099013263401744,30,90.0,180.0,3,240,2100,16.07334926082352,220.2607354402885,0.0,-99.77590482070374
27,-2.241564268462554,-19.14981839971442,30,90.0,180.0,3,240,2100,16.312875341812713,122.24156426846253,0.0,-100.14502716211514
28,-22.44778861263046,52.40089241350856,30,90.0,180.0,3,240,2100,15.247134394917651,142.44778861263046,0.0,-99.54333325247443
29,-186.6592069634921,49.974592160764104,30,90.0,180.0,3,240,2100,15.309668513165414,306.65920696349207,0.0,-99.04592935369033
30,81.66149845155621,-12.843624802486914,30,90.0,180.0,3,240,2100,16.25336355641913,38.33850154844379,0.0,-99.94268571106694
31,178.41105848630042,88.64993964604929,30,90.0,180.0,3,240,2100,11.920309792272086,301.5889415136996,0.0,-97.72311105661547
0,31.899155633611997,-4.676296832163686,31,-90.0,-180.0,1,0,2100,16.066606241509533,211.899155633612,0.0,-100.00125215950469
1,25.45506817539217,83.5049073085884,31,-90.0,-180.0,1,0,2100,16.776359775245837,205.45506817539217,0.0,-100.36699616145414
2,-0.03025385512208345,-66.20648982926662,31,-90.0,-180.0,1,0,2100,14.78956707942409,179.96974614487794,0.0,-99.30693942719718
3,-63.42888362247592,-94.69879115693874,31,-90.0,-180.0,1,0,2100,13.167461027077637,296.571116377524,0.0,-98.34200851049806
4,-186.73796733849846,-53.65659371457325,31,-90.0,-180.0,1,0,2100,15.213166879811718,353.26203266150156,0.0,-99.34652110122585
5,-19.27496859199701,-35.97749663046682,31,-90.0,-180.0,1,0,2100,15.609554695393223,160.72503140800302,0.0,-99.76263912752866
6,-84.70342504807137,36.86808662934942,31,-90.0,-180.0,1,0,2100,16.46330176978261,95.29657495192862,0.0,-100.13173021650448
7,186.02992492133177,34.59493570363057,31,-90.0,-180.0,1,0,2100,16.445221873478104,6.029924921331769,0.0,-99.8733846845429
8,161.97566602525717,-20.298931391654477,31,-90.0,-180.0,1,0,2100,15.864369618355557,341.97566602525717,0.0,-99.663050527269
9,67.25027463607216,-49.54683405955576,31,-90.0,-180.0,1,0,2100,15.320298970786792,247.25027463607213,0.0,-99.57133742589491
10,-72.34242445864443,-65.89388155892213,31,-90.0,-180.0,1,0,2100,14.802619898435427,107.65757554135558,0.0,-99.28514325481846
11,154.50141120672924,90.85020454511252,31,-90.0,-180.0,1,0,2100,16.808376192425126,154.50141120672913,0.0,-100.38255756388176
12,103.87778135264307,1.547546868489846,31,-90.0,-180.0,1,0,2100,16.137012413634174,283.87778135264307,0.0,-99.93326035245913
13,43.93832081731918,-59.276239570293185,31,-90.0,-180.0,1,0,2100,15.045190443280012,223.93832081731915,0.0,-99.43936448253258
14,21.92751442299368,-80.72476753414774,31,-90.0,-180.0,1,0,2100,13.847502480682653,201.92751442299365,0.0,-98.74939785886934
15,-139.30892960209664,6.190905584952645,31,-90.0,-180.0,1,0,2100,16.1864887503378,40.69107039790339,0.0,-99.86941776658571
16,177.32029001919398,-73.92039566652123,31,-90.0,-180.0,1,0,2100,14.39770605627638,357.320290019194,0.0,-98.96942325504968
17,6.626378027856788,29.193075501330924,31,-90.0,-180.0,1,0,2100,16.400898577163545,186.62637802785676,0.0,-100.1864795180165
18,106.95273207618817,-42.793541470737075,31,-90.0,-180.0,1,0,2100,15.474684747058495,286.9527320761881,0.0,-99.59835476234963
19,-144.34946380218,36.80080641637434,31,-90.0,-180.0,1,0,2100,16.462771312863122,35.650536197819974,0.0,-99.97778608967708
20,-13.768669960617217,43.380787796670006,31,-90.0,-180.0,1,0,2100,16.513362011229187,166.23133003938278,0.0,-100.24208199857445
21,-1.884542601238138,47.61048730172433,31,-90.0,-180.0,1,0,2100,16.544581044015082,178.11545739876192,0.0,-100.26024669091147
22,170.32896410833996,-80.6578801957744,31,-90.0,-180.0,1,0,2100,13.85468798812164,350.32896410833996,0.0,-98.71538007896078
23,11.03981480708731,90.26652007332282,31,-90.0,-180.0,1,0,2100,16.811628976810766,11.039814807087168,0.0,-100.03848576812487
24,10.375157792338001,-63.14497307135064,31,-90.0,-180.0,1,0,2100,14.91060720089136,190.37515779233797,0.0,-99.3753687619586
25,-50.005382516618994,-97.72752555064227,31,-90.0,-180.0,1,0,2100,13.664943704253442,309.994617483381,0.0,-98.62742242381455
26,-101.79661136371213,5.601484813537425,31,-90.0,-180.0,1,0,2100,16.18034228570884,78.20338863628785,0.0,-99.9587973868085
27,-2.46796740131839,-18.096482285050087,31,-90.0,-180.0,1,0,2100,15.89547915385259,177.53203259868155,0.0,-99.92095853151471
28,-20.12948984967619,50.855979095819066,31,-90.0,-180.0,1,0,2100,16.5678918475764,159.87051015032375,0.0,-100.26686065154965
29,-185.68927618967203,49.049543172226436,31,-90.0,-180.0,1,0,2100,16.55498420021458,354.31072381032794,0.0,-99.91664159138483
30,82.2194332418519,-12.884628181801432,31,-90.0,-180.0,1,0,2100,15.965456592545701,262.2194332418519,0.0,-99.88905546889949
31,180.41592283962729,87.6573696519279,31,-90.0,-180.0,1,0,2100,16.800010696564787,0.41592283962728516,0.0,-99.993351138169
0,31.899155633611997,-4.676296832163686,31,0.0,0.0,2,120,2100,15.092253369249288,338.79934832767947,0.0,-99.47087444904528
1,25.45506817539217,83.5049073085884,31,0.0,0.0,2,120,2100,16.052609446772134,242.80139663988973,0.0,-100.00863545033768
2,-0.03025385512208345,-66.20648982926662,31,0.0,0.0,2,120,2100,15.812932520976291,60.013339445917836,0.0,-99.87336638644315
3,-63.42888362247592,-94.69879115693874,31,0.0,0.0,2,120,2100,16.143028045989638,55.79561183758142,0.0,-100.05209538214989
4,-186.73796733849846,-53.65659371457325,31,0.0,0.0,2,120,2100,16.456854692054087,55.06625696064236,0.0,-100.21807758048318
5,-19.27496859199701,-35.97749663046682,31,0.0,0.0,2,120,2100,15.313823209428454,84.45233442380166,0.0,-99.59775086101224
6,-84.70342504807137,36.86808662934942,31,0.0,0.0,2,120,2100,16.07176280323912,186.9858335057766,0.0,-100.01607282407574
7,186.02992492133177,34.59493570363057,31,0.0,0.0,2,120,2100,16.59652954877583,231.34015318357729,0.0,-100.29952706550374
8,161.97566602525717,-20.298931391654477,31,0.0,0.0,2,120,2100,16.651303801325366,20.086800248463646,0.0,-100.30995569326629
9,67.25027463607216,-49.54683405955576,31,0.0,0.0,2,120,2100,15.94387469862415,21.820867241048575,0.0,-99.94155694464514
10,-72.34242445864443,-65.89388155892213,31,0.0,0.0,2,120,2100,16.037589805451322,83.09188628055966,0.0,-99.99605378858126
11,154.50141120672924,90.85020454511252,31,0.0,0.0,2,120,2100,16.111400542565356,239.6339745229759,0.0,-100.04042928242193
12,103.87778135264307,1.547546868489846,31,0.0,0.0,2,120,2100,16.263319250501006,328.40594494007274,0.0,-100.11360108334954
13,43.93832081731918,-59.276239570293185,31,0.0,0.0,2,120,2100,15.845736141442478,37.589374765697244,0.0,-99.88986949652238
14,21.92751442299368,-80.72476753414774,31,0.0,0.0,2,120,2100,16.019542157402945,56.51006454336709,0.0,-99.98567323827683
15,-139.30892960209664,6.190905584952645,31,0.0,0.0,2,120,2100,16.554065428279195,159.44614340462908,0.0,-100.27401674816277
16,177.32029001919398,-73.92039566652123,31,0.0,0.0,2,120,2100,16.284173467324933,59.22790303171587,0.0,-100.12754145587878
17,6.626378027856788,29.193075501330924,31,0.0,0.0,2,120,2100,15.017040901741298,251.66937640594875,0.0,-99.42822347272399
18,106.95273207618817,-42.793541470737075,31,0.0,0.0,2,120,2100,16.248599406540873,14.064256811126597,0.0,-100.10266241646612
19,-144.34946380218,36.80080641637434,31,0.0,0.0,2,120,2100,16.49222542847932,202.07872302404945,0.0,-100.2432910717784
20,-13.768669960617217,43.380787796670006,31,0.0,0.0,2,120,2100,15.428949483018606,225.8640604225497,0.0,-99.66402250153814
21,-1.884542601238138,47.61048730172433,31,0.0,0.0,2,120,2100,15.48380091651221,238.28063502022508,0.0,-99.6946269391151
22,170.32896410833996,-80.6578801957744,31,0.0,0.0,2,120,2100,16.217374510956986,58.4169530529972,0.0,-100.09197458849461
23,11.03981480708731,90.26652007332282,31,0.0,0.0,2,120,2100,16.122865926701152,239.94896342831692,0.0,-100.04665008743723
24,10.375157792338001,-63.14497307135064,31,0.0,0.0,2,120,2100,15.773055665949219,54.789690623257684,0.0,-99.851219400846
25,-50.005382516618994,-97.72752555064227,31,0.0,0.0,2,120,2100,16.173585910561044,54.06506467411896,0.0,-100.06835601461427
26,-101.79661136371213,5.601484813537425,31,0.0,0.0,2,120,2100,16.24256933005804,155.72155019034665,0.0,-100.10703746515463
27,-2.46796740131839,-18.096482285050087,31,0.0,0.0,2,120,2100,14.52478024620461,67.50674129719329,0.0,-99.13491547536786
28,-20.12948984967619,50.855979095819066,31,0.0,0.0,2,120,2100,15.602641067192714,224.35155147276873,0.0,-99.76072926337547
29,-185.68927618967203,49.049543172226436,31,0.0,0.0,2,120,2100,16.493104413847018,244.91676826076667,0.0,-100.2449821441095
30,82.2194332418519,-12.884628181801432,31,0.0,0.0,2,120,2100,16.031939693225297,343.00029942534275,0.0,-99.99009009345068
31,180.41592283962729,87.6573696519279,31,0.0,0.0,2,120,2100,16.145659170912957,239.9829849913133,0.0,-100.05900181352439
0,31.899155633611997,-4.676296832163686,31,90.0,180.0,3,240,2100,16.17061760658754,88.100844366388,0.0,-100.04119829378133
1,25.45506817539217,83.5049073085884,31,90.0,180.0,3,240,2100,13.491202144575121,94.54493182460783,0.0,-98.52027541899635
2,-0.03025385512208345,-66.20648982926662,31,90.0,180.0,3,240,2100,16.67133268253836,120.03025385512206,0.0,-100.33456584049038
3,-63.42888362247592,-94.69879115693874,31,90.0,180.0,3,240,2100,16.786659579285605,3.428883622475894,0.0,-100.01436303504123
4,-186.73796733849846,-53.65659371457325,31,90.0,180.0,3,240,2100,16.587579588439056,306.73796733849844,0.0,-99.48302369845408
5,-19.27496859199701,-35.97749663046682,31,90.0,180.0,3,240,2100,16.45625720442266,139.27496859199704,0.0,-100.2117613618536
6,-84.70342504807137,36.86808662934942,31,90.0,180.0,3,240,2100,15.592931762171887,204.70342504807138,0.0,-99.59815561498424
7,186.02992492133177,34.59493570363057,31,90.0,180.0,3,240,2100,15.634825005288667,293.9700750786683,0.0,-99.2238059803701
8,161.97566602525717,-20.298931391654477,31,90.0,180.0,3,240,2100,16.323348159742352,318.02433397474283,0.0,-99.3242966218008
9,67.25027463607216,-49.54683405955576,31,90.0,180.0,3,240,2100,16.55855417760161,52.74972536392784,0.0,-100.14938880181013
10,-72.34242445864443,-65.89388155892213,31,90.0,180.0,3,240,2100,16.669329427268266,192.34242445864442,0.0,-100.18354570937743
11,154.50141120672924,90.85020454511252,31,90.0,180.0,3,240,2100,11.457886089024218,145.49858879327064,0.0,-97.15995389723136
12,103.87778135264307,1.547546868489846,31,90.0,180.0,3,240,2100,16.102619096734937,16.12221864735693,0.0,-99.7736142772516
13,43.93832081731918,-59.276239570293185,31,90.0,180.0,3,240,2100,16.62595244679925,76.06167918268079,0.0,-100.25524528145588
14,21.92751442299368,-80.72476753414774,31,90.0,180.0,3,240,2100,16.7602066061097,98.07248557700632,0.0,-100.36500731466113
15,-139.30892960209664,6.190905584952645,31,90.0,180.0,3,240,2100,16.048695474309962,259.30892960209667,0.0,-99.57134462690321
16,177.32029001919398,-73.92039566652123,31,90.0,180.0,3,240,2100,16.719534812792784,302.679709980806,0.0,-99.55344501582016
17,6.626378027856788,29.193075501330924,31,90.0,180.0,3,240,2100,15.727857660285782,113.37362197214321,0.0,-99.82087228434324
18,106.95273207618817,-42.793541470737075,31,90.0,180.0,3,240,2100,16.508949510288726,13.04726792381183,0.0,-99.94763490296754
19,-144.34946380218,36.80080641637434,31,90.0,180.0,3,240,2100,15.594197247174591,264.34946380218,0.0,-99.35338298417203
20,-13.768669960617217,43.380787796670006,31,90.0,180.0,3,240,2100,15.462166768187164,133.76866996061722,0.0,-99.66939707837226
21,-1.884542601238138,47.61048730172433,31,90.0,180.0,3,240,2100,15.367055041827088,121.88454260123814,0.0,-99.62000426455764
22,170.32896410833996,-80.6578801957744,31,90.0,180.0,3,240,2100,16.759814744741504,309.67103589166004,0.0,-99.5170885797723
23,11.03981480708731,90.26652007332282,31,90.0,180.0,3,240,2100,10.29788182908802,288.9601851929126,0.0,-96.84843695390607
24,10.375157792338001,-63.14497307135064,31,90.0,180.0,3,240,2100,16.651538908120035,109.62484220766197,0.0,-100.32123922609193
25,-50.005382516618994,-97.72752555064227,31,90.0,180.0,3,240,2100,16.769231269570742,350.00538251661897,0.0,-99.23858984559175
26,-101.79661136371213,5.601484813537425,31,90.0,180.0,3,240,2100,16.05570375559227,221.79661136371215,0.0,-99.76059306864677
27,-2.46796740131839,-18.096482285050087,31,90.0,180.0,3,240,2100,16.3031781062,122.46796740131839,0.0,-100.1397412148196
28,-20.12948984967619,50.855979095819066,31,90.0,180.0,3,240,2100,15.287401757795216,140.1294898496762,0.0,-99.5676413288362
29,-185.68927618967203,49.049543172226436,31,90.0,180.0,3,240,2100,15.332517025634475,305.689276189672,0.0,-99.05832862665584
30,82.2194332418519,-12.884628181801432,31,90.0,180.0,3,240,2100,16.253762173290482,37.7805667581481,0.0,-99.94065708847754
31,180.41592283962729,87.6573696519279,31,90.0,180.0,3,240,2100,12.471432053380283,299.5840771603728,0.0,-97.9620376188277
0,31.876038649005295,-4.682214930896748,32,-90.0,-180.0,1,0,2100,16.066536878564172,211.87603864900527,0.0,-100.00123757524749
1,26.63163651644811,80.85185785733424,32,-90.0,-180.0,1,0,2100,16.760950745567257,206.6316365164481,0.0,-100.35863938208111
2,-0.09395789921850906,-66.25279296550781,32,-90.0,-180.0,1,0,2100,14.787619143586948,179.90604210078152,0.0,-99.30585290003611
3,-62.149947099817595,-93.64989302936668,32,-90.0,-180.0,1,0,2100,12.914854161647881,297.8500529001824,0.0,-98.19093019020958
4,-185.51980666044508,-52.92988420856285,32,-90.0,-180.0,1,0,2100,15.232965223361267,354.4801933395549,0.0,-99.35282150033431
5,-22.5635744410811,-36.37560265349255,32,-90.0,-180.0,1,0,2100,15.60215814669693,157.43642555891893,0.0,-99.75737421068106
6,-82.32107976683561,37.42104795028814,32,-90.0,-180.0,1,0,2100,16.46765085181765,97.67892023316438,0.0,-100.13855564887199
7,186.3778985707488,34.82346002631809,32,-90.0,-180.0,1,0,2100,16.447054331501132,6.377898570748812,0.0,-99.8753389750071
8,161.45110679565005,-19.915604622362096,32,-90.0,-180.0,1,0,2100,15.869854132552696,341.45110679565,0.0,-99.66687889478281
9,67.25293479912352,-49.08217161152343,32,-90.0,-180.0,1,0,2100,15.33171992981702,247.2529347991235,0.0,-99.57746281391704
10,-72.13215020785088,-64.21521157613819,32,-90.0,-180.0,1,0,2100,14.86993891074938,107.86784979214912,0.0,-99.32228206576688
11,153.23398468828873,91.08578326751669,32,-90.0,-180.0,1,0,2100,16.807060345333223,153.23398468828873,0.0,-100.38101163261904
12,104.05047044117964,1.5326841483958589,32,-90.0,-180.0,1,0,2100,16.136850050733653,284.05047044117964,0.0,-99.93282282474327
13,42.49517608033966,-57.9384567626426,32,-90.0,-180.0,1,0,2100,15.08781140240637,222.49517608033963,0.0,-99.46391707952125
14,21.620863890546985,-81.4779075728053,32,-90.0,-180.0,1,0,2100,13.762816795127222,201.62086389054696,0.0,-98.69749248751046
15,-138.1008707796469,7.229018656634523,32,-90.0,-180.0,1,0,2100,16.197223145437437,41.89912922035313,0.0,-99.877606827001
16,180.46930229050463,-75.4533540855263,32,-90.0,-180.0,1,0,2100,14.297514903530551,0.4693022905045723,0.0,-98.92064620685923
17,5.2636763159378575,28.40633242814181,32,-90.0,-180.0,1,0,2100,16.39427612051774,185.26367631593783,0.0,-100.18327827356207
18,104.53890886212406,-43.51206518632254,32,-90.0,-180.0,1,0,2100,15.459346846075507,284.53890886212406,0.0,-99.59457743973599
19,-142.03954577227523,36.332547691500736,32,-90.0,-180.0,1,0,2100,16.45907160898642,37.96045422772477,0.0,-99.98323330973962
20,-15.264182939848325,43.52012838133277,32,-90.0,-180.0,1,0,2100,16.514406148431394,164.7358170601517,0.0,-100.24204553793145
21,0.9181351370585276,47.95851147544542,32,-90.0,-180.0,1,0,2100,16.5471069038731,180.9181351370585,0.0,-100.26158115044487
22,170.9176864653183,-81.5388569790939,32,-90.0,-180.0,1,0,2100,13.755639175331073,350.9176864653183,0.0,-98.66620196369746
23,9.978882883317567,88.66261632243666,32,-90.0,-180.0,1,0,2100,16.805653092873513,189.97888288331757,0.0,-100.38881421021865
24,8.960816219646603,-62.78463573888945,32,-90.0,-180.0,1,0,2100,14.923935846730995,188.96081621964657,0.0,-99.38311300252943
25,-43.12523432100946,-97.17698187385997,32,-90.0,-180.0,1,0,2100,13.59103403481018,316.8747656789905,0.0,-98.58625835788017
26,-103.10848002277804,6.7855770973624345,32,-90.0,-180.0,1,0,2100,16.192651919353462,76.89151997722195,0.0,-99.96193300210554
27,-2.8568404026484018,-19.943594230896608,32,-90.0,-180.0,1,0,2100,15.86945468278376,177.14315959735154,0.0,-99.90697222886419
28,-20.235476316127432,51.049338391674354,32,-90.0,-180.0,1,0,2100,16.569263650815717,159.76452368387254,0.0,-100.26750965099484
29,-187.47623197460447,50.44644892351661,32,-90.0,-180.0,1,0,2100,16.564980173913593,352.52376802539555,0.0,-99.92704016676524
30,82.07315454198834,-12.880986030109668,32,-90.0,-180.0,1,0,2100,15.965503821329989,262.07315454198834,0.0,-99.88931069340042
31,181.7191220150217,87.70866685030316,32,-90.0,-180.0,1,0,2100,16.800299397176943,1.7191220150216964,0.0,-99.99850302702333
0,31.876038649005295,-4.682214930896748,32,0.0,0.0,2,120,2100,15.091567667280323,338.8159843892736,0.0,-99.47047937775903
1,26.63163651644811,80.85185785733424,32,0.0,0.0,2,120,2100,16.024791150798713,244.12872379908976,0.0,-99.99355794140779
2,-0.09395789921850906,-66.25279296550781,32,0.0,0.0,2,120,2100,15.81363210940389,60.04133697266866,0.0,-99.8737489157838
3,-62.149947099817595,-93.64989302936668,32,0.0,0.0,2,120,2100,16.138721894145068,56.77190997176035,0.0,-100.04984410291551
4,-185.51980666044508,-52.92988420856285,32,0.0,0.0,2,120,2100,16.46331421606608,55.843680430238805,0.0,-100.22152661552191
5,-22.5635744410811,-36.37560265349255,32,0.0,0.0,2,120,2100,15.357066523586994,87.51561780339239,0.0,-99.62225573238132
6,-82.32107976683561,37.42104795028814,32,0.0,0.0,2,120,2100,16.049877735155484,187.67042100099468,0.0,-100.0042394984065
7,186.3778985707488,34.82346002631809,32,0.0,0.0,2,120,2100,16.59460903292147,230.92695022561048,0.0,-100.29851743888331
8,161.45110679565005,-19.915604622362096,32,0.0,0.0,2,120,2100,16.650879133224258,18.715818896536803,0.0,-100.3092679765828
9,67.25293479912352,-49.08217161152343,32,0.0,0.0,2,120,2100,15.942029275879847,21.362728758692583,0.0,-99.94048251797247
10,-72.13215020785088,-64.21521157613819,32,0.0,0.0,2,120,2100,16.03089084063729,84.6925134159114,0.0,-99.99244588889833
11,153.23398468828873,91.08578326751669,32,0.0,0.0,2,120,2100,16.109133699327323,239.51097297820388,0.0,-100.03918344915945
12,104.05047044117964,1.5326841483958589,32,0.0,0.0,2,120,2100,16.26498069623563,328.42007081375164,0.0,-100.11444975500149
13,42.49517608033966,-57.9384567626426,32,0.0,0.0,2,120,2100,15.824225818158533,37.06549362537862,0.0,-99.8780278095561
14,21.620863890546985,-81.4779075728053,32,0.0,0.0,2,120,2100,16.027866577224643,56.83976911730713,0.0,-99.99019042901543
15,-138.1008707796469,7.229018656634523,32,0.0,0.0,2,120,2100,16.54447384099273,160.754483334371,0.0,-100.26896652473637
16,180.46930229050463,-75.4533540855263,32,0.0,0.0,2,120,2100,16.269782500003153,60.12177599027032,0.0,-100.11995984976639
17,5.2636763159378575,28.40633242814181,32,0.0,0.0,2,120,2100,14.982260611549403,249.6270778424278,0.0,-99.40823370176923
18,104.53890886212406,-43.51206518632254,32,0.0,0.0,2,120,2100,16.230209710822947,14.443820737358237,0.0,-100.09310963457098
19,-142.03954577227523,36.332547691500736,32,0.0,0.0,2,120,2100,16.483306817874627,200.09140504468274,0.0,-100.23841434526607
20,-15.264182939848325,43.52012838133277,32,0.0,0.0,2,120,2100,15.440258559734694,224.50483849740942,0.0,-99.6703624550366
21,0.9181351370585276,47.95851147544542,32,0.0,0.0,2,120,2100,15.49062861425683,240.82780417059166,0.0,-99.69844387122463
22,170.9176864653183,-81.5388569790939,32,0.0,0.0,2,120,2100,16.20873018637763,58.65483377477187,0.0,-100.08738005575817
23,9.978882883317567,88.66261632243666,32,0.0,0.0,2,120,2100,16.105220489481667,240.23178963381145,0.0,-100.03710775716343
24,8.960816219646603,-62.78463573888945,32,0.0,0.0,2,120,2100,15.765566789800818,55.42026948525256,0.0,-99.84713490723045
25,-43.12523432100946,-97.17698187385997,32,0.0,0.0,2,120,2100,16.17646765242031,55.08015433819787,0.0,-100.0699592933262
26,-103.10848002277804,6.7855770973624345,32,0.0,0.0,2,120,2100,16.25502892624101,156.96536299281024,0.0,-100.11377876091214
27,-2.8568404026484018,-19.943594230896608,32,0.0,0.0,2,120,2100,14.622808576200386,67.82100968726078,0.0,-99.19401730366175
28,-20.235476316127432,51.049338391674354,32,0.0,0.0,2,120,2100,15.60642391377272,224.37929132834284,0.0,-99.76283212958695
29,-187.47623197460447,50.44644892351661,32,0.0,0.0,2,120,2100,16.481147228401078,246.13362927546444,0.0,-100.23865682288091
30,82.07315454198834,-12.880986030109668,32,0.0,0.0,2,120,2100,16.030207458611734,343.00104906855074,0.0,-99.98917871207074
31,181.7191220150217,87.70866685030316,32,0.0,0.0,2,120,2100,16.14509299537538,239.93122374186981,0.0,-100.05868826488451
0,31.876038649005295,-4.682214930896748,32,90.0,180.0,3,240,2100,16.170680113396646,88.1239613509947,0.0,-100.04126807192624
1,26.63163651644811,80.85185785733424,32,90.0,180.0,3,240,2100,13.833705636408256,93.36836348355189,0.0,-98.73014380819659
2,-0.09395789921850906,-66.25279296550781,32,90.0,180.0,3,240,2100,16.671629061212112,120.09395789921848,0.0,-100.33471955466466
3,-62.149947099817595,-93.64989302936668,32,90.0,180.0,3,240,2100,16.792625154487524,2.1499470998174957,0.0,-100.00922675681011
4,-185.51980666044508,-52.92988420856285,32,90.0,180.0,3,240,2100,16.582508092928855,305.51980666044506,0.0,-99.4896091372887
5,-22.5635744410811,-36.37560265349255,32,90.0,180.0,3,240,2100,16.459412357468718,142.56357444108113,0.0,-100.2095689123153
6,-82.32107976683561,37.42104795028814,32,90.0,180.0,3,240,2100,15.582469899652008,202.32107976683557,0.0,-99.60067369586541
7,186.3778985707488,34.82346002631809,32,90.0,180.0,3,240,2100,15.630691865560996,293.6221014292512,0.0,-99.22403554035405
8,161.45110679565005,-19.915604622362096,32,90.0,180.0,3,240,2100,16.319866762627335,318.54889320434995,0.0,-99.31987835056792
9,67.25293479912352,-49.08217161152343,32,90.0,180.0,3,240,2100,16.555218826009515,52.74706520087648,0.0,-100.14773232932684
10,-72.13215020785088,-64.21521157613819,32,90.0,180.0,3,240,2100,16.6585030031532,192.13215020785088,0.0,-100.17922452078093
11,153.23398468828873,91.08578326751669,32,90.0,180.0,3,240,2100,11.702463745818592,146.76601531171116,0.0,-97.33430925578733
12,104.05047044117964,1.5326841483958589,32,90.0,180.0,3,240,2100,16.102787113217268,15.949529558820359,0.0,-99.77290436047305
13,42.49517608033966,-57.9384567626426,32,90.0,180.0,3,240,2100,16.616950255604085,77.50482391966034,0.0,-100.25427546636952
14,21.620863890546985,-81.4779075728053,32,90.0,180.0,3,240,2100,16.76460833216225,98.37913610945299,0.0,-100.36760023007452
15,-138.1008707796469,7.229018656634523,32,90.0,180.0,3,240,2100,16.036231481911248,258.10087077964687,0.0,-99.57251669748204
16,180.46930229050463,-75.4533540855263,32,90.0,180.0,3,240,2100,16.72884320124367,299.53069770949537,0.0,-99.57839323081558
17,5.2636763159378575,28.40633242814181,32,90.0,180.0,3,240,2100,15.740713052227987,114.73632368406214,0.0,-99.82840933526991
18,104.53890886212406,-43.51206518632254,32,90.0,180.0,3,240,2100,16.51434575725262,15.46109113787594,0.0,-99.96260484324225
19,-142.03954577227523,36.332547691500736,32,90.0,180.0,3,240,2100,15.602960723169076,262.03954577227523,0.0,-99.3679645939012
20,-15.264182939848325,43.52012838133277,32,90.0,180.0,3,240,2100,15.459173384018444,135.2641829398483,0.0,-99.66682944489543
21,0.9181351370585276,47.95851147544542,32,90.0,180.0,3,240,2100,15.358811006680833,119.08186486294147,0.0,-99.61544138064765
22,170.9176864653183,-81.5388569790939,32,90.0,180.0,3,240,2100,16.76496370490222,309.0823135346817,0.0,-99.52281847787381
23,9.978882883317567,88.66261632243666,32,90.0,180.0,3,240,2100,11.910875783220972,110.02111711668243,0.0,-97.47347418120951
24,8.960816219646603,-62.78463573888945,32,90.0,180.0,3,240,2100,16.649183219310867,111.03918378035337,0.0,-100.32083876021686
25,-43.12523432100946,-97.17698187385997,32,90.0,180.0,3,240,2100,16.772421946511056,343.12523432100943,0.0,-99.28646776576781
26,-103.10848002277804,6.7855770973624345,32,90.0,180.0,3,240,2100,16.041574633235687,223.10848002277805,0.0,-99.74795816803254
27,-2.8568404026484018,-19.943594230896608,32,90.0,180.0,3,240,2100,16.32012137654883,122.8568404026484,0.0,-100.14886496008465
28,-20.235476316127432,51.049338391674354,32,90.0,180.0,3,240,2100,15.282449829180532,140.2354763161274,0.0,-99.56479862788962
29,-187.47623197460447,50.44644892351661,32,90.0,180.0,3,240,2100,15.297809544598667,307.47623197460445,0.0,-99.03810509996437
30,82.07315454198834,-12.880986030109668,32,90.0,180.0,3,240,2100,16.25372677231848,37.926845458011655,0.0,-99.94122340385643
31,181.7191220150217,87.70866685030316,32,90.0,180.0,3,240,2100,12.449291570407071,298.28087798497836,0.0,-97.95112669346736
0,32.08134068418798,-4.29233242462459,33,-90.0,-180.0,1,0,2100,16.07109623665601,212.08134068418798,0.0,-100.00349813511279
1,28.00437951126088,80.76650348626163,33,-90.0,-180.0,1,0,2100,16.76045103959113,208.00437951126088,0.0,-100.35738513596229
2,-1.209748051667873,-66.4927973632523,33,-90.0,-180.0,1,0,2100,14.777461091802278,178.79025194833207,0.0,-99.30000461290071
3,-62.436121328445566,-93.8061734887122,33,-90.0,-180.0,1,0,2100,12.956780551235076,297.5638786715544,0.0,-98.21621929218664
4,-185.20412090437597,-51.84897988711844,33,-90.0,-180.0,1,0,2100,15.261706572646984,354.795879095624,0.0,-99.364919141678
5,-22.232866986763838,-36.26412357808621,33,-90.0,-180.0,1,0,2100,15.604234875693665,157.76713301323616,0.0,-99.75862116467128
6,-78.5069394456878,37.074811288012086,33,-90.0,-180.0,1,0,2100,16.464929889264567,101.4930605543122,0.0,-100.14452790219356
7,186.28525064584892,32.93545920063764,33,-90.0,-180.0,1,0,2100,16.431813409068795,6.285250645848862,0.0,-99.8687979356549
8,161.04438192764337,-19.59757417341588,33,-90.0,-180.0,1,0,2100,15.874381688216882,341.04438192764337,0.0,-99.66997804943686
9,67.58183243696982,-47.82367738177118,33,-90.0,-180.0,1,0,2100,15.362013041459102,247.58183243696982,0.0,-99.59336694638876
10,-73.90779607334524,-63.90618368447431,33,-90.0,-180.0,1,0,2100,14.881852548031445,106.09220392665475,0.0,-99.32731363449933
11,150.7487985956351,91.68263449578981,33,-90.0,-180.0,1,0,2100,16.803718805652537,150.74879859563498,0.0,-100.37748224237772
12,101.63577966957087,2.232934252048352,33,-90.0,-180.0,1,0,2100,16.14447120893084,281.63577966957087,0.0,-99.94167546886095
13,42.843733018321615,-55.73989525810671,33,-90.0,-180.0,1,0,2100,15.154135652646723,222.8437330183216,0.0,-99.50048710443903
14,21.756365431763072,-79.47331293626091,33,-90.0,-180.0,1,0,2100,13.97406835147343,201.75636543176304,0.0,-98.82629335493277
15,-138.63982748510404,6.847808399467397,33,-90.0,-180.0,1,0,2100,16.193294693824548,41.360172514895964,0.0,-99.87433266126061
16,176.23928336622794,-76.2709092700812,33,-90.0,-180.0,1,0,2100,14.239671487129776,356.23928336622794,0.0,-98.89672802505856
17,4.817164328006442,28.09049299422412,33,-90.0,-180.0,1,0,2100,16.39160513669265,184.8171643280064,0.0,-100.18195110615729
18,103.2847406870867,-43.48251680932679,33,-90.0,-180.0,1,0,2100,15.459982257923889,283.2847406870867,0.0,-99.59693279727307
19,-142.8030560269596,36.256397583737765,33,-90.0,-180.0,1,0,2100,16.458468652237297,37.19694397304039,0.0,-99.9806446040874
20,-15.609037772523635,43.54212390346069,33,-90.0,-180.0,1,0,2100,16.514570870480355,164.3909622274764,0.0,-100.24200907728846
21,4.284752859561792,49.948554242134264,33,-90.0,-180.0,1,0,2100,16.561428789850687,184.28475285956176,0.0,-100.26859617815592
22,170.2068729399174,-81.2964624264632,33,-90.0,-180.0,1,0,2100,13.783884433078594,350.2068729399174,0.0,-98.68043619872029
23,11.592962023105684,88.44739903364348,33,-90.0,-180.0,1,0,2100,16.804447765132664,191.5929620231057,0.0,-100.38774955944338
24,9.879096721396309,-63.76359773599891,33,-90.0,-180.0,1,0,2100,14.88730202851345,189.87909672139628,0.0,-99.36219188558245
25,-38.613170427164306,-95.86126589987687,33,-90.0,-180.0,1,0,2100,13.388520977051387,321.38682957283567,0.0,-98.47540341893696
26,-103.13727378731396,6.79588462756287,33,-90.0,-180.0,1,0,2100,16.192758412290978,76.86272621268603,0.0,-99.96193300210554
27,-0.2727645093783906,-22.53795257034119,33,-90.0,-180.0,1,0,2100,15.831719152893537,179.72723549062164,0.0,-99.88669281923382
28,-21.447020179146733,51.724987782683485,33,-90.0,-180.0,1,0,2100,16.574042377675365,158.55297982085324,0.0,-100.26922330121532
29,-188.62134219221147,50.83739766483487,33,-90.0,-180.0,1,0,2100,16.567759920940144,351.37865780778856,0.0,-99.93221028594105
30,79.1039140698947,-11.881497070561949,33,-90.0,-180.0,1,0,2100,15.978380897374382,259.10391406989464,0.0,-99.90069370614152
31,181.81535711305213,86.13454644816704,33,-90.0,-180.0,1,0,2100,16.79140206272304,1.8153571130520731,0.0,-99.99545127120517
0,32.08134068418798,-4.29233242462459,33,0.0,0.0,2,120,2100,15.09636017504316,338.0435135105265,0.0,-99.47319679930469
1,28.00437951126088,80.76650348626163,33,0.0,0.0,2,120,2100,16.02510918799221,244.3649493154001,0.0,-99.99374188994318
2,-1.209748051667873,-66.4927973632523,33,0.0,0.0,2,120,2100,15.817331142208085,60.52614037714716,0.0,-99.87579325291586
3,-62.436121328445566,-93.8061734887122,33,0.0,0.0,2,120,2100,16.13933302671413,56.62478195262645,0.0,-100.05016183220393
4,-185.20412090437597,-51.84897988711844,33,0.0,0.0,2,120,2100,16.471916375654033,55.92446579213083,0.0,-100.22602499334211
5,-22.232866986763838,-36.26412357808621,33,0.0,0.0,2,120,2100,15.351242914092806,87.28320880222714,0.0,-99.61898019425666
6,-78.5069394456878,37.074811288012086,33,0.0,0.0,2,120,2100,16.012784613515745,187.63452044666127,0.0,-99.98410758540167
7,186.28525064584892,32.93545920063764,33,0.0,0.0,2,120,2100,16.607429504062647,230.40773535351934,0.0,-100.30525873464082
8,161.04438192764337,-19.59757417341588,33,0.0,0.0,2,120,2100,16.65057287985089,17.62371606213128,0.0,-100.30872658259794
9,67.58183243696982,-47.82367738177118,33,0.0,0.0,2,120,2100,15.939826530967345,20.05309529148576,0.0,-99.93909454265992
10,-73.90779607334524,-63.90618368447431,33,0.0,0.0,2,120,2100,16.038961272809914,85.20030367834082,0.0,-99.99681048596551
11,150.7487985956351,91.68263449578981,33,0.0,0.0,2,120,2100,16.103517736528897,239.17761828849473,0.0,-100.03612948540699
12,101.63577966957087,2.232934252048352,33,0.0,0.0,2,120,2100,16.24146141617416,327.7202639308974,0.0,-100.10260388738668
13,42.843733018321615,-55.73989525810671,33,0.0,0.0,2,120,2100,15.804058324351264,35.147755913353194,0.0,-99.86677350370853
14,21.756365431763072,-79.47331293626091,33,0.0,0.0,2,120,2100,16.00506130789323,56.05989127351063,0.0,-99.97781779968561
15,-138.63982748510404,6.847808399467397,33,0.0,0.0,2,120,2100,16.548694293943047,160.30026824091442,0.0,-100.27119899105234
16,176.23928336622794,-76.2709092700812,33,0.0,0.0,2,120,2100,16.261645919902975,59.08195111185864,0.0,-100.11557853010508
17,4.817164328006442,28.09049299422412,33,0.0,0.0,2,120,2100,14.968912150242955,248.94142177536781,0.0,-99.40053921814649
18,103.2847406870867,-43.48251680932679,33,0.0,0.0,2,120,2100,16.221294907732464,14.258947820459923,0.0,-100.0883834114058
19,-142.8030560269596,36.256397583737765,33,0.0,0.0,2,120,2100,16.487425490778488,200.5006213582443,0.0,-100.24063845028498
20,-15.609037772523635,43.54212390346069,33,0.0,0.0,2,120,2100,15.44274301559681,224.19184100046596,0.0,-99.67175043034915
21,4.284752859561792,49.948554242134264,33,0.0,0.0,2,120,2100,15.533836433333358,243.59381876847414,0.0,-99.72262265200821
22,170.2068729399174,-81.2964624264632,33,0.0,0.0,2,120,2100,16.21097921373898,58.50844814295874,0.0,-100.08857572123826
23,11.592962023105684,88.44739903364348,33,0.0,0.0,2,120,2100,16.102920078344425,240.31208025775203,0.0,-100.03586610454948
24,9.879096721396309,-63.76359773599891,33,0.0,0.0,2,120,2100,15.781870035090513,55.16667006248292,0.0,-99.85608776606128
25,-38.613170427164306,-95.86126589987687,33,0.0,0.0,2,120,2100,16.16956550747068,56.33441906192979,0.0,-100.06633676137342
26,-103.13727378731396,6.79588462756287,33,0.0,0.0,2,120,2100,16.255303575388638,156.9767475584481,0.0,-100.11392717393502
27,-0.2727645093783906,-22.53795257034119,33,0.0,0.0,2,120,2100,14.735424320966303,60.65724868491441,0.0,-99.25941100799598
28,-21.447020179146733,51.724987782683485,33,0.0,0.0,2,120,2100,15.6237006659721,223.90678836274412,0.0,-99.77239327277915
29,-188.62134219221147,50.83739766483487,33,0.0,0.0,2,120,2100,16.477150318412285,246.96110749852227,0.0,-100.2365372340753
30,79.1039140698947,-11.881497070561949,33,0.0,0.0,2,120,2100,15.993897874161787,342.0932678924065,0.0,-99.97042432275714
31,181.81535711305213,86.13454644816704,33,0.0,0.0,2,120,2100,16.161995647690485,239.8773616866863,0.0,-100.06783134322353
0,32.08134068418798,-4.29233242462459,33,90.0,180.0,3,240,2100,16.16655381143852,87.91865931581202,0.0,-100.0386923482297
1,28.00437951126088,80.76650348626163,33,90.0,180.0,3,240,2100,13.842992610514314,91.99562048873912,0.0,-98.73515367674491
2,-1.209748051667873,-66.4927973632523,33,90.0,180.0,3,240,2100,16.673163883371036,121.20974805166787,0.0,-100.33545778721215
3,-62.436121328445566,-93.8061734887122,33,90.0,180.0,3,240,2100,16.79173856733185,2.436121328445495,0.0,-100.01056973328006
4,-185.20412090437597,-51.84897988711844,33,90.0,180.0,3,240,2100,16.574916873352805,305.20412090437594,0.0,-99.48925822400928
5,-22.232866986763838,-36.26412357808621,33,90.0,180.0,3,240,2100,16.45852984325469,142.23286698676384,0.0,-100.20952138227457
6,-78.5069394456878,37.074811288012086,33,90.0,180.0,3,240,2100,15.589033392682476,198.5069394456878,0.0,-99.6161917485247
7,186.28525064584892,32.93545920063764,33,90.0,180.0,3,240,2100,15.664336919704473,293.7147493541511,0.0,-99.2360363699994
8,161.04438192764337,-19.59757417341588,33,90.0,180.0,3,240,2100,16.316969163064716,318.95561807235663,0.0,-99.31639955609754
9,67.58183243696982,-47.82367738177118,33,90.0,180.0,3,240,2100,16.54612907353393,52.41816756303018,0.0,-100.14205400637593
10,-73.90779607334524,-63.90618368447431,33,90.0,180.0,3,240,2100,16.656497118576446,193.90779607334525,0.0,-100.17112519958522
11,150.7487985956351,91.68263449578981,33,90.0,180.0,3,240,2100,12.140519896448335,149.25120140436485,0.0,-97.63733500790026
12,101.63577966957087,2.232934252048352,33,90.0,180.0,3,240,2100,16.094840267532465,18.364220330429134,0.0,-99.78008847556536
13,42.843733018321615,-55.73989525810671,33,90.0,180.0,3,240,2100,16.601977395475025,77.15626698167836,0.0,-100.24586264916049
14,21.756365431763072,-79.47331293626091,33,90.0,180.0,3,240,2100,16.75284936191207,98.24363456823693,0.0,-100.36157503895402
15,-138.63982748510404,6.847808399467397,33,90.0,180.0,3,240,2100,16.040826510801715,258.63982748510404,0.0,-99.57159036732656
16,176.23928336622794,-76.2709092700812,33,90.0,180.0,3,240,2100,16.733772335985318,303.76071663377206,0.0,-99.55044961197677
17,4.817164328006442,28.09049299422412,33,90.0,180.0,3,240,2100,15.745827739807185,115.18283567199353,0.0,-99.83136631056973
18,103.2847406870867,-43.48251680932679,33,90.0,180.0,3,240,2100,16.51412441661786,16.715259312913304,0.0,-99.96894150782114
19,-142.8030560269596,36.256397583737765,33,90.0,180.0,3,240,2100,15.60437864254393,262.80305602695967,0.0,-99.36497323516767
20,-15.609037772523635,43.54212390346069,33,90.0,180.0,3,240,2100,15.458700045276602,135.6090377725236,0.0,-99.66634605426843
21,4.284752859561792,49.948554242134264,33,90.0,180.0,3,240,2100,15.310318836262185,115.71524714043818,0.0,-99.58794474644719
22,170.2068729399174,-81.2964624264632,33,90.0,180.0,3,240,2100,16.763549646509766,309.7931270600826,0.0,-99.51737173746176
23,11.592962023105684,88.44739903364348,33,90.0,180.0,3,240,2100,12.060091193576012,108.40703797689434,0.0,-97.57700775652432
24,9.879096721396309,-63.76359773599891,33,90.0,180.0,3,240,2100,16.65557024204214,110.12090327860369,0.0,-100.32360359279883
25,-38.613170427164306,-95.86126589987687,33,90.0,180.0,3,240,2100,16.780006195807477,338.6131704271643,0.0,-99.31961946353756
26,-103.13727378731396,6.79588462756287,33,90.0,180.0,3,240,2100,16.04145075846539,223.13727378731397,0.0,-99.74776905914709
27,-0.2727645093783906,-22.53795257034119,33,90.0,180.0,3,240,2100,16.343444441041886,120.27276450937842,0.0,-100.16169807108149
28,-21.447020179146733,51.724987782683485,33,90.0,180.0,3,240,2100,15.26495133572819,141.44702017914676,0.0,-99.55408313189888
29,-188.62134219221147,50.83739766483487,33,90.0,180.0,3,240,2100,15.287876339032435,308.6213421922115,0.0,-99.02950317386987
30,79.1039140698947,-11.881497070561949,33,90.0,180.0,3,240,2100,16.243964272910947,40.8960859301053,0.0,-99.94802828990038
31,181.81535711305213,86.13454644816704,33,90.0,180.0,3,240,2100,12.97223518787736,298.1846428869478,0.0,-98.17701649868377
0,33.66896135395504,-4.339254021024075,34,-90.0,-180.0,1,0,2100,16.070548625906987,213.66896135395504,0.0,-100.00206158577905
1,29.505860034745297,81.27201657820828,34,-90.0,-180.0,1,0,2100,16.763406925573587,209.5058600347453,0.0,-100.357662236849
2,0.9359786823912657,-66.10402977329395,34,-90.0,-180.0,1,0,2100,14.793864051174243,180.93597868239124,0.0,-99.30940416666323
3,-63.88116758417135,-93.19285806032745,34,-90.0,-180.0,1,0,2100,12.781073113166713,296.1188324158286,0.0,-98.10753740756556
4,-184.09195080723427,-52.2410129918332,34,-90.0,-180.0,1,0,2100,15.25137759199687,355.9080491927657,0.0,-99.35798432738153
5,-21.87114342873295,-36.06064558567839,34,-90.0,-180.0,1,0,2100,15.608014355878481,158.12885657126708,0.0,-99.76080880325061
6,-82.9942011530475,34.86810985839949,34,-90.0,-180.0,1,0,2100,16.447411971363504,97.00579884695253,0.0,-100.12738410786021
7,185.45027620333957,32.62657599447164,34,-90.0,-180.0,1,0,2100,16.42929768349071,5.45027620333957,0.0,-99.86491123111229
8,159.91248888083197,-18.99714234263142,34,-90.0,-180.0,1,0,2100,15.882874091730226,339.912488880832,0.0,-99.67678889754718
9,67.54476236745853,-47.719979007909444,34,-90.0,-180.0,1,0,2100,15.364468710257448,247.5447623674585,0.0,-99.59473057443654
10,-76.56177791448108,-63.40913389952372,34,-90.0,-180.0,1,0,2100,14.90072195525305,103.43822208551893,0.0,-99.3352912231853
11,153.42164361356117,89.67299988048609,34,-90.0,-180.0,1,0,2100,16.811292421700408,333.42164361356146,0.0,-100.09521123648688
12,102.83899434808802,2.1023614594919167,34,-90.0,-180.0,1,0,2100,16.143054520920394,282.838994348088,0.0,-99.93843776376355
13,43.184422461235926,-55.5826191753154,34,-90.0,-180.0,1,0,2100,15.15871579460417,223.18442246123593,0.0,-99.50279141707593
14,21.646994168818452,-79.32247562761484,34,-90.0,-180.0,1,0,2100,13.988295687927076,201.64699416881842,0.0,-98.83486889816373
15,-140.02147120837628,6.6863376312715985,34,-90.0,-180.0,1,0,2100,16.191626039543284,39.97852879162372,0.0,-99.8697896651442
16,175.4238537283133,-77.61019208467293,34,-90.0,-180.0,1,0,2100,14.137028757651183,355.4238537283133,0.0,-98.84894270635742
17,5.128115939670437,27.427065326341094,34,-90.0,-180.0,1,0,2100,16.385971337015437,185.1281159396704,0.0,-100.17901237833239
18,100.80445961909595,-43.89697547679753,34,-90.0,-180.0,1,0,2100,15.451032590864347,280.8044596190959,0.0,-99.59630567421365
19,-149.11919065822494,34.329378006444784,34,-90.0,-180.0,1,0,2100,16.443088230726975,30.880809341775034,0.0,-99.95438564900685
20,-15.132843428745133,43.71625689540596,34,-90.0,-180.0,1,0,2100,16.515873976518485,164.8671565712549,0.0,-100.242869548463
21,5.73882871247622,51.847518940619295,34,-90.0,-180.0,1,0,2100,16.57490657399125,185.7388287124762,0.0,-100.27518826240829
22,169.12071760226803,-80.88865584098548,34,-90.0,-180.0,1,0,2100,13.82967507424977,349.12071760226803,0.0,-98.70348661721782
23,9.056399227126917,90.50073135290734,34,-90.0,-180.0,1,0,2100,16.810325023861118,9.05639922712686,0.0,-100.03047901092452
24,11.122585000995599,-64.15697976800773,34,-90.0,-180.0,1,0,2100,14.872194742018456,191.12258500099557,0.0,-99.35343403913653
25,-34.91317045633954,-98.58431741565268,34,-90.0,-180.0,1,0,2100,13.77009186898817,325.08682954366043,0.0,-98.68086643430756
26,-103.90010104270382,6.399497335515662,34,-90.0,-180.0,1,0,2100,16.188654920712914,76.0998989572962,0.0,-99.95825776929227
27,-0.14314701314469858,-22.645337603453825,34,-90.0,-180.0,1,0,2100,15.830126100494459,179.8568529868553,0.0,-99.88586151657367
28,-21.22987599093895,51.67246155121538,34,-90.0,-180.0,1,0,2100,16.573671688180006,158.77012400906108,0.0,-100.26919413270093
29,-188.12753320637958,49.120079442494784,34,-90.0,-180.0,1,0,2100,16.555491345937835,351.8724667936204,0.0,-99.9255306961455
30,79.52830161904546,-10.696016933317438,34,-90.0,-180.0,1,0,2100,15.993442308766646,259.52830161904546,0.0,-99.90767956533819
31,181.68874938438483,86.21605126108389,34,-90.0,-180.0,1,0,2100,16.79186469744394,1.6887493843847778,0.0,-99.99513770967546
0,33.66896135395504,-4.339254021024075,34,0.0,0.0,2,120,2100,15.14400331694651,337.7936001851233,0.0,-99.50075563442624
1,29.505860034745297,81.27201657820828,34,0.0,0.0,2,120,2100,16.031874862449005,244.3239755998988,0.0,-99.99741877032689
2,0.9359786823912657,-66.10402977329395,34,0.0,0.0,2,120,2100,15.811434922818107,59.58533577782339,0.0,-99.87252816641254
3,-63.88116758417135,-93.19285806032745,34,0.0,0.0,2,120,2100,16.13545432932251,57.13261229456134,0.0,-100.04810704345056
4,-184.09195080723427,-52.2410129918332,34,0.0,0.0,2,120,2100,16.469414302405564,56.836558385225885,0.0,-100.22480842461937
5,-21.87114342873295,-36.06064558567839,34,0.0,0.0,2,120,2100,15.343229146210769,87.0938666985605,0.0,-99.6144671841666
6,-82.9942011530475,34.86810985839949,34,0.0,0.0,2,120,2100,16.05402144250832,185.06977502763215,0.0,-100.00636117753639
7,185.45027620333957,32.62657599447164,34,0.0,0.0,2,120,2100,16.610389200498624,231.56074215915368,0.0,-100.30680766492185
8,159.91248888083197,-18.99714234263142,34,0.0,0.0,2,120,2100,16.648138659411707,15.068052012765975,0.0,-100.30657981957687
9,67.54476236745853,-47.719979007909444,34,0.0,0.0,2,120,2100,15.939105897151228,19.958032900514638,0.0,-99.93868692942807
10,-76.56177791448108,-63.40913389952372,34,0.0,0.0,2,120,2100,16.051316218974353,85.9595253493101,0.0,-100.00348698167079
11,153.42164361356117,89.67299988048609,34,0.0,0.0,2,120,2100,16.123207714670592,240.14630808487874,0.0,-100.04685284889102
12,102.83899434808802,2.1023614594919167,34,0.0,0.0,2,120,2100,16.253233057903962,327.84377843178015,0.0,-100.10860729867832
13,43.184422461235926,-55.5826191753154,34,0.0,0.0,2,120,2100,15.80466275149914,34.87866160011686,0.0,-99.8670807813756
14,21.646994168818452,-79.32247562761484,34,0.0,0.0,2,120,2100,16.00322287095965,56.02136728051812,0.0,-99.9768248956593
15,-140.02147120837628,6.6863376312715985,34,0.0,0.0,2,120,2100,16.55864072778196,160.34049301651294,0.0,-100.27649169209359
16,175.4238537283133,-77.61019208467293,34,0.0,0.0,2,120,2100,16.24854918362339,58.99589358525395,0.0,-100.10860729867832
17,5.128115939670437,27.427065326341094,34,0.0,0.0,2,120,2100,14.947552757454504,249.7726373382007,0.0,-99.38802653709084
18,100.80445961909595,-43.89697547679753,34,0.0,0.0,2,120,2100,16.202702491755616,14.40915087136051,0.0,-100.07864668097527
19,-149.11919065822494,34.329378006444784,34,0.0,0.0,2,120,2100,16.526409575160855,203.07243297791968,0.0,-100.26155423488952
20,-15.132843428745133,43.71625689540596,34,0.0,0.0,2,120,2100,15.443490575792767,224.7289329315966,0.0,-99.67216013390527
21,5.73882871247622,51.847518940619295,34,0.0,0.0,2,120,2100,15.572796032404941,244.49155322181434,0.0,-99.74439546956177
22,169.12071760226803,-80.88865584098548,34,0.0,0.0,2,120,2100,16.21473049848732,58.26620692722679,0.0,-100.09056152929085
23,9.056399227126917,90.50073135290734,34,0.0,0.0,2,120,2100,16.125442893570664,239.92117961207634,0.0,-100.04805060469538
24,11.122585000995599,-64.15697976800773,34,0.0,0.0,2,120,2100,15.789561146470467,54.662094976658864,0.0,-99.86027886621439
25,-34.91317045633954,-98.58431741565268,34,0.0,0.0,2,120,2100,16.195180727604754,55.062066736009456,0.0,-100.07994895299292
26,-103.90010104270382,6.399497335515662,34,0.0,0.0,2,120,2100,16.262733231097325,156.5908792432105,0.0,-100.11791551263434
27,-0.14314701314469858,-22.645337603453825,34,0.0,0.0,2,120,2100,14.740127149855967,60.34311862124861,0.0,-99.26213261019016
28,-21.22987599093895,51.67246155121538,34,0.0,0.0,2,120,2100,15.621745950649238,224.02567571672859,0.0,-99.77131048480942
29,-188.12753320637958,49.120079442494784,34,0.0,0.0,2,120,2100,16.490634969716073,246.9770434957112,0.0,-100.24365060755213
30,79.52830161904546,-10.696016933317438,34,0.0,0.0,2,120,2100,15.99857709032519,340.872895003705,0.0,-99.97315846689693
31,181.68874938438483,86.21605126108389,34,0.0,0.0,2,120,2100,16.161130105305187,239.88832487896218,0.0,-100.06736311058796
0,33.66896135395504,-4.339254021024075,34,90.0,180.0,3,240,2100,16.1670513059863,86.33103864604493,0.0,-100.03628449659193
1,29.505860034745297,81.27201657820828,34,90.0,180.0,3,240,2100,13.786689218626732,90.4941399652547,0.0,-98.70049214172391
2,0.9359786823912657,-66.10402977329395,34,90.0,180.0,3,240,2100,16.67067654035087,119.06402131760876,0.0,-100.33420076932649
3,-63.88116758417135,-93.19285806032745,34,90.0,180.0,3,240,2100,16.7952134360666,3.881167584171294,0.0,-100.02056014333031
4,-184.09195080723427,-52.2410129918332,34,90.0,180.0,3,240,2100,16.577676796888284,304.09195080723424,0.0,-99.49766193972116
5,-21.87114342873295,-36.06064558567839,34,90.0,180.0,3,240,2100,16.456917016874616,141.87114342873292,0.0,-100.20911586001218
6,-82.9942011530475,34.86810985839949,34,90.0,180.0,3,240,2100,15.629882320411983,202.99420115304747,0.0,-99.62261538296535
7,185.45027620333957,32.62657599447164,34,90.0,180.0,3,240,2100,15.66973519654915,294.5497237966604,0.0,-99.23374784910216
8,159.91248888083197,-18.99714234263142,34,90.0,180.0,3,240,2100,16.311475587546898,320.087511119168,0.0,-99.30754177680508
9,67.54476236745853,-47.719979007909444,34,90.0,180.0,3,240,2100,16.54537639155711,52.45523763254147,0.0,-100.14181635617228
10,-76.56177791448108,-63.40913389952372,34,90.0,180.0,3,240,2100,16.653262329024,196.56177791448107,0.0,-100.15865008081005
11,153.42164361356117,89.67299988048609,34,90.0,180.0,3,240,2100,10.502386568873039,326.57835638643905,0.0,-97.17598112809293
12,102.83899434808802,2.1023614594919167,34,90.0,180.0,3,240,2100,16.096326881519925,17.161005651911978,0.0,-99.77535873087409
13,43.184422461235926,-55.5826191753154,34,90.0,180.0,3,240,2100,16.60089765683088,76.81557753876405,0.0,-100.2444771990371
14,21.646994168818452,-79.32247562761484,34,90.0,180.0,3,240,2100,16.751958929883664,98.35300583118152,0.0,-100.36126761060547
15,-140.02147120837628,6.6863376312715985,34,90.0,180.0,3,240,2100,16.042766497862846,260.0214712083763,0.0,-99.56499279316239
16,175.4238537283133,-77.61019208467293,34,90.0,180.0,3,240,2100,16.741794892040502,304.5761462716867,0.0,-99.54728431351971
17,5.128115939670437,27.427065326341094,34,90.0,180.0,3,240,2100,15.756486815006781,114.87188406032953,0.0,-99.83724587773565
18,100.80445961909595,-43.89697547679753,34,90.0,180.0,3,240,2100,16.517224571891724,19.19554038090405,0.0,-99.98292444129264
19,-149.11919065822494,34.329378006444784,34,90.0,180.0,3,240,2100,15.639606576648971,269.11919065822497,0.0,-99.34947338550269
20,-15.132843428745133,43.71625689540596,34,90.0,180.0,3,240,2100,15.454944812958187,135.1328434287451,0.0,-99.66455710443759
21,5.73882871247622,51.847518940619295,34,90.0,180.0,3,240,2100,15.261744865677656,114.26117128752378,0.0,-99.56046024757627
22,169.12071760226803,-80.88865584098548,34,90.0,180.0,3,240,2100,16.761166101841294,310.87928239773197,0.0,-99.50898723602167
23,9.056399227126917,90.50073135290734,34,90.0,180.0,3,240,2100,10.92848623683499,290.94360077287297,0.0,-97.21276482886861
24,11.122585000995599,-64.15697976800773,34,90.0,180.0,3,240,2100,16.65812533093071,108.87741499900437,0.0,-100.32414260368625
25,-34.91317045633954,-98.58431741565268,34,90.0,180.0,3,240,2100,16.7642453916602,334.91317045633957,0.0,-99.34118798925391
26,-103.90010104270382,6.399497335515662,34,90.0,180.0,3,240,2100,16.04620348054422,223.9001010427038,0.0,-99.74661620284004
27,-0.14314701314469858,-22.645337603453825,34,90.0,180.0,3,240,2100,16.344398197713637,120.1431470131447,0.0,-100.16221584514219
28,-21.22987599093895,51.67246155121538,34,90.0,180.0,3,240,2100,15.2663227320309,141.22987599093892,0.0,-99.55502361993884
29,-188.12753320637958,49.120079442494784,34,90.0,180.0,3,240,2100,15.330793062614745,308.12753320637955,0.0,-99.04656848104652
30,79.52830161904546,-10.696016933317438,34,90.0,180.0,3,240,2100,16.232260174647696,40.471698380954535,0.0,-99.94052056602011
31,181.68874938438483,86.21605126108389,34,90.0,180.0,3,240,2100,12.950924318610848,298.3112506156151,0.0,-98.16793472143341
0,34.011226871175126,-3.9067717913054594,35,-90.0,-180.0,1,0,2100,16.075584702662443,214.0112268711751,0.0,-100.00448986460209
1,29.153186211222305,81.37978919130569,35,-90.0,-180.0,1,0,2100,16.76403597587588,209.1531862112223,0.0,-100.35823831500822
2,1.6091542774041159,-66.42858389964513,35,-90.0,-180.0,1,0,2100,14.78018901715969,181.60915427740412,0.0,-99.30157242054923
3,-71.95688740270302,-92.43749438340232,35,-90.0,-180.0,1,0,2100,12.511128145345747,288.0431125972969,0.0,-97.92914277354986
4,-181.38173359207,-52.70889051584275,35,-90.0,-180.0,1,0,2100,15.238909027786937,358.61826640793,0.0,-99.34673986508378
5,-18.947592913095406,-35.64804616762275,35,-90.0,-180.0,1,0,2100,15.615634567561871,161.05240708690462,0.0,-99.766059135841
6,-83.80839074377329,34.723767585724204,35,-90.0,-180.0,1,0,2100,16.446255344955187,96.19160925622668,0.0,-100.12524022205247
7,185.01262093907235,31.445096085399967,35,-90.0,-180.0,1,0,2100,16.419616190833334,5.012620939072349,0.0,-99.85944942679257
8,161.1197502117672,-16.555538768986153,35,-90.0,-180.0,1,0,2100,15.916683453674414,341.1197502117672,0.0,-99.6884781796894
9,65.76390665012366,-47.33738081237229,35,-90.0,-180.0,1,0,2100,15.373477158810214,245.76390665012366,0.0,-99.60141745636069
10,-78.04889955686384,-61.936034685043886,35,-90.0,-180.0,1,0,2100,14.954640540644482,101.95110044313617,0.0,-99.36321278358614
11,156.46375537592888,88.30782762614857,35,-90.0,-180.0,1,0,2100,16.80366531600701,336.46375537592894,0.0,-100.08122493383637
12,103.40567244693995,2.095649855434772,35,-90.0,-180.0,1,0,2100,16.14298164713248,283.40567244693995,0.0,-99.93717622551614
13,44.75198183910794,-53.37936631753953,35,-90.0,-180.0,1,0,2100,15.220765928958247,224.7519818391079,0.0,-99.53605810773892
14,22.167697308041312,-80.39236180475564,35,-90.0,-180.0,1,0,2100,13.882713202744556,202.1676973080413,0.0,-98.77082213268957
15,-141.27429540324448,6.7709868964683295,35,-90.0,-180.0,1,0,2100,16.192501160327097,38.72570459675552,0.0,-99.86670509474735
16,175.29774319913219,-77.45799873789676,35,-90.0,-180.0,1,0,2100,14.149237669285057,355.2977431991322,0.0,-98.85480557775003
17,11.109513382823849,26.254321889183302,35,-90.0,-180.0,1,0,2100,16.37593413887439,191.10951338282382,0.0,-100.17267551858093
18,103.62490210036424,-43.417132449180684,35,-90.0,-180.0,1,0,2100,15.461386857536185,283.6249021003642,0.0,-99.59708593197362
19,-149.33768881799583,34.19092361302543,35,-90.0,-180.0,1,0,2100,16.441974000647324,30.662311182004146,0.0,-99.95321161630262
20,-14.261262961630337,43.561311753167615,35,-90.0,-180.0,1,0,2100,16.514714544023168,165.73873703836966,0.0,-100.24259244757629
21,5.744010239927491,51.84586668392416,35,-90.0,-180.0,1,0,2100,16.57489492580575,185.74401023992746,0.0,-100.27517367815109
22,170.8870640565446,-81.06449811251645,35,-90.0,-180.0,1,0,2100,13.81018716361165,350.8870640565446,0.0,-98.69322659228077
23,9.144250895640454,90.58362354773928,35,-90.0,-180.0,1,0,2100,16.80986312038442,9.144250895640425,0.0,-100.03063943775368
24,11.503090430330388,-64.30760579323814,35,-90.0,-180.0,1,0,2100,14.866349192767634,191.50309043033036,0.0,-99.35002132295277
25,-34.67846807541616,-99.70393833379272,35,-90.0,-180.0,1,0,2100,13.892686582913043,325.32153192458384,0.0,-98.74504445809647
26,-106.9144589832248,4.236941296318079,35,-90.0,-180.0,1,0,2100,16.16596619845377,73.08554101677521,0.0,-99.94063998660008
27,-0.5657316724242776,-22.93197122045993,35,-90.0,-180.0,1,0,2100,15.82586143341163,179.43426832757575,0.0,-99.88352803542239
28,-25.68646689936469,53.72019119452406,35,-90.0,-180.0,1,0,2100,16.588022195360374,154.31353310063537,0.0,-100.27368608391716
29,-188.99777759290143,47.413641626088236,35,-90.0,-180.0,1,0,2100,16.54314956455066,351.00222240709854,0.0,-99.9235691135527
30,79.37656712744871,-10.839395277494319,35,-90.0,-180.0,1,0,2100,15.991632713713932,259.37656712744865,0.0,-99.90702327376438
31,181.38678699433473,86.49034555367817,35,-90.0,-180.0,1,0,2100,16.793420066648448,1.3867869943347273,0.0,-99.99457621577344
0,34.011226871175126,-3.9067717913054594,35,0.0,0.0,2,120,2100,15.152614635327351,336.960813307206,0.0,-99.50568043839668
1,29.153186211222305,81.37978919130569,35,0.0,0.0,2,120,2100,16.032692559529938,244.22361047714952,0.0,-99.997859828747
2,1.6091542774041159,-66.42858389964513,35,0.0,0.0,2,120,2100,15.816429805172055,59.298060993982745,0.0,-99.87525394925525
3,-71.95688740270302,-92.43749438340232,35,0.0,0.0,2,120,2100,16.12831492271945,57.682238411194135,0.0,-100.04430892425943
4,-181.38173359207,-52.70889051584275,35,0.0,0.0,2,120,2100,16.466530905759058,58.94796010134746,0.0,-100.22351660422304
5,-18.947592913095406,-35.64804616762275,35,0.0,0.0,2,120,2100,15.303349935885604,84.35807069823076,0.0,-99.5918519659339
6,-83.80839074377329,34.723767585724204,35,0.0,0.0,2,120,2100,16.06179635514367,184.88085961909798,0.0,-100.01056481963509
7,185.01262093907235,31.445096085399967,35,0.0,0.0,2,120,2100,16.61870554262266,231.8680244582174,0.0,-100.31117644263756
8,161.1197502117672,-16.555538768986153,35,0.0,0.0,2,120,2100,16.664160265164803,12.572237346834186,0.0,-100.31350715419404
9,65.76390665012366,-47.33738081237229,35,0.0,0.0,2,120,2100,15.922163307913792,19.95828974280306,0.0,-99.92949368330667
10,-78.04889955686384,-61.936034685043886,35,0.0,0.0,2,120,2100,16.05583195783888,87.54592762872596,0.0,-100.00592848041335
11,156.46375537592888,88.30782762614857,35,0.0,0.0,2,120,2100,16.137054071211928,240.6758988733368,0.0,-100.0543675646269
12,103.40567244693995,2.095649855434772,35,0.0,0.0,2,120,2100,16.258725419340493,327.84570498596185,0.0,-100.11140833319462
13,44.75198183910794,-53.37936631753953,35,0.0,0.0,2,120,2100,15.79356529936277,32.378772272916876,0.0,-99.8607261956073
14,22.167697308041312,-80.39236180475564,35,0.0,0.0,2,120,2100,16.015941938908664,56.34545814908404,0.0,-99.98372087541249
15,-141.27429540324448,6.7709868964683295,35,0.0,0.0,2,120,2100,16.567342459074936,160.7461765508731,0.0,-100.28114057326094
16,175.29774319913219,-77.45799873789676,35,0.0,0.0,2,120,2100,16.25000797528861,58.955207453746084,0.0,-100.10938907995377
17,11.109513382823849,26.254321889183302,35,0.0,0.0,2,120,2100,14.96490918531635,261.33820304119376,0.0,-99.39703374435258
18,103.62490210036424,-43.417132449180684,35,0.0,0.0,2,120,2100,16.223844800940082,14.234167255795967,0.0,-100.08972121893596
19,-149.33768881799583,34.19092361302543,35,0.0,0.0,2,120,2100,16.528083141640828,203.10574595956098,0.0,-100.26244471302678
20,-14.261262961630337,43.561311753167615,35,0.0,0.0,2,120,2100,15.435395265709985,225.4775045738374,0.0,-99.66762831089682
21,5.744010239927491,51.84586668392416,35,0.0,0.0,2,120,2100,15.572772354785274,244.49584422769982,0.0,-99.74437874696764
22,170.8870640565446,-81.06449811251645,35,0.0,0.0,2,120,2100,16.213472290499542,58.57349496636755,0.0,-100.0899030771471
23,9.144250895640454,90.58362354773928,35,0.0,0.0,2,120,2100,16.126345493696522,239.9072470551239,0.0,-100.04853765024933
24,11.503090430330388,-64.30760579323814,35,0.0,0.0,2,120,2100,15.792385230796304,54.519694269704814,0.0,-99.86182152552261
25,-34.67846807541616,-99.70393833379272,35,0.0,0.0,2,120,2100,16.204791451354847,54.44283209561422,0.0,-100.08503471193184
26,-106.9144589832248,4.236941296318079,35,0.0,0.0,2,120,2100,16.29173756525011,154.42777268416734,0.0,-100.1334424412814
27,-0.5657316724242776,-22.93197122045993,35,0.0,0.0,2,120,2100,14.752974088260501,61.336927939017414,0.0,-99.27001731332112
28,-25.68646689936469,53.72019119452406,35,0.0,0.0,2,120,2100,15.676699986874207,222.3508648316498,0.0,-99.80165990282593
29,-188.99777759290143,47.413641626088236,35,0.0,0.0,2,120,2100,16.50251371594587,248.1799451841232,0.0,-100.24989022548583
30,79.37656712744871,-10.839395277494319,35,0.0,0.0,2,120,2100,15.996769110360077,341.02382963151837,0.0,-99.97217392416769
31,181.38678699433473,86.49034555367817,35,0.0,0.0,2,120,2100,16.158207616229408,239.91495428785942,0.0,-100.06578909641576
0,34.011226871175126,-3.9067717913054594,35,90.0,180.0,3,240,2100,16.162456436612718,85.98877312882485,0.0,-100.03320616799662
1,29.153186211222305,81.37978919130569,35,90.0,180.0,3,240,2100,13.774264422535307,90.8468137887777,0.0,-98.69311689519122
2,1.6091542774041159,-66.42858389964513,35,90.0,180.0,3,240,2100,16.672753470630543,118.39084572259588,0.0,-100.33521710317612
3,-71.95688740270302,-92.43749438340232,35,90.0,180.0,3,240,2100,16.799476582122484,11.956887402702932,0.0,-100.06897606311632
4,-181.38173359207,-52.70889051584275,35,90.0,180.0,3,240,2100,16.58096072791773,301.38173359206996,0.0,-99.51701374524009
5,-18.947592913095406,-35.64804616762275,35,90.0,180.0,3,240,2100,16.453638625848246,138.94759291309538,0.0,-100.21072277989981
6,-83.80839074377329,34.723767585724204,35,90.0,180.0,3,240,2100,15.632497025346376,203.80839074377332,0.0,-99.62122892156451
7,185.01262093907235,31.445096085399967,35,90.0,180.0,3,240,2100,15.690118836249738,294.98737906092765,0.0,-99.23900649190622
8,161.1197502117672,-16.555538768986153,35,90.0,180.0,3,240,2100,16.288820264599014,318.8802497882328,0.0,-99.3079624682294
9,65.76390665012366,-47.33738081237229,35,90.0,180.0,3,240,2100,16.542594437876257,54.23609334987634,0.0,-100.1468828562585
10,-78.04889955686384,-61.936034685043886,35,90.0,180.0,3,240,2100,16.643613507243856,198.04889955686383,0.0,-100.1478142428013
11,156.46375537592888,88.30782762614857,35,90.0,180.0,3,240,2100,12.146172280746253,323.5362446240712,0.0,-97.85866635354557
12,103.40567244693995,2.095649855434772,35,90.0,180.0,3,240,2100,16.09640323564339,16.594327553060054,0.0,-99.77281233422397
13,44.75198183910794,-53.37936631753953,35,90.0,180.0,3,240,2100,16.5856479317515,75.24801816089206,0.0,-100.23283739544581
14,22.167697308041312,-80.39236180475564,35,90.0,180.0,3,240,2100,16.758257681306404,97.83230269195866,0.0,-100.36372096972906
15,-141.27429540324448,6.7709868964683295,35,90.0,180.0,3,240,2100,16.041749950445023,261.2742954032445,0.0,-99.55780463296021
16,175.29774319913219,-77.45799873789676,35,90.0,180.0,3,240,2100,16.740886459946676,304.7022568008678,0.0,-99.54611325421834
17,11.109513382823849,26.254321889183302,35,90.0,180.0,3,240,2100,15.77505536860745,108.89048661717612,0.0,-99.84536744703554
18,103.62490210036424,-43.417132449180684,35,90.0,180.0,3,240,2100,16.513634462005825,16.37509789963576,0.0,-99.96697659571186
19,-149.33768881799583,34.19092361302543,35,90.0,180.0,3,240,2100,15.642090516672223,269.3376888179958,0.0,-99.34943495695913
20,-14.261262961630337,43.561311753167615,35,90.0,180.0,3,240,2100,15.458286943965387,134.26126296163034,0.0,-99.66694877563597
21,5.744010239927491,51.84586668392416,35,90.0,180.0,3,240,2100,15.261788171394201,114.25598976007251,0.0,-99.56047946184805
22,170.8870640565446,-81.06449811251645,35,90.0,180.0,3,240,2100,16.762194560130148,309.1129359434554,0.0,-99.52175360270599
23,9.144250895640454,90.58362354773928,35,90.0,180.0,3,240,2100,11.081670118248564,290.85574910435946,0.0,-97.29200195751247
24,11.503090430330388,-64.30760579323814,35,90.0,180.0,3,240,2100,16.659101948899057,108.49690956966958,0.0,-100.32439036666452
25,-34.67846807541616,-99.70393833379272,35,90.0,180.0,3,240,2100,16.757692354577344,334.67846807541616,0.0,-99.34106916415209
26,-106.9144589832248,4.236941296318079,35,90.0,180.0,3,240,2100,16.071742307570055,226.9144589832248,0.0,-99.74496377546662
27,-0.5657316724242776,-22.93197122045993,35,90.0,180.0,3,240,2100,16.346939532654964,120.56573167242425,0.0,-100.16357904716139
28,-25.68646689936469,53.72019119452406,35,90.0,180.0,3,240,2100,15.211415443156238,145.6864668993647,0.0,-99.52053905847374
29,-188.99777759290143,47.413641626088236,35,90.0,180.0,3,240,2100,15.371688027253034,308.9977775929014,0.0,-99.05666406395285
30,79.37656712744871,-10.839395277494319,35,90.0,180.0,3,240,2100,16.233683034819133,40.62343287255129,0.0,-99.94181803500427
31,181.38678699433473,86.49034555367817,35,90.0,180.0,3,240,2100,12.875673984141043,298.61321300566533,0.0,-98.1358418311667
0,34.93244681632251,-3.824893622099296,36,-90.0,-180.0,1,0,2100,16.076535291370796,214.93244681632248,0.0,-100.00428568500136
1,30.08732232181231,82.2535092672938,36,-90.0,-180.0,1,0,2100,16.769121175226687,210.0873223218123,0.0,-100.35998842587169
2,0.5819220721941463,-66.62399599576145,36,-90.0,-180.0,1,0,2100,14.7718642508816,180.58192207219412,0.0,-99.29681795270349
3,-74.86956635372314,-92.37689236306191,36,-90.0,-180.0,1,0,2100,12.48595152433772,285.13043364627674,0.0,-97.90978946425139
4,-184.2885305687585,-54.149472890996684,36,-90.0,-180.0,1,0,2100,15.199512360975998,355.7114694312415,0.0,-99.33542248150005
5,-16.7853422252673,-35.31537547194657,36,-90.0,-180.0,1,0,2100,15.621736587234569,163.2146577747327,0.0,-99.77011355934137
6,-85.91347854382005,35.1797772972655,36,-90.0,-180.0,1,0,2100,16.449904834481995,94.08652145617992,0.0,-100.12278277471502
7,186.1564885498218,32.93275142089351,36,-90.0,-180.0,1,0,2100,16.431791382800824,6.156488549821802,0.0,-99.86833123942465
8,162.0583392471667,-17.515076500241676,36,-90.0,-180.0,1,0,2100,15.903532552724862,342.0583392471667,0.0,-99.68009952393056
9,65.80184000051489,-48.80159902199988,36,-90.0,-180.0,1,0,2100,15.338553502720734,245.80184000051486,0.0,-99.58261834883565
10,-73.69362010342068,-61.23831973151791,36,-90.0,-180.0,1,0,2100,14.979198107563022,106.3063798965793,0.0,-99.380582633906
11,159.4999532784277,85.83017013330362,36,-90.0,-180.0,1,0,2100,16.789672478131948,339.4999532784277,0.0,-100.06464992553364
12,101.85295381032131,1.8393461840783942,36,-90.0,-180.0,1,0,2100,16.140194751569073,281.8529538103213,0.0,-99.93915239236613
13,45.83218645560348,-53.11106207061837,36,-90.0,-180.0,1,0,2100,15.22806580479522,225.83218645560345,0.0,-99.53933956560792
14,20.564587467468158,-79.51593881180887,36,-90.0,-180.0,1,0,2100,13.970010818912632,200.56458746746813,0.0,-98.82393799739569
15,-136.52850339752214,7.997688451661503,36,-90.0,-180.0,1,0,2100,16.20509782311658,43.47149660247783,0.0,-99.88548961801519
16,176.17162201998644,-77.23160399697497,36,-90.0,-180.0,1,0,2100,14.167127599335377,356.17162201998644,0.0,-98.86258627896383
17,13.92807064488602,25.150296294401272,36,-90.0,-180.0,1,0,2100,16.366392117677687,193.928070644886,0.0,-100.1668855684743
18,109.85550801090068,-42.19744132950393,36,-90.0,-180.0,1,0,2100,15.487233194943972,289.8555080109007,0.0,-99.599762143169
19,-151.0258749453724,32.38901329615686,36,-90.0,-180.0,1,0,2100,16.427358519080588,28.974125054627564,0.0,-99.94159525544639
20,-16.844588783165648,43.284674105189964,36,-90.0,-180.0,1,0,2100,16.512641155303708,163.1554112168344,0.0,-100.24052148305452
21,3.9435536896924077,52.59204539685149,36,-90.0,-180.0,1,0,2100,16.580141627077474,183.94355368969238,0.0,-100.27804677681861
22,172.06424069929864,-81.6003763229941,36,-90.0,-180.0,1,0,2100,13.748341814250388,352.06424069929864,0.0,-98.66224962999746
23,9.10505974319804,90.76045076750671,36,-90.0,-180.0,1,0,2100,16.808877065435517,9.105059743198012,0.0,-100.03011440449464
24,10.882123137830519,-63.35936070373524,36,-90.0,-180.0,1,0,2100,14.902592020475653,190.8821231378305,0.0,-99.37073096817042
25,-35.24883030378484,-99.74324695271088,36,-90.0,-180.0,1,0,2100,13.89672918707991,324.75116969621513,0.0,-98.74737793924777
26,-109.9402672670804,3.170085788048752,36,-90.0,-180.0,1,0,2100,16.154580638932806,70.0597327329196,0.0,-99.92836004204143
27,-1.9849744808186927,-21.759322399971524,36,-90.0,-180.0,1,0,2100,15.84319480471921,178.01502551918134,0.0,-99.89286925215612
28,-25.910036552469563,55.2489018978379,36,-90.0,-180.0,1,0,2100,16.598602737751307,154.0899634475304,0.0,-100.27884161883577
29,-188.9745134084116,46.91021966140866,36,-90.0,-180.0,1,0,2100,16.539479285964784,351.0254865915884,0.0,-99.92198672164699
30,80.98515267790475,-10.503867087457678,36,-90.0,-180.0,1,0,2100,15.995862331154068,260.98515267790475,0.0,-99.90653470114833
31,181.1608005404176,85.51506194180308,36,-90.0,-180.0,1,0,2100,16.787878753720133,1.160800540417597,0.0,-99.99158644304835
0,34.93244681632251,-3.824893622099296,36,0.0,0.0,2,120,2100,15.178775446058602,336.6595389421403,0.0,-99.52075794732657
1,30.08732232181231,82.2535092672938,36,0.0,0.0,2,120,2100,16.042631455204674,243.90126195476716,0.0,-100.00325704600154
2,0.5819220721941463,-66.62399599576145,36,0.0,0.0,2,120,2100,15.819237959803944,59.74847507318589,0.0,-99.87680915050908
3,-74.86956635372314,-92.37689236306191,36,0.0,0.0,2,120,2100,16.12683157345859,57.70541504289247,0.0,-100.04351251071412
4,-184.2885305687585,-54.149472890996684,36,0.0,0.0,2,120,2100,16.454328019888443,56.907161550916726,0.0,-100.21694462473107
5,-16.7853422252673,-35.31537547194657,36,0.0,0.0,2,120,2100,15.274129659318472,82.17759469957863,0.0,-99.57518790088619
6,-85.91347854382005,35.1797772972655,36,0.0,0.0,2,120,2100,16.082155936073146,185.24849157664568,0.0,-100.02161636402889
7,186.1564885498218,32.93275142089351,36,0.0,0.0,2,120,2100,16.60759258580628,230.59899618516692,0.0,-100.30534025728718
8,162.0583392471667,-17.515076500241676,36,0.0,0.0,2,120,2100,16.664416213253237,15.69266150082376,0.0,-100.31485541334554
9,65.80184000051489,-48.80159902199988,36,0.0,0.0,2,120,2100,15.928758471628992,21.393776782050907,0.0,-99.933285531525
10,-73.69362010342068,-61.23831973151791,36,0.0,0.0,2,120,2100,16.02974283771742,87.7804696618955,0.0,-99.99184387550976
11,159.4999532784277,85.83017013330362,36,0.0,0.0,2,120,2100,16.162441177241377,241.46257428471506,0.0,-100.06813862089062
12,101.85295381032131,1.8393461840783942,36,0.0,0.0,2,120,2100,16.243623240091804,328.1206092182593,0.0,-100.10359679141297
13,45.83218645560348,-53.11106207061837,36,0.0,0.0,2,120,2100,15.798783265407389,31.704236583670763,0.0,-99.86351886882653
14,20.564587467468158,-79.51593881180887,36,0.0,0.0,2,120,2100,16.00456342128175,56.28090971400843,0.0,-99.97755859947664
15,-136.52850339752214,7.997688451661503,36,0.0,0.0,2,120,2100,16.532395526052536,161.5420421962457,0.0,-100.26257222280701
16,176.17162201998644,-77.23160399697497,36,0.0,0.0,2,120,2100,16.25234984662858,59.13314585679018,0.0,-100.11064327451331
17,13.92807064488602,25.150296294401272,36,0.0,0.0,2,120,2100,14.971047443396245,267.143084837601,0.0,-99.40012951459038
18,109.85550801090068,-42.19744132950393,36,0.0,0.0,2,120,2100,16.270045336668705,13.94897307890983,0.0,-100.11384565128866
19,-151.0258749453724,32.38901329615686,36,0.0,0.0,2,120,2100,16.544680947033196,202.63323951040286,0.0,-100.27124915883473
20,-16.844588783165648,43.284674105189964,36,0.0,0.0,2,120,2100,15.44520959734228,222.89852110182062,0.0,-99.67314049598598
21,3.9435536896924077,52.59204539685149,36,0.0,0.0,2,120,2100,15.584688312581322,243.0107871217071,0.0,-99.75101134586332
22,172.06424069929864,-81.6003763229941,36,0.0,0.0,2,120,2100,16.208367277167202,58.8321070273056,0.0,-100.08719610722277
23,9.10505974319804,90.76045076750671,36,0.0,0.0,2,120,2100,16.128271981639795,239.87965537769378,0.0,-100.04958281238227
24,10.882123137830519,-63.35936070373524,36,0.0,0.0,2,120,2100,15.777082962328283,54.58987886457794,0.0,-99.85342469294652
25,-35.24883030378484,-99.74324695271088,36,0.0,0.0,2,120,2100,16.20454970749003,54.340535828972065,0.0,-100.08489884085455
26,-109.9402672670804,3.170085788048752,36,0.0,0.0,2,120,2100,16.31980178358881,153.3718045409861,0.0,-100.14848441469879
27,-1.9849744808186927,-21.759322399971524,36,0.0,0.0,2,120,2100,14.704139856112334,64.95960748729973,0.0,-99.24187945837792
28,-25.910036552469563,55.2489018978379,36,0.0,0.0,2,120,2100,15.700317103814308,223.1357452672754,0.0,-99.81471815851496
29,-188.9745134084116,46.91021966140866,36,0.0,0.0,2,120,2100,16.506261698918117,248.30231303954588,0.0,-100.2518593109443
30,80.98515267790475,-10.503867087457678,36,0.0,0.0,2,120,2100,16.016298521135965,340.63225867632855,0.0,-99.98250430668973
31,181.1608005404176,85.51506194180308,36,0.0,0.0,2,120,2100,16.16858461019797,239.9089563569508,0.0,-100.07139743642114
0,34.93244681632251,-3.824893622099296,36,90.0,180.0,3,240,2100,16.16158414725885,85.06755318367749,0.0,-100.0311108010947
1,30.08732232181231,82.2535092672938,36,90.0,180.0,3,240,2100,13.667394932065646,89.91267767818772,0.0,-98.62766600655245
2,0.5819220721941463,-66.62399599576145,36,90.0,180.0,3,240,2100,16.67400190059299,119.41807792780583,0.0,-100.33592095228988
3,-74.86956635372314,-92.37689236306191,36,90.0,180.0,3,240,2100,16.79981782352192,14.869566353723059,0.0,-100.08538606249739
4,-184.2885305687585,-54.149472890996684,36,90.0,180.0,3,240,2100,16.591004670010868,304.28853056875846,0.0,-99.50070790743766
5,-16.7853422252673,-35.31537547194657,36,90.0,180.0,3,240,2100,16.45098747561657,136.7853422252673,0.0,-100.21148326055147
6,-85.91347854382005,35.1797772972655,36,90.0,180.0,3,240,2100,15.624213157453497,205.91347854382002,0.0,-99.609916771871
7,186.1564885498218,32.93275142089351,36,90.0,180.0,3,240,2100,15.664384369750305,293.8435114501782,0.0,-99.23539420881082
8,162.0583392471667,-17.515076500241676,36,90.0,180.0,3,240,2100,16.29778500808557,317.9416607528333,0.0,-99.3166928265616
9,65.80184000051489,-48.80159902199988,36,90.0,180.0,3,240,2100,16.55319947334213,54.198159999485085,0.0,-100.15198576233337
10,-73.69362010342068,-61.23831973151791,36,90.0,180.0,3,240,2100,16.63901076869567,193.69362010342064,0.0,-100.16364680275137
11,159.4999532784277,85.83017013330362,36,90.0,180.0,3,240,2100,13.048031230240996,320.5000467215723,0.0,-98.20312616584467
12,101.85295381032131,1.8393461840783942,36,90.0,180.0,3,240,2100,16.09931470379988,18.14704618967869,0.0,-99.78125447847941
13,45.83218645560348,-53.11106207061837,36,90.0,180.0,3,240,2100,16.583774889709254,74.1678135443965,0.0,-100.22912398460417
14,20.564587467468158,-79.51593881180887,36,90.0,180.0,3,240,2100,16.753100849965413,99.43541253253181,0.0,-100.36321735355281
15,-136.52850339752214,7.997688451661503,36,90.0,180.0,3,240,2100,16.026901386313625,256.5285033975221,0.0,-99.57687429206717
16,176.17162201998644,-77.23160399697497,36,90.0,180.0,3,240,2100,16.739533595911173,303.82837798001356,0.0,-99.5518067463312
17,13.92807064488602,25.150296294401272,36,90.0,180.0,3,240,2100,15.792226320641019,106.07192935511398,0.0,-99.8532968736176
18,109.85550801090068,-42.19744132950393,36,90.0,180.0,3,240,2100,16.504450480925517,10.144491989099322,0.0,-99.93030565237322
19,-151.0258749453724,32.38901329615686,36,90.0,180.0,3,240,2100,15.673867287112474,271.02587494537244,0.0,-99.35422032191083
20,-16.844588783165648,43.284674105189964,36,90.0,180.0,3,240,2100,15.46422632103676,136.84458878316565,0.0,-99.66860019173194
21,3.9435536896924077,52.59204539685149,36,90.0,180.0,3,240,2100,15.242037452155113,116.05644631030759,0.0,-99.54974980797284
22,172.06424069929864,-81.6003763229941,36,90.0,180.0,3,240,2100,16.765322272710083,307.93575930070136,0.0,-99.53101690426084
23,9.10505974319804,90.76045076750671,36,90.0,180.0,3,240,2100,11.346321746830274,290.8949402568019,0.0,-97.42533787964183
24,10.882123137830519,-63.35936070373524,36,90.0,180.0,3,240,2100,16.652937828991007,109.11787686216945,0.0,-100.32163868068955
25,-35.24883030378484,-99.74324695271088,36,90.0,180.0,3,240,2100,16.757461502766283,335.24883030378487,0.0,-99.33704883060064
26,-109.9402672670804,3.170085788048752,36,90.0,180.0,3,240,2100,16.08410513981407,229.94026726708046,0.0,-99.736593431911
27,-1.9849744808186927,-21.759322399971524,36,90.0,180.0,3,240,2100,16.336501572602483,121.98497448081872,0.0,-100.15784105884019
28,-25.910036552469563,55.2489018978379,36,90.0,180.0,3,240,2100,15.168365270359665,145.91003655246953,0.0,-99.49639986544818
29,-188.9745134084116,46.91021966140866,36,90.0,180.0,3,240,2100,15.383439902640642,308.9745134084116,0.0,-99.06081636921314
30,80.98515267790475,-10.503867087457678,36,90.0,180.0,3,240,2100,16.230350134907322,39.01484732209525,0.0,-99.93388355203491
31,181.1608005404176,85.51506194180308,36,90.0,180.0,3,240,2100,13.120880527788513,298.83919945958246,0.0,-98.23966210364208
0,37.884048909734815,-2.458456883561098,37,-90.0,-180.0,1,0,2100,16.092267402066614,217.88404890973482,0.0,-100.01017772490835
1,30.275829094816203,82.96472334513174,37,-90.0,-180.0,1,0,2100,16.77324155462648,210.2758290948162,0.0,-100.36183333440692
2,2.991795237089633,-66.13173755105902,37,-90.0,-180.0,1,0,2100,14.792703862099753,182.9917952370896,0.0,-99.30868224593205
3,-74.46522292609622,-92.38238706189414,37,-90.0,-180.0,1,0,2100,12.488260563181775,285.5347770739037,0.0,-97.91170000194401
4,-184.2896703243642,-54.12016886568554,37,-90.0,-180.0,1,0,2100,15.200329421431828,355.71032967563576,0.0,-99.33575791941554
5,-16.80175858221773,-35.331217122667326,37,-90.0,-180.0,1,0,2100,15.621446854182718,163.19824141778224,0.0,-99.76992396399783
6,-84.21059030879354,34.34031347310071,37,-90.0,-180.0,1,0,2100,16.44317618246575,95.78940969120646,0.0,-100.12296507792996
7,187.16836840109823,33.62874146378766,37,-90.0,-180.0,1,0,2100,16.437436967053422,7.168368401098235,0.0,-99.87412118953127
8,165.447481393224,-20.33409859780238,37,-90.0,-180.0,1,0,2100,15.863864947810475,345.44748139322394,0.0,-99.65341762539134
9,66.46760323009664,-49.01862002626932,37,-90.0,-180.0,1,0,2100,15.333271876052864,246.4676032300966,0.0,-99.57910354285153
10,-70.20533125534857,-59.88957278174046,37,-90.0,-180.0,1,0,2100,15.025025669603403,109.7946687446514,0.0,-99.40870837390759
11,160.58061421564605,84.8859235681191,37,-90.0,-180.0,1,0,2100,16.78428778769261,340.58061421564605,0.0,-100.05854641389732
12,105.31587023936868,0.7653992729267713,37,-90.0,-180.0,1,0,2100,16.128432086963596,285.3158702393687,0.0,-99.92599739237576
13,47.564538206821396,-51.863296380332585,37,-90.0,-180.0,1,0,2100,15.261331243844129,227.5645382068214,0.0,-99.55641773078389
14,19.513251895542,-78.93414182641034,37,-90.0,-180.0,1,0,2100,14.024019180061213,199.51325189554197,0.0,-98.85659214925647
15,-132.96230147965778,9.96199452606831,37,-90.0,-180.0,1,0,2100,16.22494398916049,47.03769852034219,0.0,-99.90423768064004
16,177.59569937613344,-77.93087965338972,37,-90.0,-180.0,1,0,2100,14.110804737731328,357.59569937613344,0.0,-98.83484702177795
17,16.377805364266152,23.39402871834193,37,-90.0,-180.0,1,0,2100,16.351022652608254,196.37780536426612,0.0,-100.1580912613854
18,109.34613256595685,-41.35137517439873,37,-90.0,-180.0,1,0,2100,15.504777566483403,289.34613256595685,0.0,-99.60946067420403
19,-150.14925607407633,32.911284715358875,37,-90.0,-180.0,1,0,2100,16.43161674603226,29.850743925923666,0.0,-99.94621117284876
20,-23.610589615194186,41.54644352976243,37,-90.0,-180.0,1,0,2100,16.49951388057316,156.38941038480584,0.0,-100.23041459281802
21,2.9022495057539857,52.744750534438595,37,-90.0,-180.0,1,0,2100,16.581211977237203,182.90224950575396,0.0,-100.27869577626382
22,169.98798090913135,-79.43622837203094,37,-90.0,-180.0,1,0,2100,13.977585066913365,349.98798090913135,0.0,-98.77583182503624
23,9.030237596175368,91.40207407710605,37,-90.0,-180.0,1,0,2100,16.805290945984357,9.030237596175368,0.0,-100.02842263065996
24,13.54950595213947,-63.313917488346945,37,-90.0,-180.0,1,0,2100,14.904296352170435,193.54950595213944,0.0,-99.37130704632965
25,-33.70799086222647,-99.64954214450768,37,-90.0,-180.0,1,0,2100,13.88706523929071,326.2920091377735,0.0,-98.7417119553273
26,-111.85581254622198,4.275513269678655,37,-90.0,-180.0,1,0,2100,16.166375423088944,68.14418745377799,0.0,-99.92964345667464
27,-3.4393696217077547,-19.606228655830407,37,-90.0,-180.0,1,0,2100,15.874258751923218,176.56063037829222,0.0,-99.90950988961622
28,-25.71011089628351,55.22443941585951,37,-90.0,-180.0,1,0,2100,16.59843430590546,154.28988910371652,0.0,-100.27887078735016
29,-188.32079134957092,44.45748675786453,37,-90.0,-180.0,1,0,2100,16.521401972587665,351.6792086504291,0.0,-99.91236840402654
30,84.6290812728983,-10.282075359411081,37,-90.0,-180.0,1,0,2100,15.998648414869216,264.62908127289825,0.0,-99.90181669394558
31,177.74706214196016,85.20906571343826,37,-90.0,-180.0,1,0,2100,16.78613381365925,357.7470621419601,0.0,-99.99510489509677
0,37.884048909734815,-2.458456883561098,37,0.0,0.0,2,120,2100,15.25647044595873,333.99952431877,0.0,-99.56527767354159
1,30.275829094816203,82.96472334513174,37,0.0,0.0,2,120,2100,16.05011530924699,243.56027315952207,0.0,-100.0073164557259
2,2.991795237089633,-66.13173755105902,37,0.0,0.0,2,120,2100,15.81232505374913,58.67703767149612,0.0,-99.8729713151569
3,-74.46522292609622,-92.38238706189414,37,0.0,0.0,2,120,2100,16.127026254001454,57.704551277526434,0.0,-100.04361493660315
4,-184.2896703243642,-54.12016886568554,37,0.0,0.0,2,120,2100,16.454559574317834,56.90301489533408,0.0,-100.2170658635385
5,-16.80175858221773,-35.331217122667326,37,0.0,0.0,2,120,2100,15.274653532785711,82.1848715227039,0.0,-99.57547636563488
6,-84.21059030879354,34.34031347310071,37,0.0,0.0,2,120,2100,16.065416736593505,184.4769111161421,0.0,-100.01250882120237
7,187.16836840109823,33.62874146378766,37,0.0,0.0,2,120,2100,16.601729496053355,229.3740893921061,0.0,-100.3022507580222
8,165.447481393224,-20.33409859780238,37,0.0,0.0,2,120,2100,16.664711761372416,25.861808313123788,0.0,-100.31851975178365
9,66.46760323009664,-49.01862002626932,37,0.0,0.0,2,120,2100,15.935244882563543,21.46376212915618,0.0,-99.93681399888582
10,-70.20533125534857,-59.88957278174046,37,0.0,0.0,2,120,2100,16.0049089845297,88.61938005168003,0.0,-99.97841354210138
11,160.58061421564605,84.8859235681191,37,0.0,0.0,2,120,2100,16.172159896644374,241.70435640245398,0.0,-100.07340832836493
12,105.31587023936868,0.7653992729267713,37,0.0,0.0,2,120,2100,16.277104753636866,329.20641957086224,0.0,-100.1203883662409
13,47.564538206821396,-51.863296380332585,37,0.0,0.0,2,120,2100,15.800281091861462,29.909447608502205,0.0,-99.86415014675482
14,19.513251895542,-78.93414182641034,37,0.0,0.0,2,120,2100,15.996879662582156,56.26238397138093,0.0,-99.97340094451177
15,-132.96230147965778,9.96199452606831,37,0.0,0.0,2,120,2100,16.504189641342744,163.4965158443922,0.0,-100.2476305849544
16,177.59569937613344,-77.93087965338972,37,0.0,0.0,2,120,2100,16.245698499089645,59.48608245039429,0.0,-100.10711480715247
17,16.377805364266152,23.39402871834193,37,0.0,0.0,2,120,2100,14.962684898345366,273.09551181271024,0.0,-99.39478455544248
18,109.34613256595685,-41.35137517439873,37,0.0,0.0,2,120,2100,16.268377023456654,13.008159616775401,0.0,-100.11274823104905
19,-150.14925607407633,32.911284715358875,37,0.0,0.0,2,120,2100,16.53816130161664,202.4375453003462,0.0,-100.26777713022908
20,-23.610589615194186,41.54644352976243,37,0.0,0.0,2,120,2100,15.463984254844693,215.67869973384916,0.0,-99.68367991093461
21,2.9022495057539857,52.744750534438595,37,0.0,0.0,2,120,2100,15.5866770002918,242.20530800323138,0.0,-99.75210876610291
22,169.98798090913135,-79.43622837203094,37,0.0,0.0,2,120,2100,16.229327033641727,58.14299138819274,0.0,-100.09833126458719
23,9.030237596175368,91.40207407710605,37,0.0,0.0,2,120,2100,16.13523192893496,239.779893639869,0.0,-100.05334957670942
24,13.54950595213947,-63.313917488346945,37,0.0,0.0,2,120,2100,15.780796331148954,53.28366715622019,0.0,-99.85538541710794
25,-33.70799086222647,-99.64954214450768,37,0.0,0.0,2,120,2100,16.205279105380587,54.60963356649336,0.0,-100.08531063473494
26,-111.85581254622198,4.275513269678655,37,0.0,0.0,2,120,2100,16.33679277275201,154.60524705010607,0.0,-100.15764839628046
27,-3.4393696217077547,-19.606228655830407,37,0.0,0.0,2,120,2100,14.61056837144584,69.5600353100628,0.0,-99.18715685942108
28,-25.71011089628351,55.22443941585951,37,0.0,0.0,2,120,2100,15.698982207967816,223.23575100454627,0.0,-99.81398445469765
29,-188.32079134957092,44.45748675786453,37,0.0,0.0,2,120,2100,16.524918637890387,248.38962117020645,0.0,-100.26167129304841
30,84.6290812728983,-10.282075359411081,37,0.0,0.0,2,120,2100,16.05945348233852,340.326443368776,0.0,-100.00510071200405
31,177.74706214196016,85.20906571343826,37,0.0,0.0,2,120,2100,16.171788549938118,240.18877615601514,0.0,-100.0731407668589
0,37.884048909734815,-2.458456883561098,37,90.0,180.0,3,240,2100,16.146913366307803,82.11595109026518,0.0,-100.01771744238374
1,30.275829094816203,82.96472334513174,37,90.0,180.0,3,240,2100,13.571092132453614,89.72417090518383,0.0,-98.56842132769991
2,2.991795237089633,-66.13173755105902,37,90.0,180.0,3,240,2100,16.67085402018594,117.00820476291034,0.0,-100.33406020175921
3,-74.46522292609622,-92.38238706189414,37,90.0,180.0,3,240,2100,16.799786888450367,14.46522292609609,0.0,-100.08313698142119
4,-184.2896703243642,-54.12016886568554,37,90.0,180.0,3,240,2100,16.590801360197133,304.2896703243642,0.0,-99.50063307290544
5,-16.80175858221773,-35.331217122667326,37,90.0,180.0,3,240,2100,16.451113881880005,136.80175858221776,0.0,-100.21153685825698
6,-84.21059030879354,34.34031347310071,37,90.0,180.0,3,240,2100,15.639410125833884,204.21059030879354,0.0,-99.62339002150149
7,187.16836840109823,33.62874146378766,37,90.0,180.0,3,240,2100,15.652113427834324,292.8316315989018,0.0,-99.23601007678538
8,165.447481393224,-20.33409859780238,37,90.0,180.0,3,240,2100,16.323666944319474,314.552518606776,0.0,-99.34633741409205
9,66.46760323009664,-49.01862002626932,37,90.0,180.0,3,240,2100,16.55476178608611,53.53239676990336,0.0,-100.15036266200634
10,-70.20533125534857,-59.88957278174046,37,90.0,180.0,3,240,2100,16.63005274174333,190.2053312553486,0.0,-100.17311943874091
11,160.58061421564605,84.8859235681191,37,90.0,180.0,3,240,2100,13.252152419220993,319.41938578435395,0.0,-98.28030231102031
12,105.31587023936868,0.7653992729267713,37,90.0,180.0,3,240,2100,16.111422805853874,14.684129760631322,0.0,-99.77116192940547
13,47.564538206821396,-51.863296380332585,37,90.0,180.0,3,240,2100,16.57501779596714,72.4354617931786,0.0,-100.22012563774446
14,19.513251895542,-78.93414182641034,37,90.0,180.0,3,240,2100,16.749662839098445,100.486748104458,0.0,-100.36277239146939
15,-132.96230147965778,9.96199452606831,37,90.0,180.0,3,240,2100,16.00265554281011,252.96230147965775,0.0,-99.58507575228658
16,177.59569937613344,-77.93087965338972,37,90.0,180.0,3,240,2100,16.74370635788596,302.40430062386656,0.0,-99.56310878325009
17,16.377805364266152,23.39402871834193,37,90.0,180.0,3,240,2100,15.818948207566459,103.62219463573382,0.0,-99.86642730018835
18,109.34613256595685,-41.35137517439873,37,90.0,180.0,3,240,2100,16.49802989429444,10.65386743404315,0.0,-99.9301266562624
19,-150.14925607407633,32.911284715358875,37,90.0,180.0,3,240,2100,15.664760464028388,270.14925607407633,0.0,-99.35480281772912
20,-23.610589615194186,41.54644352976243,37,90.0,180.0,3,240,2100,15.50075976628409,143.61058961519416,0.0,-99.68325157960604
21,2.9022495057539857,52.744750534438595,37,90.0,180.0,3,240,2100,15.237946941556986,117.09775049424604,0.0,-99.54758971931332
22,169.98798090913135,-79.43622837203094,37,90.0,180.0,3,240,2100,16.752630515536314,310.01201909086865,0.0,-99.51248524476384
23,9.030237596175368,91.40207407710605,37,90.0,180.0,3,240,2100,11.958112871301216,290.9697624038246,0.0,-97.71823771052455
24,13.54950595213947,-63.313917488346945,37,90.0,180.0,3,240,2100,16.65264146659956,106.4504940478605,0.0,-100.31956657316925
25,-33.70799086222647,-99.64954214450768,37,90.0,180.0,3,240,2100,16.758011724855688,333.70799086222644,0.0,-99.34790034341006
26,-111.85581254622198,4.275513269678655,37,90.0,180.0,3,240,2100,16.071292456009438,231.855812546222,0.0,-99.72149505939856
27,-3.4393696217077547,-19.606228655830407,37,90.0,180.0,3,240,2100,16.31704812594399,123.43936962170773,0.0,-100.1471002809129
28,-25.71011089628351,55.22443941585951,37,90.0,180.0,3,240,2100,15.169068956604011,145.71011089628354,0.0,-99.49698033871155
29,-188.32079134957092,44.45748675786453,37,90.0,180.0,3,240,2100,15.438800284220534,308.3207913495709,0.0,-99.08298660501957
30,84.6290812728983,-10.282075359411081,37,90.0,180.0,3,240,2100,16.22814089858623,35.370918727101696,0.0,-99.91821481903374
31,177.74706214196016,85.20906571343826,37,90.0,180.0,3,240,2100,13.18688115711502,302.25293785803984,0.0,-98.26540316016795
0,38.01724478505386,-2.3982734948628206,38,-90.0,-180.0,1,0,2100,16.09295464954148,218.01724478505386,0.0,-100.01041107302348
1,30.155944982600317,83.41901641968568,38,-90.0,-180.0,1,0,2100,16.77586461835215,210.15594498260032,0.0,-100.36320425458331
2,4.8917048897884,-65.47646990764858,38,-90.0,-180.0,1,0,2100,14.819787275177106,184.8917048897884,0.0,-99.32410509791632
3,-75.87667874334198,-93.5537898802784,38,-90.0,-180.0,1,0,2100,12.888170974010201,284.12332125665796,0.0,-98.16586714421908
4,-183.73374157420523,-53.40462964975581,38,-90.0,-180.0,1,0,2100,15.220075825002061,356.2662584257948,0.0,-99.3433854859288
5,-13.802827015799068,-35.43142048425081,38,-90.0,-180.0,1,0,2100,15.619612255268708,166.19717298420096,0.0,-99.76975624504007
6,-81.64572238146506,34.5040512733797,38,-90.0,-180.0,1,0,2100,16.4444921681603,98.35427761853492,0.0,-100.12860189333604
7,188.41754038360597,34.79206387684826,38,-90.0,-180.0,1,0,2100,16.446802775452976,8.417540383605967,0.0,-99.88223003653198
8,165.89504456342496,-21.289280601387915,38,-90.0,-180.0,1,0,2100,15.850059190083776,345.8950445634249,0.0,-99.64611820466499
9,66.32261750680703,-49.396529205716206,38,-90.0,-180.0,1,0,2100,15.324007612024662,246.32261750680703,0.0,-99.57426886159121
10,-68.91305543202681,-60.12244915150158,38,-90.0,-180.0,1,0,2100,15.017261531608778,111.0869445679732,0.0,-99.40560921925353
11,163.14808623287178,83.9242321415924,38,-90.0,-180.0,1,0,2100,16.778773648852365,343.1480862328718,0.0,-100.04700297432706
12,104.1925619753107,-0.06731702779043758,38,-90.0,-180.0,1,0,2100,16.119215363660675,284.1925619753107,0.0,-99.9239337199826
13,48.851502352585186,-51.90792541628969,38,-90.0,-180.0,1,0,2100,15.260160320432016,228.8515023525852,0.0,-99.55482804674958
14,23.057497622010857,-80.2622714933595,38,-90.0,-180.0,1,0,2100,13.896162640385151,203.05749762201086,0.0,-98.77896744033328
15,-132.19859211843252,12.016312982965246,38,-90.0,-180.0,1,0,2100,16.245286660043355,47.80140788156751,0.0,-99.91558423273815
16,178.43284501193347,-78.64073444154133,38,-90.0,-180.0,1,0,2100,14.050188390769396,358.43284501193347,0.0,-98.80551078842913
17,14.055187224425708,24.467083439590112,38,-90.0,-180.0,1,0,2100,16.360441219549923,194.05518722442568,0.0,-100.16378641382025
18,108.83705849864987,-39.5703151616604,38,-90.0,-180.0,1,0,2100,15.540734004999374,288.83705849864987,0.0,-99.62842750068681
19,-145.3479784066012,32.90997532673117,38,-90.0,-180.0,1,0,2100,16.431606092856605,34.65202159339884,0.0,-99.9610871151882
20,-30.068191000332718,44.10118463726488,38,-90.0,-180.0,1,0,2100,16.518748531505572,149.93180899966728,0.0,-100.23575972308018
21,3.4980873837598097,53.01841355851528,38,-90.0,-180.0,1,0,2100,16.58312729120987,183.49808738375978,0.0,-100.27957812382414
22,168.19697136861026,-79.49179421969832,38,-90.0,-180.0,1,0,2100,13.972311149994477,348.19697136861026,0.0,-98.77422755674473
23,7.020285500274781,90.04009955914213,38,-90.0,-180.0,1,0,2100,16.81288794094596,7.020285500274156,0.0,-100.0237410841002
24,19.33226304784793,-62.22446518595781,38,-90.0,-180.0,1,0,2100,14.94430975427742,199.33226304784793,0.0,-99.39283340995024
25,-29.79913369894132,-99.62855327222783,38,-90.0,-180.0,1,0,2100,13.884887756447258,330.2008663010587,0.0,-98.73894823858875
26,-111.16969944140396,4.231598347558403,38,-90.0,-180.0,1,0,2100,16.165909499884748,68.83030055859604,0.0,-99.93099250046524
27,-5.407132227586374,-18.36853706091057,38,-90.0,-180.0,1,0,2100,15.891688369663898,174.59286777241368,0.0,-99.9186760952636
28,-24.080424967484987,55.10221115902229,38,-90.0,-180.0,1,0,2100,16.597592300831156,155.919575032515,0.0,-100.27951978679536
29,-188.0160061126268,45.515073382498656,38,-90.0,-180.0,1,0,2100,16.529236783381975,351.98399388737323,0.0,-99.9144612449341
30,82.57393602604452,-8.822119016466573,38,-90.0,-180.0,1,0,2100,16.016796759324297,262.5739360260445,0.0,-99.91449041344849
31,169.64141619028163,85.20080095286298,38,-90.0,-180.0,1,0,2100,16.78608664169899,349.64141619028163,0.0,-100.02585580139355
0,38.01724478505386,-2.3982734948628206,38,0.0,0.0,2,120,2100,15.259879892578985,333.8902286417807,0.0,-99.56722794608166
1,30.155944982600317,83.41901641968568,38,0.0,0.0,2,120,2100,16.054688202576635,243.31689688482413,0.0,-100.00979558030525
2,4.8917048897884,-65.47646990764858,38,0.0,0.0,2,120,2100,15.803297315347864,57.7721287455247,0.0,-99.8679817111342
3,-75.87667874334198,-93.5537898802784,38,0.0,0.0,2,120,2100,16.129546838391885,56.553368346180605,0.0,-100.04491302797227
4,-183.73374157420523,-53.40462964975581,38,0.0,0.0,2,120,2100,16.46043669373472,57.23166493337078,0.0,-100.22016163377629
5,-13.802827015799068,-35.43142048425081,38,0.0,0.0,2,120,2100,15.249672995154839,78.53769368057209,0.0,-99.56099041847223
6,-81.64572238146506,34.5040512733797,38,0.0,0.0,2,120,2100,16.04047810942681,184.7899276958994,0.0,-99.99900323612044
7,188.41754038360597,34.79206387684826,38,0.0,0.0,2,120,2100,16.592251254558185,228.10269458934164,0.0,-100.29726115399951
8,165.89504456342496,-21.289280601387915,38,0.0,0.0,2,120,2100,16.661282268485618,27.97809643938035,0.0,-100.31745159608379
9,66.32261750680703,-49.396529205716206,38,0.0,0.0,2,120,2100,15.935629342117647,21.866316211878257,0.0,-99.93708574104039
10,-68.91305543202681,-60.12244915150158,38,0.0,0.0,2,120,2100,15.998113977257276,88.19277214800991,0.0,-99.97474084236622
11,163.14808623287178,83.9242321415924,38,0.0,0.0,2,120,2100,16.18256209786437,241.7674306049102,0.0,-100.07901875869459
12,104.1925619753107,-0.06731702779043758,38,0.0,0.0,2,120,2100,16.266394575092075,330.0694364206903,0.0,-100.11465878742808
13,48.851502352585186,-51.90792541628969,38,0.0,0.0,2,120,2100,15.810559703983571,29.44815549303985,0.0,-99.86973758351756
14,23.057497622010857,-80.2622714933595,38,0.0,0.0,2,120,2100,16.015181662543146,56.1548064177199,0.0,-99.98330072023505
15,-132.19859211843252,12.016312982965246,38,0.0,0.0,2,120,2100,16.49588758461843,166.03051982749747,0.0,-100.24331197502106
16,178.43284501193347,-78.64073444154133,38,0.0,0.0,2,120,2100,16.23878274170631,59.68520784905604,0.0,-100.1034483783901
17,14.055187224425708,24.467083439590112,38,0.0,0.0,2,120,2100,14.952347967181028,268.08937583383744,0.0,-99.38911141538485
18,108.83705849864987,-39.5703151616604,38,0.0,0.0,2,120,2100,16.268496024065826,11.126352092412503,0.0,-100.11234061781721
19,-145.3479784066012,32.90997532673117,38,0.0,0.0,2,120,2100,16.515591334044743,198.69835806528715,0.0,-100.25557172684053
20,-30.068191000332718,44.10118463726488,38,0.0,0.0,2,120,2100,15.563211335970388,212.6609536692934,0.0,-99.73874741339532
21,3.4980873837598097,53.01841355851528,38,0.0,0.0,2,120,2100,15.592307592264776,242.63074927233072,0.0,-99.75524843315029
22,168.19697136861026,-79.49179421969832,38,0.0,0.0,2,120,2100,16.2281559259547,57.827183331105175,0.0,-100.09768744471329
23,7.020285500274781,90.04009955914213,38,0.0,0.0,2,120,2100,16.120405722975338,239.99509900119904,0.0,-100.04533318314971
24,19.33226304784793,-62.22446518595781,38,0.0,0.0,2,120,2100,15.777679333822125,50.10933603863259,0.0,-99.85347277040464
25,-29.79913369894132,-99.62855327222783,38,0.0,0.0,2,120,2100,16.208641796393845,55.180823959659165,0.0,-100.08713966846759
26,-111.16969944140396,4.231598347558403,38,0.0,0.0,2,120,2100,16.33066763781256,154.5365990536407,0.0,-100.15435822588594
27,-5.407132227586374,-18.36853706091057,38,0.0,0.0,2,120,2100,14.570966715681172,75.84355937876549,0.0,-99.16510393841591
28,-24.080424967484987,55.10221115902229,38,0.0,0.0,2,120,2100,15.689379860136414,224.112889683479,0.0,-99.80870847625053
29,-188.0160061126268,45.515073382498656,38,0.0,0.0,2,120,2100,16.51752817481244,247.79897741889772,0.0,-100.25780210283223
30,82.57393602604452,-8.822119016466573,38,0.0,0.0,2,120,2100,16.034917321018398,338.8955521863934,0.0,-99.99266328262199
31,169.64141619028163,85.20080095286298,38,0.0,0.0,2,120,2100,16.17108756595223,240.864893090632,0.0,-100.07278750205796
0,38.01724478505386,-2.3982734948628206,38,90.0,180.0,3,240,2100,16.146262230859804,81.98275521494611,0.0,-100.01710865335143
1,30.155944982600317,83.41901641968568,38,90.0,180.0,3,240,2100,13.504339419765454,89.84405501739968,0.0,-98.52713188019086
2,4.8917048897884,-65.47646990764858,38,90.0,180.0,3,240,2100,16.666648299310722,115.1082951102116,0.0,-100.33145717357121
3,-75.87667874334198,-93.5537898802784,38,90.0,180.0,3,240,2100,16.793169962593026,15.876678743341927,0.0,-100.08810134248371
4,-183.73374157420523,-53.40462964975581,38,90.0,180.0,3,240,2100,16.58582411543716,303.7337415742052,0.0,-99.50275574429885
5,-13.802827015799068,-35.43142048425081,38,90.0,180.0,3,240,2100,16.45191307079183,133.80282701579904,0.0,-100.21453023954544
6,-81.64572238146506,34.5040512733797,38,90.0,180.0,3,240,2100,15.63646402432728,201.64572238146508,0.0,-99.63042446752938
7,188.41754038360597,34.79206387684826,38,90.0,180.0,3,240,2100,15.631260716296472,291.5824596163941,0.0,-99.23456597256919
8,165.89504456342496,-21.289280601387915,38,90.0,180.0,3,240,2100,16.33228686378829,314.10495543657504,0.0,-99.35195910550507
9,66.32261750680703,-49.396529205716206,38,90.0,180.0,3,240,2100,16.557476504650758,53.677382493192965,0.0,-100.15222543509194
10,-68.91305543202681,-60.12244915150158,38,90.0,180.0,3,240,2100,16.63160518888252,188.91305543202685,0.0,-100.17882102107347
11,163.14808623287178,83.9242321415924,38,90.0,180.0,3,240,2100,13.424463696498464,316.8519137671282,0.0,-98.34690656160487
12,104.1925619753107,-0.06731702779043758,38,90.0,180.0,3,240,2100,16.120711297741227,15.807438024689304,0.0,-99.78077108785243
13,48.851502352585186,-51.90792541628969,38,90.0,180.0,3,240,2100,16.575332338317253,71.14849764741479,0.0,-100.21679853489343
14,23.057497622010857,-80.2622714933595,38,90.0,180.0,3,240,2100,16.757493914733793,96.94250237798911,0.0,-100.36213124155829
15,-132.19859211843252,12.016312982965246,38,90.0,180.0,3,240,2100,15.976653619487358,252.19859211843254,0.0,-99.57766308848778
16,178.43284501193347,-78.64073444154133,38,90.0,180.0,3,240,2100,16.747924513981477,301.56715498806653,0.0,-99.57032424794373
17,14.055187224425708,24.467083439590112,38,90.0,180.0,3,240,2100,15.802706536679723,105.94481277557429,0.0,-99.85904194088103
18,108.83705849864987,-39.5703151616604,38,90.0,180.0,3,240,2100,16.4843776176191,11.162941501350133,0.0,-99.92666201967648
19,-145.3479784066012,32.90997532673117,38,90.0,180.0,3,240,2100,15.664783399794226,265.34797840660116,0.0,-99.37825434208031
20,-30.068191000332718,44.10118463726488,38,90.0,180.0,3,240,2100,15.446593343644883,150.06819100033272,0.0,-99.64610735841504
21,3.4980873837598097,53.01841355851528,38,90.0,180.0,3,240,2100,15.230574208219672,116.50191261624019,0.0,-99.54338887273485
22,168.19697136861026,-79.49179421969832,38,90.0,180.0,3,240,2100,16.752958407250873,311.80302863138974,0.0,-99.49998383277463
23,7.020285500274781,90.04009955914213,38,90.0,180.0,3,240,2100,8.403987899039823,292.97971449972465,0.0,-95.6529644033222
24,19.33226304784793,-62.22446518595781,38,90.0,180.0,3,240,2100,16.645510075473165,100.66773695215204,0.0,-100.31031742949888
25,-29.79913369894132,-99.62855327222783,38,90.0,180.0,3,240,2100,16.758134927214662,329.7991336989413,0.0,-99.37516994582023
26,-111.16969944140396,4.231598347558403,38,90.0,180.0,3,240,2100,16.071804604575988,231.16969944140396,0.0,-99.72500823730266
27,-5.407132227586374,-18.36853706091057,38,90.0,180.0,3,240,2100,16.305691721539283,125.40713222758637,0.0,-100.14047540225724
28,-24.080424967484987,55.10221115902229,38,90.0,180.0,3,240,2100,15.17257756790852,144.080424967485,0.0,-99.50042171591582
29,-188.0160061126268,45.515073382498656,38,90.0,180.0,3,240,2100,15.41530444631719,308.01600611262677,0.0,-99.07631520760064
30,82.57393602604452,-8.822119016466573,38,90.0,180.0,3,240,2100,16.213475387569456,37.42606397395548,0.0,-99.91918261156518
31,169.64141619028163,85.20080095286298,38,90.0,180.0,3,240,2100,13.188604750906759,310.35858380971837,0.0,-98.26157041858576
0,37.741026386546196,-3.2004211113891756,39,-90.0,-180.0,1,0,2100,16.0837557139191,217.74102638654617,0.0,-100.00585349264988
1,29.192850006599087,84.70955851308932,39,-90.0,-180.0,1,0,2100,16.783278821215823,209.1928500065991,0.0,-100.36758682387055
2,0.9456147008232563,-64.28827707903675,39,-90.0,-180.0,1,0,2100,14.867101222349572,180.94561470082326,0.0,-99.3512536926858
3,-76.01529631909655,-94.89014712905981,39,-90.0,-180.0,1,0,2100,13.20737806806034,283.9847036809034,0.0,-98.36165350494043
4,-184.14156799648256,-53.95852529459407,39,-90.0,-180.0,1,0,2100,15.20482444000788,355.8584320035174,0.0,-99.33744969325024
5,-14.07600296208534,-36.86228737637086,39,-90.0,-180.0,1,0,2100,15.593040904402315,165.92399703791466,0.0,-99.75515740358735
6,-82.52798945011021,34.47109699105053,39,-90.0,-180.0,1,0,2100,16.444227448726465,97.47201054988977,0.0,-100.126771569058
7,189.99440777115313,35.29443009767496,39,-90.0,-180.0,1,0,2100,16.45082032036284,9.994407771153135,0.0,-99.88927423275743
8,167.56448390345207,-20.531246159975097,39,-90.0,-180.0,1,0,2100,15.861031036038979,347.56448390345207,0.0,-99.6463588449087
9,66.44989551481001,-48.374541318123946,39,-90.0,-180.0,1,0,2100,15.348866023719259,246.44989551480995,0.0,-99.58749678286756
10,-70.79766256929626,-60.09531578639654,39,-90.0,-180.0,1,0,2100,15.018169271467805,109.20233743070372,0.0,-99.40441331016349
11,163.7074558190455,83.43234792532348,39,-90.0,-180.0,1,0,2100,16.775941489924953,343.7074558190455,0.0,-100.04379443774404
12,100.99404599372212,-0.0714039968857918,39,-90.0,-180.0,1,0,2100,16.119169917873663,280.9940459937221,0.0,-99.93068623106413
13,47.853877349681994,-51.76069606010148,39,-90.0,-180.0,1,0,2100,15.264017960814343,227.85387734968197,0.0,-99.5576792690313
14,22.41320761849269,-80.21804736306497,39,-90.0,-180.0,1,0,2100,13.900693878875382,202.41320761849266,0.0,-98.78175303345762
15,-131.89626828807718,12.086114946380377,39,-90.0,-180.0,1,0,2100,16.245970649554895,48.10373171192282,0.0,-99.91673638905661
16,177.84839145383052,-76.58114058290046,39,-90.0,-180.0,1,0,2100,14.216815646387957,357.8483914538305,0.0,-98.8845647545575
17,11.089160334230002,24.625128407643814,39,-90.0,-180.0,1,0,2100,16.36182096947208,191.08916033423,0.0,-100.16541255849755
18,108.99564387096291,-39.44806165522458,39,-90.0,-180.0,1,0,2100,15.54315530781783,288.9956438709629,0.0,-99.62939006166171
19,-139.53805681584552,34.77910141246363,39,-90.0,-180.0,1,0,2100,16.446698897559486,40.46194318415451,0.0,-99.98534802703297
20,-34.22004120040833,45.55508802791286,39,-90.0,-180.0,1,0,2100,16.529532017965117,145.77995879959167,0.0,-100.23780881121615
21,2.8641724234828416,53.13524260376062,39,-90.0,-180.0,1,0,2100,16.583943838836543,182.8641724234828,0.0,-100.2800594043116
22,167.6810714874137,-79.09235124896995,39,-90.0,-180.0,1,0,2100,14.00961892727614,347.68107148741365,0.0,-98.79282248466903
23,10.483545062357933,87.72982610537619,39,-90.0,-180.0,1,0,2100,16.800418457179994,190.48354506235793,0.0,-100.38610883050887
24,26.35800133929237,-63.28611412819394,39,-90.0,-180.0,1,0,2100,14.905337676881016,206.35800133929234,0.0,-99.36877667770622
25,-29.820106191483916,-99.46920432464525,39,-90.0,-180.0,1,0,2100,13.868199671999223,330.17989380851606,0.0,-98.73035081897198
26,-111.08445219042214,4.214857638225183,39,-90.0,-180.0,1,0,2100,16.165731829175115,68.91554780957784,0.0,-99.9310800060084
27,-6.874318533024024,-17.55160163655748,39,-90.0,-180.0,1,0,2100,15.903028526016694,173.12568146697595,0.0,-99.92461188794219
28,-24.974093148551646,54.54392583028218,39,-90.0,-180.0,1,0,2100,16.5937373487763,155.02590685144833,0.0,-100.27699671030054
29,-187.32266543094767,45.70757717057435,39,-90.0,-180.0,1,0,2100,16.530656309422717,352.67733456905233,0.0,-99.91262362852747
30,83.78564345948803,-7.90485851351302,39,-90.0,-180.0,1,0,2100,16.02803278641973,263.785643459488,0.0,-99.91810730923298
31,163.47843179720957,83.00272063274784,39,-90.0,-180.0,1,0,2100,16.773461212784824,343.47843179720957,0.0,-100.04364130304349
0,37.741026386546196,-3.2004211113891756,39,0.0,0.0,2,120,2100,15.253952162283907,335.21960535413325,0.0,-99.56388342725623
1,29.192850006599087,84.70955851308932,39,0.0,0.0,2,120,2100,16.067302134050312,242.5860177380485,0.0,-100.01661839870913
2,0.9456147008232563,-64.28827707903675,39,0.0,0.0,2,120,2100,15.783589721060308,59.5446983200809,0.0,-99.85725207667738
3,-76.01529631909655,-94.89014712905981,39,0.0,0.0,2,120,2100,16.13299407749959,55.25412337918283,0.0,-100.04669607457107
4,-184.14156799648256,-53.95852529459407,39,0.0,0.0,2,120,2100,16.4559013852601,56.99178268646392,0.0,-100.21777448346462
5,-14.07600296208534,-36.86228737637086,39,0.0,0.0,2,120,2100,15.286253166917522,77.97141043710704,0.0,-99.58160937703101
6,-82.52798945011021,34.47109699105053,39,0.0,0.0,2,120,2100,16.049131008799066,184.69943143185782,0.0,-100.00368765280031
7,189.99440777115313,35.29443009767496,39,0.0,0.0,2,120,2100,16.58645598996423,226.2246788923432,0.0,-100.29418628700438
8,167.56448390345207,-20.531246159975097,39,0.0,0.0,2,120,2100,16.670883073666953,30.10115278461683,0.0,-100.32286971658098
9,66.44989551481001,-48.374541318123946,39,0.0,0.0,2,120,2100,15.932414818070773,20.83295346242255,0.0,-99.93518772660697
10,-70.79766256929626,-60.09531578639654,39,0.0,0.0,2,120,2100,16.009182280139207,88.50795668220132,0.0,-99.9807233504152
11,163.7074558190455,83.43234792532348,39,0.0,0.0,2,120,2100,16.187651486685713,241.84997026088882,0.0,-100.08176753510425
12,100.99404599372212,-0.0714039968857918,39,0.0,0.0,2,120,2100,16.235215408191884,330.0727389734004,0.0,-100.09871588425212
13,47.853877349681994,-51.76069606010148,39,0.0,0.0,2,120,2100,15.801593335452367,29.703257874539304,0.0,-99.86483786343831
14,22.41320761849269,-80.21804736306497,39,0.0,0.0,2,120,2100,16.014151687629557,56.23904890914571,0.0,-99.98274678430458
15,-131.89626828807718,12.086114946380377,39,0.0,0.0,2,120,2100,16.493569565657765,166.0488929928402,0.0,-100.24208286435271
16,177.84839145383052,-76.58114058290046,39,0.0,0.0,2,120,2100,16.25884807497587,59.486800433226904,0.0,-100.11411321279469
17,11.089160334230002,24.625128407643814,39,0.0,0.0,2,120,2100,14.910946225276977,262.76353672306794,0.0,-99.36531934459043
18,108.99564387096291,-39.44806165522458,39,0.0,0.0,2,120,2100,16.26988940039927,11.029902279240332,0.0,-100.11304296677055
19,-139.53805681584552,34.77910141246363,39,0.0,0.0,2,120,2100,16.477453515626845,196.94126508550391,0.0,-100.23512417487154
20,-34.22004120040833,45.55508802791286,39,0.0,0.0,2,120,2100,15.620545532243995,211.11974090837742,0.0,-99.77041582602361
21,2.8641724234828416,53.13524260376062,39,0.0,0.0,2,120,2100,15.594003628807354,242.14582962299318,0.0,-99.75619325971847
22,167.6810714874137,-79.09235124896995,39,0.0,0.0,2,120,2100,16.23183816067416,57.645616902382244,0.0,-100.0996418979019
23,10.483545062357933,87.72982610537619,39,0.0,0.0,2,120,2100,16.09484796123537,240.41327438136085,0.0,-100.03148060423963
24,26.35800133929237,-63.28611412819394,39,0.0,0.0,2,120,2100,15.813538465061514,47.40511493420672,0.0,-99.87299430872382
25,-29.820106191483916,-99.46920432464525,39,0.0,0.0,2,120,2100,16.207222006857226,55.258675519711346,0.0,-100.0863850614076
26,-111.08445219042214,4.214857638225183,39,0.0,0.0,2,120,2100,16.329906788851876,154.51607505236717,0.0,-100.15394643200555
27,-6.874318533024024,-17.55160163655748,39,0.0,0.0,2,120,2100,14.55455705514244,80.72791104010426,0.0,-99.15656287346546
28,-24.974093148551646,54.54392583028218,39,0.0,0.0,2,120,2100,15.68532978241925,223.2655314484117,0.0,-99.80645510669189
29,-187.32266543094767,45.70757717057435,39,0.0,0.0,2,120,2100,16.516786090332157,247.08818345339807,0.0,-100.25743211543717
30,83.78564345948803,-7.90485851351302,39,0.0,0.0,2,120,2100,16.049122882940516,337.95098720273336,0.0,-100.00031177911089
31,163.47843179720957,83.00272063274784,39,0.0,0.0,2,120,2100,16.19183998106087,241.99900070647976,0.0,-100.08403344660847
0,37.741026386546196,-3.2004211113891756,39,90.0,180.0,3,240,2100,16.154906176714384,82.2589736134538,0.0,-100.0223025743979
1,29.192850006599087,84.70955851308932,39,90.0,180.0,3,240,2100,13.286057237560657,90.80714999340091,0.0,-98.39047290032032
2,0.9456147008232563,-64.28827707903675,39,90.0,180.0,3,240,2100,16.658976680130586,119.05438529917672,0.0,-100.32821704058193
3,-76.01529631909655,-94.89014712905981,39,90.0,180.0,3,240,2100,16.785567399259122,16.01529631909648,0.0,-100.08560449842925
4,-184.14156799648256,-53.95852529459407,39,90.0,180.0,3,240,2100,16.589679141989045,304.14156799648254,0.0,-99.50126916642924
5,-14.07600296208534,-36.86228737637086,39,90.0,180.0,3,240,2100,16.463256057852444,134.07600296208534,0.0,-100.22033699473408
6,-82.52798945011021,34.47109699105053,39,90.0,180.0,3,240,2100,15.637057662192118,202.52798945011023,0.0,-99.62781840550899
7,189.99440777115313,35.29443009767496,39,90.0,180.0,3,240,2100,15.62211953510657,290.0055922288468,0.0,-99.23908334899336
8,167.56448390345207,-20.531246159975097,39,90.0,180.0,3,240,2100,16.325452173221834,312.43551609654793,0.0,-99.36030821223399
9,66.44989551481001,-48.374541318123946,39,90.0,180.0,3,240,2100,16.550117981453248,53.55010448518999,0.0,-100.1481388628667
10,-70.79766256929626,-60.09531578639654,39,90.0,180.0,3,240,2100,16.63142443100125,190.79766256929628,0.0,-100.17148723691673
11,163.7074558190455,83.43234792532348,39,90.0,180.0,3,240,2100,13.502311606030304,316.2925441809545,0.0,-98.37655216041276
12,100.99404599372212,-0.0714039968857918,39,90.0,180.0,3,240,2100,16.12075667353456,19.005954006277875,0.0,-99.79540730656457
13,47.853877349681994,-51.76069606010148,39,90.0,180.0,3,240,2100,16.574294300628647,72.14612265031798,0.0,-100.2189839054895
14,22.41320761849269,-80.21804736306497,39,90.0,180.0,3,240,2100,16.75723413978787,97.58679238150728,0.0,-100.36288363199026
15,-131.89626828807718,12.086114946380377,39,90.0,180.0,3,240,2100,15.975758134598042,251.89626828807718,0.0,-99.57882100118215
16,177.84839145383052,-76.58114058290046,39,90.0,180.0,3,240,2100,16.73563641575315,302.1516085461695,0.0,-99.56229369361546
17,11.089160334230002,24.625128407643814,39,90.0,180.0,3,240,2100,15.800291935907982,108.91083966576997,0.0,-99.85943330525895
18,108.99564387096291,-39.44806165522458,39,90.0,180.0,3,240,2100,16.4834336420716,11.004356129037092,0.0,-99.92540702434574
19,-139.53805681584552,34.77910141246363,39,90.0,180.0,3,240,2100,15.631495482195598,259.5380568158455,0.0,-99.39190962165401
20,-34.22004120040833,45.55508802791286,39,90.0,180.0,3,240,2100,15.414404531492982,154.22004120040833,0.0,-99.62295921730254
21,2.8641724234828416,53.13524260376062,39,90.0,180.0,3,240,2100,15.2274100945149,117.13582757651716,0.0,-99.541693971708
22,167.6810714874137,-79.09235124896995,39,90.0,180.0,3,240,2100,16.750598916174912,312.3189285125863,0.0,-99.49564039607398
23,10.483545062357933,87.72982610537619,39,90.0,180.0,3,240,2100,12.440014231453079,109.5164549376421,0.0,-97.83571945664809
24,26.35800133929237,-63.28611412819394,39,90.0,180.0,3,240,2100,16.6524601009392,93.6419986607076,0.0,-100.3044449412752
25,-29.820106191483916,-99.46920432464525,39,90.0,180.0,3,240,2100,16.759069793173108,329.8201061914839,0.0,-99.37528169197982
26,-111.08445219042214,4.214857638225183,39,90.0,180.0,3,240,2100,16.07199977055439,231.08445219042216,0.0,-99.7255037632592
27,-6.874318533024024,-17.55160163655748,39,90.0,180.0,3,240,2100,16.29812467143028,126.874318533024,0.0,-100.13588824768816
28,-24.974093148551646,54.54392583028218,39,90.0,180.0,3,240,2100,15.188448676649324,144.97409314855167,0.0,-99.50844013491455
29,-187.32266543094767,45.70757717057435,39,90.0,180.0,3,240,2100,15.410967663296988,307.3226654309476,0.0,-99.0780879769921
30,83.78564345948803,-7.90485851351302,39,90.0,180.0,3,240,2100,16.204150107652737,36.21435654051197,0.0,-99.90970390791085
31,163.47843179720957,83.00272063274784,39,90.0,180.0,3,240,2100,13.565676535783373,316.5215682027904,0.0,-98.39975491050822
0,39.12809427604964,-3.070329353600897,40,-90.0,-180.0,1,0,2100,16.08525335198521,219.12809427604964,0.0,-100.00545971770559
1,29.454740845526203,85.42086910282794,40,-90.0,-180.0,1,0,2100,16.787341944416315,209.4547408455262,0.0,-100.36935881111981
2,0.21630204541526155,-64.29430610491666,40,-90.0,-180.0,1,0,2100,14.86686670944814,180.21630204541523,0.0,-99.35112243437104
3,-77.97710827147611,-94.9545680303479,40,-90.0,-180.0,1,0,2100,13.22046563884308,282.02289172852386,0.0,-98.3689602177954
4,-183.60866002123564,-52.970060388759826,40,-90.0,-180.0,1,0,2100,15.23188084699544,356.39133997876434,0.0,-99.34834413337529
5,-14.493169790167912,-37.80593533567897,40,-90.0,-180.0,1,0,2100,15.575122797071419,165.50683020983206,0.0,-99.74527656933738
6,-81.80692457196062,34.40593676032134,40,-90.0,-180.0,1,0,2100,16.443703814813507,98.19307542803938,0.0,-100.12793830963365
7,189.82896889138215,35.39753386013584,40,-90.0,-180.0,1,0,2100,16.451642873740756,9.828968891382146,0.0,-99.8890190082565
8,168.00686889878307,-20.009444566006948,40,-90.0,-180.0,1,0,2100,15.868514279208421,348.006868898783,0.0,-99.64840793304468
9,67.27311095542524,-47.049519022480055,40,-90.0,-180.0,1,0,2100,15.38020189635005,247.27311095542524,0.0,-99.60344466811087
10,-70.8489925946252,-59.61063320951837,40,-90.0,-180.0,1,0,2100,15.034246906485306,109.1510074053748,0.0,-99.41313469596642
11,167.2683734031362,82.11188180315392,40,-90.0,-180.0,1,0,2100,16.768298633424237,347.2683734031362,0.0,-100.02764237289999
12,100.60305938430025,0.019330403410307895,40,-90.0,-180.0,1,0,2100,16.120178369604545,280.6030593843002,0.0,-99.93199152208312
13,48.54827386322384,-51.56939483019747,40,-90.0,-180.0,1,0,2100,15.269008225816362,228.5482738632238,0.0,-99.55991066038222
14,22.383996387481687,-80.15831138407226,40,-90.0,-180.0,1,0,2100,13.906782056705943,202.38399638748166,0.0,-98.78547201904249
15,-129.5925081865896,13.223154841036418,40,-90.0,-180.0,1,0,2100,16.257047123806935,50.40749181341039,0.0,-99.92800272774015
16,178.19217035737927,-76.35628112900191,40,-90.0,-180.0,1,0,2100,14.233433758453515,358.19217035737927,0.0,-98.89203918637021
17,6.321325491321346,23.772906320350202,40,-90.0,-180.0,1,0,2100,16.354358331044775,186.32132549132132,0.0,-100.16253945983003
18,108.77430133344416,-38.999314447192255,40,-90.0,-180.0,1,0,2100,15.55199309126941,288.77430133344416,0.0,-99.63419557440764
19,-140.26461231422394,34.53855279301672,40,-90.0,-180.0,1,0,2100,16.44476924137432,39.73538768577606,0.0,-99.9823290857935
20,-36.05439868584952,46.24364239399884,40,-90.0,-180.0,1,0,2100,16.53459867734571,143.9456013141505,0.0,-100.23872761941946
21,6.290093479797747,53.28883920295189,40,-90.0,-180.0,1,0,2100,16.585016350640096,186.29009347979772,0.0,-100.28019795475495
22,172.50174720685692,-78.21797192122551,40,-90.0,-180.0,1,0,2100,14.086729929023326,352.5017472068569,0.0,-98.82705173630693
23,10.389989181864792,87.81215148434651,40,-90.0,-180.0,1,0,2100,16.800881555106375,190.3899891818648,0.0,-100.3863713471384
24,27.472148779822362,-63.65490805133428,40,-90.0,-180.0,1,0,2100,14.891436175097033,207.47214877982233,0.0,-99.36054386451934
25,-29.659810080148446,-99.29506299092132,40,-90.0,-180.0,1,0,2100,13.849638204744487,330.3401899198515,0.0,-98.72071062496575
26,-110.48593120092345,4.337105941143477,40,-90.0,-180.0,1,0,2100,16.16702853599353,69.51406879907654,0.0,-99.93309992562999
27,-9.478452539447431,-15.233406248266661,40,-90.0,-180.0,1,0,2100,15.934525138059007,170.5215474605526,0.0,-99.94102646941576
28,-23.91689009664333,53.525236335716386,40,-90.0,-180.0,1,0,2100,16.586664785578606,156.08310990335667,0.0,-100.27413819589022
29,-188.34825126504867,45.294995773848,40,-90.0,-180.0,1,0,2100,16.527611455024108,351.65174873495135,0.0,-99.91498627819314
30,83.54603171565196,-6.951479722651968,40,-90.0,-180.0,1,0,2100,16.03957896710287,263.54603171565196,0.0,-99.92432749492687
31,158.34745119811828,82.78448567362653,40,-90.0,-180.0,1,0,2100,16.772198962633414,338.3474511981183,0.0,-100.06171848983735
0,39.12809427604964,-3.070329353600897,40,0.0,0.0,2,120,2100,15.289572554592583,334.8583662362108,0.0,-99.58424109528177
1,29.454740845526203,85.42086910282794,40,0.0,0.0,2,120,2100,16.07466141074479,242.25536388072658,0.0,-100.02060673740846
2,0.21630204541526155,-64.29430610491666,40,0.0,0.0,2,120,2100,15.783628112276403,59.895874741993566,0.0,-99.8572938831627
3,-77.97710827147611,-94.9545680303479,40,0.0,0.0,2,120,2100,16.13135205490411,55.153589712268854,0.0,-100.04580559643381
4,-183.60866002123564,-52.970060388759826,40,0.0,0.0,2,120,2100,16.46390222090181,57.28156311270243,0.0,-100.22198021588761
5,-14.493169790167912,-37.80593533567897,40,0.0,0.0,2,120,2100,15.311469585793928,77.87815250636083,0.0,-99.59582358203909
6,-81.80692457196062,34.40593676032134,40,0.0,0.0,2,120,2100,16.04197392789604,184.68047153833714,0.0,-99.99981219161134
7,189.82896889138215,35.39753386013584,40,0.0,0.0,2,120,2100,16.586039994471353,226.49175452393536,0.0,-100.29397098360499
8,168.00686889878307,-20.009444566006948,40,0.0,0.0,2,120,2100,16.67511665647739,30.290149582005597,0.0,-100.32504156349324
9,67.27311095542524,-47.049519022480055,40,0.0,0.0,2,120,2100,15.93413868469389,19.349868188255186,0.0,-99.93590052718163
10,-70.8489925946252,-59.61063320951837,40,0.0,0.0,2,120,2100,16.00775502914758,88.98607900920004,0.0,-99.97995411108535
11,167.2683734031362,82.11188180315392,40,0.0,0.0,2,120,2100,16.201983680379698,241.74894406989233,0.0,-100.08949964456379
12,100.60305938430025,0.019330403410307895,40,0.0,0.0,2,120,2100,16.23133659208845,329.9803338066978,0.0,-100.09675516009071
13,48.54827386322384,-51.56939483019747,40,0.0,0.0,2,120,2100,15.805295413624997,29.25965230842712,0.0,-99.86682785213944
14,22.383996387481687,-80.15831138407226,40,0.0,0.0,2,120,2100,16.013447041134715,56.22035774234894,0.0,-99.98236216463965
15,-129.5925081865896,13.223154841036418,40,0.0,0.0,2,120,2100,16.474893157966203,166.95778251132606,0.0,-100.23214964344118
16,178.19217035737927,-76.35628112900191,40,0.0,0.0,2,120,2100,16.261046373148687,59.56126091572264,0.0,-100.11528588470786
17,6.321325491321346,23.772906320350202,40,0.0,0.0,2,120,2100,14.820937501265185,254.03407701639725,0.0,-99.31339781281122
18,108.77430133344416,-38.999314447192255,40,0.0,0.0,2,120,2100,16.269193693285192,10.539376966894793,0.0,-100.1125559212166
19,-140.26461231422394,34.53855279301672,40,0.0,0.0,2,120,2100,16.482336705239355,197.1151484728844,0.0,-100.23774126085245
20,-36.05439868584952,46.24364239399884,40,0.0,0.0,2,120,2100,15.64559016471579,210.59690609950815,0.0,-99.78422450812411
21,6.290093479797747,53.28883920295189,40,0.0,0.0,2,120,2100,15.600687917618913,244.6706083554443,0.0,-99.75994957242428
22,172.50174720685692,-78.21797192122551,40,0.0,0.0,2,120,2100,16.241983104861298,58.44083340372936,0.0,-100.10508301196603
23,10.389989181864792,87.81215148434651,40,0.0,0.0,2,120,2100,16.095762476489313,240.3947581950128,0.0,-100.03197183044212
24,27.472148779822362,-63.65490805133428,40,0.0,0.0,2,120,2100,15.822050853801766,47.13165574278264,0.0,-99.8776473705397
25,-29.659810080148446,-99.29506299092132,40,0.0,0.0,2,120,2100,16.205819845236103,55.36967045347103,0.0,-100.08564090596894
26,-110.48593120092345,4.337105941143477,40,0.0,0.0,2,120,2100,16.324487260240726,154.6286776741763,0.0,-100.1510387909517
27,-9.478452539447431,-15.233406248266661,40,0.0,0.0,2,120,2100,14.503950576184474,91.16207270483974,0.0,-99.12888907050929
28,-23.91689009664333,53.525236335716386,40,0.0,0.0,2,120,2100,15.664659437864696,223.31588673565733,0.0,-99.79503566522732
29,-188.34825126504867,45.294995773848,40,0.0,0.0,2,120,2100,16.518793285163937,248.17753863376674,0.0,-100.25845010335466
30,83.54603171565196,-6.951479722651968,40,0.0,0.0,2,120,2100,16.04612179857193,336.99537790707916,0.0,-99.99897188125645
31,158.34745119811828,82.78448567362653,40,0.0,0.0,2,120,2100,16.19180818470968,242.67457990620096,0.0,-100.08404598855407
0,39.12809427604964,-3.070329353600897,40,90.0,180.0,3,240,2100,16.153509373769563,80.87190572395036,0.0,-100.01883490397961
1,29.454740845526203,85.42086910282794,40,90.0,180.0,3,240,2100,13.141665021729949,90.5452591544738,0.0,-98.29847749521184
2,0.21630204541526155,-64.29430610491666,40,90.0,180.0,3,240,2100,16.659015755735357,119.78369795458474,0.0,-100.32825951423536
3,-77.97710827147611,-94.9545680303479,40,90.0,180.0,3,240,2100,16.785199443089397,17.977108271476084,0.0,-100.09610964870782
4,-183.60866002123564,-52.970060388759826,40,90.0,180.0,3,240,2100,16.58278914354601,303.6086600212356,0.0,-99.5026040526795
5,-14.493169790167912,-37.80593533567897,40,90.0,180.0,3,240,2100,16.4706668938137,134.49316979016794,0.0,-100.22393107483516
6,-81.80692457196062,34.40593676032134,40,90.0,180.0,3,240,2100,15.63823042116107,201.80692457196062,0.0,-99.63079560635805
7,189.82896889138215,35.39753386013584,40,90.0,180.0,3,240,2100,15.620233053932365,290.17103110861785,0.0,-99.23753609447601
8,168.00686889878307,-20.009444566006948,40,90.0,180.0,3,240,2100,16.320720143740765,311.99313110121693,0.0,-99.36155410606757
9,67.27311095542524,-47.049519022480055,40,90.0,180.0,3,240,2100,16.540496219070427,52.72688904457476,0.0,-100.1404015790025
10,-70.8489925946252,-59.61063320951837,40,90.0,180.0,3,240,2100,16.62819004094673,190.8489925946252,0.0,-100.1697276141323
11,167.2683734031362,82.11188180315392,40,90.0,180.0,3,240,2100,13.6855125806866,312.7316265968638,0.0,-98.44968016190674
12,100.60305938430025,0.019330403410307895,40,90.0,180.0,3,240,2100,16.119748805120587,19.396940615699748,0.0,-99.79668454999948
13,48.54827386322384,-51.56939483019747,40,90.0,180.0,3,240,2100,16.57294392343262,71.45172613677619,0.0,-100.21642132839997
14,22.383996387481687,-80.15831138407226,40,90.0,180.0,3,240,2100,16.75688314022566,97.61600361251828,0.0,-100.3627481208103
15,-129.5925081865896,13.223154841036418,40,90.0,180.0,3,240,2100,15.961057056657484,249.5925081865896,0.0,-99.58406953121158
16,178.19217035737927,-76.35628112900191,40,90.0,180.0,3,240,2100,16.734285654551257,301.80782964262073,0.0,-99.56426467338952
17,6.321325491321346,23.772906320350202,40,90.0,180.0,3,240,2100,15.813243625227209,113.67867450867868,0.0,-99.86858132118309
18,108.77430133344416,-38.999314447192255,40,90.0,180.0,3,240,2100,16.47996099990694,11.225698666555843,0.0,-99.92500352463829
19,-140.26461231422394,34.53855279301672,40,90.0,180.0,3,240,2100,15.63584213671227,260.26461231422394,0.0,-99.39034315286487
20,-36.05439868584952,46.24364239399884,40,90.0,180.0,3,240,2100,15.398790964539938,156.0543986858495,0.0,-99.61179774795092
21,6.290093479797747,53.28883920295189,40,90.0,180.0,3,240,2100,15.22323490272433,113.70990652020225,0.0,-99.53876126706727
22,172.50174720685692,-78.21797192122551,40,90.0,180.0,3,240,2100,16.745414484038704,307.4982527931431,0.0,-99.52792239522614
23,10.389989181864792,87.81215148434651,40,90.0,180.0,3,240,2100,12.403076594230924,109.61001081813521,0.0,-97.81076315143297
24,27.472148779822362,-63.65490805133428,40,90.0,180.0,3,240,2100,16.65486312987553,92.52785122017764,0.0,-100.3039109867751
25,-29.659810080148446,-99.29506299092132,40,90.0,180.0,3,240,2100,16.76009044442966,329.6598100801484,0.0,-99.37668281690387
26,-110.48593120092345,4.337105941143477,40,90.0,180.0,3,240,2100,16.070573702185484,230.48593120092346,0.0,-99.72767598724826
27,-9.478452539447431,-15.233406248266661,40,90.0,180.0,3,240,2100,16.276334725432974,129.4784525394474,0.0,-100.12290951273675
28,-23.91689009664333,53.525236335716386,40,90.0,180.0,3,240,2100,15.216774701568866,143.91689009664333,0.0,-99.52515554008923
29,-188.34825126504867,45.294995773848,40,90.0,180.0,3,240,2100,15.42023948795015,308.34825126504865,0.0,-99.07644970750313
30,83.54603171565196,-6.951479722651968,40,90.0,180.0,3,240,2100,16.194364577253605,36.453968284348036,0.0,-99.90578925285422
31,158.34745119811828,82.78448567362653,40,90.0,180.0,3,240,2100,13.596388560660326,321.6525488018817,0.0,-98.40401795065063
0,39.41016850630024,-3.0909806349598483,41,-90.0,-180.0,1,0,2100,16.085015760695025,219.4101685063002,0.0,-100.0050878191471
1,28.957096769554994,84.37792449962294,41,-90.0,-180.0,1,0,2100,16.781378815559343,208.957096769555,0.0,-100.36685031888219
2,2.698801565141082,-64.42911085043957,41,-90.0,-180.0,1,0,2100,14.861608753443507,182.69880156514105,0.0,-99.34809620100296
3,-79.37985616150125,-95.11021701382607,41,-90.0,-180.0,1,0,2100,13.251397469947136,280.6201438384987,0.0,-98.38722699993279
4,-181.26741217967083,-53.26150996967836,41,-90.0,-180.0,1,0,2100,15.223979064950887,358.7325878203292,0.0,-99.33992172484487
5,-19.703279226648675,-38.71354280092873,41,-90.0,-180.0,1,0,2100,15.557580740545866,160.29672077335135,0.0,-99.73407585981121
6,-81.24420497509826,34.085974922634875,41,-90.0,-180.0,1,0,2100,16.44112858418155,98.75579502490172,0.0,-100.1277414221615
7,189.95288712501758,33.68563473709975,41,-90.0,-180.0,1,0,2100,16.43789705571512,9.952887125017526,0.0,-99.8837905520519
8,162.90536205818688,-20.274147039461724,41,-90.0,-180.0,1,0,2100,15.864725135768998,342.9053620581869,0.0,-99.66068787760331
9,66.608903359191,-45.785972649572926,41,-90.0,-180.0,1,0,2100,15.409196143064788,246.608903359191,0.0,-99.6196769463695
10,-70.53598380006721,-59.448423633989016,41,-90.0,-180.0,1,0,2100,15.039570418147157,109.46401619993281,0.0,-99.41631406403505
11,168.36253716687372,81.92823972514137,41,-90.0,-180.0,1,0,2100,16.767231071390786,348.3625371668737,0.0,-100.02317229806957
12,102.82428096518873,0.052572141920165905,41,-90.0,-180.0,1,0,2100,16.120547574739838,282.8242809651887,0.0,-99.9275068629955
13,45.38569696262249,-53.00648925363446,41,-90.0,-180.0,1,0,2100,15.230896595145579,225.38569696262246,0.0,-99.54120635052895
14,19.7164849926624,-78.97507798271344,41,-90.0,-180.0,1,0,2100,14.02031300313913,199.71648499266237,0.0,-98.85436075790555
15,-124.89248146883962,13.108863797520257,41,-90.0,-180.0,1,0,2100,16.25593928755343,55.107518531160395,0.0,-99.9398670209687
16,177.77868436439314,-76.56726210718165,41,-90.0,-180.0,1,0,2100,14.217849362744447,357.77868436439314,0.0,-98.88510437207373
17,5.6261422851192435,25.086264958169465,41,-90.0,-180.0,1,0,2100,16.36583589556824,185.62614228511922,0.0,-100.16857005018038
18,106.32909098930173,-38.29992762561131,41,-90.0,-180.0,1,0,2100,15.565613195445614,286.32909098930173,0.0,-99.64533065477643
19,-139.7394895267143,34.963284290605145,41,-90.0,-180.0,1,0,2100,16.448173880652682,40.260510473285706,0.0,-99.98539177980454
20,-36.53541467561121,46.2386448054622,41,-90.0,-180.0,1,0,2100,16.53456199541486,143.4645853243888,0.0,-100.238282799575
21,4.625038482351243,52.56703769697748,41,-90.0,-180.0,1,0,2100,16.579966232360313,184.62503848235121,0.0,-100.27787905786087
22,172.08601330377718,-77.26278749284923,41,-90.0,-180.0,1,0,2100,14.16468237326415,352.0860133037772,0.0,-98.86471558051439
23,10.690574861730738,86.16696992893645,41,-90.0,-180.0,1,0,2100,16.7915861293688,190.69057486173074,0.0,-100.38173355335022
24,25.905347744518963,-62.906091831518445,41,-90.0,-180.0,1,0,2100,14.919463083628148,205.90534774451893,0.0,-99.37690010896414
25,-27.80226722486381,-98.62858422552263,41,-90.0,-180.0,1,0,2100,13.775235320357176,332.19773277513616,0.0,-98.68157377078154
26,-110.0465921637218,3.9127753906999487,41,-90.0,-180.0,1,0,2100,16.16252036604831,69.95340783627819,0.0,-99.93194776931153
27,-13.18846821094209,-13.549778836526244,41,-90.0,-180.0,1,0,2100,15.956793783076074,166.81153178905788,0.0,-99.95208133636997
28,-23.925255497980146,51.533254761448745,41,-90.0,-180.0,1,0,2100,16.572688609208583,156.07474450201983,0.0,-100.26712316817917
29,-188.02474559539206,45.68238502587718,41,-90.0,-180.0,1,0,2100,16.530470656697037,351.97525440460794,0.0,-99.91500086245034
30,82.82465168491575,-8.462899728078852,41,-90.0,-180.0,1,0,2100,16.02121208518473,262.82465168491575,0.0,-99.91629156921213
31,157.24539566236484,82.2038791225281,41,-90.0,-180.0,1,0,2100,16.768833011034577,337.24539566236484,0.0,-100.06426344271797
0,39.41016850630024,-3.0909806349598483,41,0.0,0.0,2,120,2100,15.296745874988593,334.8617276432998,0.0,-99.5883339501944
1,28.957096769554994,84.37792449962294,41,0.0,0.0,2,120,2100,16.06377694215536,242.72865841588765,0.0,-100.01470366168157
2,2.698801565141082,-64.42911085043957,41,0.0,0.0,2,120,2100,15.786191330392155,58.709332337444835,0.0,-99.85863796166566
3,-79.37985616150125,-95.11021701382607,41,0.0,0.0,2,120,2100,16.130360389894566,54.976866144737414,0.0,-100.04526838309746
4,-181.26741217967083,-53.26150996967836,41,0.0,0.0,2,120,2100,16.462197188626984,59.05413803855481,0.0,-100.22126114434015
5,-19.703279226648675,-38.71354280092873,41,0.0,0.0,2,120,2100,15.374978982206137,82.81294280048124,0.0,-99.63193184340814
6,-81.24420497509826,34.085974922634875,41,0.0,0.0,2,120,2100,16.036067274169955,184.39839186094304,0.0,-99.99659518256613
7,189.95288712501758,33.68563473709975,41,0.0,0.0,2,120,2100,16.597175947037197,225.46330568776898,0.0,-100.29982807219803
8,162.90536205818688,-20.274147039461724,41,0.0,0.0,2,120,2100,16.655254674678265,21.488777177569546,0.0,-100.31238883071178
9,66.608903359191,-45.785972649572926,41,0.0,0.0,2,120,2100,15.923243350117758,18.235953277154863,0.0,-99.92981977389215
10,-70.53598380006721,-59.448423633989016,41,0.0,0.0,2,120,2100,16.005280314233353,89.09705246459615,0.0,-99.97861630355517
11,168.36253716687372,81.92823972514137,41,0.0,0.0,2,120,2100,16.20414911625175,241.63863333299702,0.0,-100.09066604550415
12,102.82428096518873,0.052572141920165905,41,0.0,0.0,2,120,2100,16.253175395543437,329.9460829176215,0.0,-100.10794257556176
13,45.38569696262249,-53.00648925363446,41,0.0,0.0,2,120,2100,15.794549592002276,31.79571379913739,0.0,-99.86120278953992
14,19.7164849926624,-78.97507798271344,41,0.0,0.0,2,120,2100,15.997529979777068,56.239378986660086,0.0,-99.97374793833991
15,-124.89248146883962,13.108863797520257,41,0.0,0.0,2,120,2100,16.439286825990973,165.84975793975912,0.0,-100.21304826029944
16,177.77868436439314,-76.56726210718165,41,0.0,0.0,2,120,2100,16.258976033949097,59.46961457203588,0.0,-100.1141801031712
17,5.6261422851192435,25.086264958169465,41,0.0,0.0,2,120,2100,14.86545821913059,251.82779460249606,0.0,-99.33981742120785
18,106.32909098930173,-38.29992762561131,41,0.0,0.0,2,120,2100,16.252421793130928,9.452529018729365,0.0,-100.10352572038794
19,-139.7394895267143,34.963284290605145,41,0.0,0.0,2,120,2100,16.477720191635562,197.25525043026965,0.0,-100.23528303951576
20,-36.53541467561121,46.2386448054622,41,0.0,0.0,2,120,2100,15.64975425846282,210.31164354832714,0.0,-99.786511322871
21,4.625038482351243,52.56703769697748,41,0.0,0.0,2,120,2100,15.58495380763712,243.53200253336695,0.0,-99.75116393953473
22,172.08601330377718,-77.26278749284923,41,0.0,0.0,2,120,2100,16.251127260601436,58.21736251346374,0.0,-100.10993674491142
23,10.690574861730738,86.16696992893645,41,0.0,0.0,2,120,2100,16.077213784384426,240.7120721368317,0.0,-100.02192991266877
24,25.905347744518963,-62.906091831518445,41,0.0,0.0,2,120,2100,15.807000776993352,47.40105659160167,0.0,-99.86940940260781
25,-27.80226722486381,-98.62858422552263,41,0.0,0.0,2,120,2100,16.20129985865869,55.951489286561355,0.0,-100.08325793630583
26,-110.0465921637218,3.9127753906999487,41,0.0,0.0,2,120,2100,16.320614905377553,154.16426177430134,0.0,-100.14894428603728
27,-13.18846821094209,-13.549778836526244,41,0.0,0.0,2,120,2100,14.555178495034275,103.43193678815015,0.0,-99.162321716818
28,-23.925255497980146,51.533254761448745,41,0.0,0.0,2,120,2100,15.633770137784815,222.14103018574787,0.0,-99.77793263208376
29,-188.02474559539206,45.68238502587718,41,0.0,0.0,2,120,2100,16.516293009748054,247.76240251855478,0.0,-100.25715201198554
30,82.82465168491575,-8.462899728078852,41,0.0,0.0,2,120,2100,16.037827438299264,338.52872114639047,0.0,-99.99426447100966
31,157.24539566236484,82.2038791225281,41,0.0,0.0,2,120,2100,16.196780688600715,243.031340143543,0.0,-100.0867404165328
0,39.41016850630024,-3.0909806349598483,41,90.0,180.0,3,240,2100,16.153731238124212,80.58983149369976,0.0,-100.01839398700604
1,28.957096769554994,84.37792449962294,41,90.0,180.0,3,240,2100,13.346856339974096,91.042903230445,0.0,-98.42892419763136
2,2.698801565141082,-64.42911085043957,41,90.0,180.0,3,240,2100,16.6598890600514,117.30119843485892,0.0,-100.32849210805169
3,-79.37985616150125,-95.11021701382607,41,90.0,180.0,3,240,2100,16.78430985565093,19.379856161501152,0.0,-100.10326039164389
4,-181.26741217967083,-53.26150996967836,41,90.0,180.0,3,240,2100,16.584825604185088,301.2674121796708,0.0,-99.51907068359846
5,-19.703279226648675,-38.71354280092873,41,90.0,180.0,3,240,2100,16.477743246811333,139.70327922664865,0.0,-100.22265282012279
6,-81.24420497509826,34.085974922634875,41,90.0,180.0,3,240,2100,15.643969245475972,201.24420497509828,0.0,-99.63557490364498
7,189.95288712501758,33.68563473709975,41,90.0,180.0,3,240,2100,15.651103658049019,290.0471128749824,0.0,-99.24979783370664
8,162.90536205818688,-20.274147039461724,41,90.0,180.0,3,240,2100,16.323123432858598,317.0946379418131,0.0,-99.33009730932466
9,66.608903359191,-45.785972649572926,41,90.0,180.0,3,240,2100,16.53123382204533,53.391096640808996,0.0,-100.13823137756836
10,-70.53598380006721,-59.448423633989016,41,90.0,180.0,3,240,2100,16.627105241286063,190.53598380006724,0.0,-100.17041932791652
11,168.36253716687372,81.92823972514137,41,90.0,180.0,3,240,2100,13.708526537454562,311.6374628331263,0.0,-98.46000227096464
12,102.82428096518873,0.052572141920165905,41,90.0,180.0,3,240,2100,16.11937930490312,17.175719034811266,0.0,-99.78642514014426
13,45.38569696262249,-53.00648925363446,41,90.0,180.0,3,240,2100,16.583043911727724,74.61430303737751,0.0,-100.22990469080509
14,19.7164849926624,-78.97507798271344,41,90.0,180.0,3,240,2100,16.749905129938277,100.2835150073376,0.0,-100.362649015619
15,-124.89248146883962,13.108863797520257,41,90.0,180.0,3,240,2100,15.962544563036044,244.89248146883966,0.0,-99.60823906256101
16,177.77868436439314,-76.56726210718165,41,90.0,180.0,3,240,2100,16.73555309867964,302.22131563560686,0.0,-99.56178198721952
17,5.6261422851192435,25.086264958169465,41,90.0,180.0,3,240,2100,15.793213213916681,114.37385771488073,0.0,-99.85760896071693
18,106.32909098930173,-38.29992762561131,41,90.0,180.0,3,240,2100,16.47452461782048,13.670909010698267,0.0,-99.9352690021583
19,-139.7394895267143,34.963284290605145,41,90.0,180.0,3,240,2100,15.62815452437379,259.7394895267143,0.0,-99.38952705195278
20,-36.53541467561121,46.2386448054622,41,90.0,180.0,3,240,2100,15.398905171992492,156.5354146756112,0.0,-99.6111596318722
21,4.625038482351243,52.56703769697748,41,90.0,180.0,3,240,2100,15.242705741530367,115.37496151764879,0.0,-99.55001172883559
22,172.08601330377718,-77.26278749284923,41,90.0,180.0,3,240,2100,16.739720047433728,307.9139866962228,0.0,-99.52323411291083
23,10.690574861730738,86.16696992893645,41,90.0,180.0,3,240,2100,12.963811815587174,109.30942513826926,0.0,-98.18419353483385
24,25.905347744518963,-62.906091831518445,41,90.0,180.0,3,240,2100,16.649977853108542,94.09465225548104,0.0,-100.3038755920639
25,-27.80226722486381,-98.62858422552263,41,90.0,180.0,3,240,2100,16.763987115849893,327.80226722486384,0.0,-99.39075474279204
26,-110.0465921637218,3.9127753906999487,41,90.0,180.0,3,240,2100,16.07551496653767,230.0465921637218,0.0,-99.7320709990995
27,-13.18846821094209,-13.549778836526244,41,90.0,180.0,3,240,2100,16.260206379063096,133.18846821094206,0.0,-100.11189467861718
28,-23.925255497980146,51.533254761448745,41,90.0,180.0,3,240,2100,15.269948181816765,143.92525549798012,0.0,-99.55472023670015
29,-188.02474559539206,45.68238502587718,41,90.0,180.0,3,240,2100,15.411536270215402,308.024745595392,0.0,-99.07497020857576
30,82.82465168491575,-8.462899728078852,41,90.0,180.0,3,240,2100,16.20983375623889,37.17534831508425,0.0,-99.9163722714974
31,157.24539566236484,82.2038791225281,41,90.0,180.0,3,240,2100,13.67378127913816,322.75460433763516,0.0,-98.42996631905629
0,41.22097342138849,-3.3748498315952418,42,-90.0,-180.0,1,0,2100,16.08174413504102,221.22097342138846,0.0,-100.00179177702093
1,28.204733894306116,83.21404299966744,42,-90.0,-180.0,1,0,2100,16.774681964662804,208.20473389430612,0.0,-100.36417410768681
2,2.5729359480988876,-65.24612543752173,42,-90.0,-180.0,1,0,2100,14.829136227926785,182.57293594809886,0.0,-99.32955231797885
3,-81.00910844304899,-95.3970401599004,42,-90.0,-180.0,1,0,2100,13.306006189513422,278.99089155695094,0.0,-98.41971343283583
4,-180.8070451883026,-53.978280743913274,42,-90.0,-180.0,1,0,2100,15.20427615887287,359.1929548116974,0.0,-99.33028882296722
5,-22.27613641609841,-39.17234432263481,42,-90.0,-180.0,1,0,2100,15.548594626571704,157.72386358390156,0.0,-99.7282275726758
6,-81.0113414854172,34.14095871501294,42,-90.0,-180.0,1,0,2100,16.441571596456583,98.98865851458277,0.0,-100.1284050058639
7,189.85208075218566,33.77388811401684,42,-90.0,-180.0,1,0,2100,16.438610330946837,9.8520807521856,0.0,-99.88374679928032
8,158.8356124074806,-20.371129155968944,42,-90.0,-180.0,1,0,2100,15.863333261607677,338.8356124074806,0.0,-99.67099165531195
9,68.26226718486055,-45.32300156364403,42,-90.0,-180.0,1,0,2100,15.419612834166415,248.26226718486055,0.0,-99.62346885324033
10,-68.8697178287905,-59.126859207812245,42,-90.0,-180.0,1,0,2100,15.050040707134041,111.1302821712095,0.0,-99.42353327134684
11,167.4224744880982,82.21779969276798,42,-90.0,-180.0,1,0,2100,16.76891384549058,347.4224744880982,0.0,-100.0273215192417
12,102.06341126068389,0.8784601780381962,42,-90.0,-180.0,1,0,2100,16.12967695049899,282.0634112606839,0.0,-99.93355203760305
13,38.70288788182913,-54.14751624064176,42,-90.0,-180.0,1,0,2100,15.199566937480986,218.7028878818291,0.0,-99.52807322692438
14,21.139925376797947,-78.7215310226051,42,-90.0,-180.0,1,0,2100,14.043050144679382,201.13992537679792,0.0,-98.8679022407116
15,-124.53357618389657,12.587020063269179,42,-90.0,-180.0,1,0,2100,16.250865342480303,55.46642381610343,0.0,-99.93845234802075
16,178.61751371134608,-76.66815079427323,42,-90.0,-180.0,1,0,2100,14.210310363779733,358.6175137113461,0.0,-98.88083118471545
17,5.450786610491718,26.153847482754898,42,-90.0,-180.0,1,0,2100,16.37506950141184,185.4507866104917,0.0,-100.17337556292631
18,106.04102148950659,-38.19096917580146,42,-90.0,-180.0,1,0,2100,15.56771848798076,286.04102148950653,0.0,-99.64687658603916
19,-139.51766975185012,35.401501743847774,42,-90.0,-180.0,1,0,2100,16.45167451567605,40.48233024814988,0.0,-99.98760129476968
20,-36.042210322970675,45.922156260408315,42,-90.0,-180.0,1,0,2100,16.532236247801087,143.95778967702933,0.0,-100.23754629458664
21,1.0428601097052876,51.0968686536261,42,-90.0,-180.0,1,0,2100,16.56960057017304,181.04286010970526,0.0,-100.27292041041439
22,172.78758196175403,-77.96656283432179,42,-90.0,-180.0,1,0,2100,14.107843792164848,352.787581961754,0.0,-98.8369471548141
23,12.325689045708998,84.27861399175072,42,-90.0,-180.0,1,0,2100,16.780809140280223,192.325689045709,0.0,-100.3759436032436
24,27.216779701104514,-63.33107696256118,42,-90.0,-180.0,1,0,2100,14.903653133456423,207.2167797011045,0.0,-99.3675370158446
25,-28.077164143065744,-99.9626829812467,42,-90.0,-180.0,1,0,2100,13.919001152918117,331.9228358569342,0.0,-98.7557347186208
26,-110.71058331533447,3.1394632321520533,42,-90.0,-180.0,1,0,2100,16.154251911249435,69.28941668466553,0.0,-99.92644950434882
27,-15.47305745226717,-11.45184666013077,42,-90.0,-180.0,1,0,2100,15.983865809716713,164.5269425477328,0.0,-99.96581241451956
28,-24.246291390111907,51.68858402781737,42,-90.0,-180.0,1,0,2100,16.57378548276009,155.75370860988812,0.0,-100.26748048248045
29,-188.02483242037155,45.6818321564393,42,-90.0,-180.0,1,0,2100,16.530466581956404,351.9751675796284,0.0,-99.91499357032174
30,83.80453810682269,-8.992169392446854,42,-90.0,-180.0,1,0,2100,16.014699775344777,263.80453810682263,0.0,-99.91133292176566
31,151.62077991156156,83.33259870309973,42,-90.0,-180.0,1,0,2100,16.77536617675806,331.62077991156156,0.0,-100.08678153582787
0,41.22097342138849,-3.3748498315952418,42,0.0,0.0,2,120,2100,15.341845871246438,335.1137506356316,0.0,-99.61402403542223
1,28.204733894306116,83.21404299966744,42,0.0,0.0,2,120,2100,16.051243492378447,243.2188933387808,0.0,-100.00791010781741
2,2.5729359480988876,-65.24612543752173,42,0.0,0.0,2,120,2100,15.798728704497309,58.81421731649198,0.0,-99.86552139947325
3,-81.00910844304899,-95.3970401599004,42,0.0,0.0,2,120,2100,16.12927808651748,54.668887786922824,0.0,-100.04466846003317
4,-180.8070451883026,-53.978280743913274,42,0.0,0.0,2,120,2100,16.456575384787527,59.41321972218793,0.0,-100.21835977425908
5,-22.27613641609841,-39.17234432263481,42,0.0,0.0,2,120,2100,15.407985259886125,84.94996890294618,0.0,-99.65054827132019
6,-81.0113414854172,34.14095871501294,42,0.0,0.0,2,120,2100,16.033801898514916,184.47057109853222,0.0,-99.99537025254632
7,189.85208075218566,33.77388811401684,42,0.0,0.0,2,120,2100,16.596768764535405,225.64894638783863,0.0,-100.29961276879864
8,158.8356124074806,-20.371129155968944,42,0.0,0.0,2,120,2100,16.63712459790072,15.804045923632316,0.0,-100.30140417669452
9,68.26226718486055,-45.32300156364403,42,0.0,0.0,2,120,2100,15.93638862917987,17.433322353737594,0.0,-99.93682654083143
10,-68.8697178287905,-59.126859207812245,42,0.0,0.0,2,120,2100,15.993895777707436,89.14637597872198,0.0,-99.97245402761932
11,167.4224744880982,82.21779969276798,42,0.0,0.0,2,120,2100,16.20097332791204,241.70465076949944,0.0,-100.08894779895759
12,102.06341126068389,0.8784601780381962,42,0.0,0.0,2,120,2100,16.245734126546434,329.10170584467596,0.0,-100.10439320495828
13,38.70288788182913,-54.14751624064176,42,0.0,0.0,2,120,2100,15.760127523563959,35.6846979468537,0.0,-99.84264907135584
14,21.139925376797947,-78.7215310226051,42,0.0,0.0,2,120,2100,15.995778876217177,55.88617536961749,0.0,-99.97279056982613
15,-124.53357618389657,12.587020063269179,42,0.0,0.0,2,120,2100,16.437133787061487,165.16558363795417,0.0,-100.21185886579215
16,178.61751371134608,-76.66815079427323,42,0.0,0.0,2,120,2100,16.258061323998714,59.67241791089043,0.0,-100.1137014189143
17,5.450786610491718,26.153847482754898,42,0.0,0.0,2,120,2100,14.903940811079925,250.94806819263835,0.0,-99.36244932937336
18,106.04102148950659,-38.19096917580146,42,0.0,0.0,2,120,2100,16.250440148020445,9.30161929116025,0.0,-100.10245756468807
19,-139.51766975185012,35.401501743847774,42,0.0,0.0,2,120,2100,16.47463938833649,197.58887993501128,0.0,-100.23366303820968
20,-36.042210322970675,45.922156260408315,42,0.0,0.0,2,120,2100,15.641436273262268,210.3281080872971,0.0,-99.78193560305296
21,1.0428601097052876,51.0968686536261,42,0.0,0.0,2,120,2100,15.554027099115547,240.84146916471894,0.0,-99.73388949980138
22,172.78758196175403,-77.96656283432179,42,0.0,0.0,2,120,2100,16.244507088691407,58.46697650790759,0.0,-100.10642918079326
23,12.325689045708998,84.27861399175072,42,0.0,0.0,2,120,2100,16.055850689015355,241.22522424605557,0.0,-100.01033906461439
24,27.216779701104514,-63.33107696256118,42,0.0,0.0,2,120,2100,15.816988030098228,47.06266001622669,0.0,-99.8748526069962
25,-28.077164143065744,-99.9626829812467,42,0.0,0.0,2,120,2100,16.213052303178692,55.273873128366176,0.0,-100.08948919294245
26,-110.71058331533447,3.1394632321520533,42,0.0,0.0,2,120,2100,16.32677968931052,153.35587544951278,0.0,-100.15222400481046
27,-15.47305745226717,-11.45184666013077,42,0.0,0.0,2,120,2100,14.573309329914254,112.7896146217173,0.0,-99.1748490301435
28,-24.246291390111907,51.68858402781737,42,0.0,0.0,2,120,2100,15.637983619957323,222.02421696027255,0.0,-99.78025916299171
29,-188.02483242037155,45.6818321564393,42,0.0,0.0,2,120,2100,16.516296977016594,247.7626329613629,0.0,-100.25714783133701
30,83.80453810682269,-8.992169392446854,42,0.0,0.0,2,120,2100,16.049552774382704,339.04412589151406,0.0,-100.00026997262557
31,151.62077991156156,83.33259870309973,42,0.0,0.0,2,120,2100,16.183075239870654,243.18016290754775,0.0,-100.07934902992861
0,41.22097342138849,-3.3748498315952418,42,90.0,180.0,3,240,2100,16.156775971712904,78.77902657861148,0.0,-100.01631985693082
1,28.204733894306116,83.21404299966744,42,90.0,180.0,3,240,2100,13.535010493892795,91.79526610569388,0.0,-98.5467607757345
2,2.5729359480988876,-65.24612543752173,42,90.0,180.0,3,240,2100,16.66516566172688,117.42706405190108,0.0,-100.33121547825772
3,-81.00910844304899,-95.3970401599004,42,90.0,180.0,3,240,2100,16.782668487115465,21.009108443048945,0.0,-100.1111989197231
4,-180.8070451883026,-53.978280743913274,42,90.0,180.0,3,240,2100,16.58981636271042,300.80704518830254,0.0,-99.52384087938822
5,-22.27613641609841,-39.17234432263481,42,90.0,180.0,3,240,2100,16.481301425034417,142.27613641609838,0.0,-100.22148074954396
6,-81.0113414854172,34.14095871501294,42,90.0,180.0,3,240,2100,15.642985398655544,201.01134148541718,0.0,-99.63583277939787
7,189.85208075218566,33.77388811401684,42,90.0,180.0,3,240,2100,15.649535273354827,290.14791924781434,0.0,-99.24869452999525
8,158.8356124074806,-20.371129155968944,42,90.0,180.0,3,240,2100,16.32400251005008,321.1643875925194,0.0,-99.3046778390318
9,68.26226718486055,-45.32300156364403,42,90.0,180.0,3,240,2100,16.527818431561606,51.73773281513945,0.0,-100.13052645458295
10,-68.8697178287905,-59.126859207812245,42,90.0,180.0,3,240,2100,16.624951248309177,188.8697178287905,0.0,-100.17576392930488
11,167.4224744880982,82.21779969276798,42,90.0,180.0,3,240,2100,13.671994108656117,312.5775255119018,0.0,-98.44487558268327
12,102.06341126068389,0.8784601780381962,42,90.0,180.0,3,240,2100,16.110154995185642,17.936588739316107,0.0,-99.78548869721415
13,38.70288788182913,-54.14751624064176,42,90.0,180.0,3,240,2100,16.59099109615955,81.2971121181709,0.0,-100.24990978156468
14,21.139925376797947,-78.7215310226051,42,90.0,180.0,3,240,2100,16.748403503996524,98.86007462320208,0.0,-100.36014913773214
15,-124.53357618389657,12.587020063269179,42,90.0,180.0,3,240,2100,15.969308422303904,244.53357618389657,0.0,-99.61305274328166
16,178.61751371134608,-76.66815079427323,42,90.0,180.0,3,240,2100,16.736158608663445,301.3824862886539,0.0,-99.56783751666389
17,5.450786610491718,26.153847482754898,42,90.0,180.0,3,240,2100,15.77663030350029,114.54921338950828,0.0,-99.84841038091967
18,106.04102148950659,-38.19096917580146,42,90.0,180.0,3,240,2100,16.473675009120207,13.95897851049341,0.0,-99.93636320437253
19,-139.51766975185012,35.401501743847774,42,90.0,180.0,3,240,2100,15.620160382723226,259.5176697518501,0.0,-99.38714448225156
20,-36.042210322970675,45.922156260408315,42,90.0,180.0,3,240,2100,15.406111290757561,156.04221032297067,0.0,-99.6158347675805
21,1.0428601097052876,51.0968686536261,42,90.0,180.0,3,240,2100,15.281228815917482,118.95713989029468,0.0,-99.57198881064672
22,172.78758196175403,-77.96656283432179,42,90.0,180.0,3,240,2100,16.743918822612653,307.21241803824597,0.0,-99.52945953696886
23,12.325689045708998,84.27861399175072,42,90.0,180.0,3,240,2100,13.364366495567394,107.674310954291,0.0,-98.4426386369366
24,27.216779701104514,-63.33107696256118,42,90.0,180.0,3,240,2100,16.652753384116803,92.78322029889546,0.0,-100.30324455492742
25,-28.077164143065744,-99.9626829812467,42,90.0,180.0,3,240,2100,16.756171817951483,328.0771641430657,0.0,-99.38665906906965
26,-110.71058331533447,3.1394632321520533,42,90.0,180.0,3,240,2100,16.084457750482922,230.71058331533447,0.0,-99.7331014908336
27,-15.47305745226717,-11.45184666013077,42,90.0,180.0,3,240,2100,16.239738197599966,135.47305745226714,0.0,-100.09902313907676
28,-24.246291390111907,51.68858402781737,42,90.0,180.0,3,240,2100,15.265901993695364,144.24629139011188,0.0,-99.55217282877256
29,-188.02483242037155,45.6818321564393,42,90.0,180.0,3,240,2100,15.411548745297322,308.0248324203715,0.0,-99.07497324240815
30,83.80453810682269,-8.992169392446854,42,90.0,180.0,3,240,2100,16.2151946809915,36.19546189317731,0.0,-99.91512030999904
31,151.62077991156156,83.33259870309973,42,90.0,180.0,3,240,2100,13.517385360965937,328.37922008843844,0.0,-98.36741577417943
0,43.27594908794322,-1.7534174201212807,43,-90.0,-180.0,1,0,2100,16.100288912837527,223.2759490879432,0.0,-100.00958706249193
1,28.167945198625233,83.38751619208969,43,-90.0,-180.0,1,0,2100,16.77568295957073,208.16794519862523,0.0,-100.36469184881724
2,3.2328674120041967,-64.9584486784887,43,-90.0,-180.0,1,0,2100,14.840690697063847,183.23286741200417,0.0,-99.33611523371684
3,-81.07868669554267,-96.9318819464134,43,-90.0,-180.0,1,0,2100,13.556286477683319,278.92131330445727,0.0,-98.56815929470052
4,-179.7713611433397,-55.61306781487121,43,-90.0,-180.0,1,0,2100,15.157830715391524,0.22863885666026817,0.0,-99.30866036954626
5,-23.538564211179192,-39.82350590615836,43,-90.0,-180.0,1,0,2100,15.53570069121084,156.46143578882084,0.0,-99.72065834319133
6,-77.13117742216392,34.2368553376844,43,-90.0,-180.0,1,0,2100,16.44234377992124,102.86882257783611,0.0,-100.13605444876295
7,188.3520335638499,32.92667873162793,43,-90.0,-180.0,1,0,2100,16.431741983118904,8.35203356384983,0.0,-99.87582025549455
8,160.58085058531935,-20.589640981809055,43,-90.0,-180.0,1,0,2100,15.860190091471878,340.58085058531935,0.0,-99.66493189644721
9,68.24829181176926,-45.7336746998878,43,-90.0,-180.0,1,0,2100,15.410378279970653,248.24829181176926,0.0,-99.61854666643684
10,-69.67599922717912,-59.54316696020068,43,-90.0,-180.0,1,0,2100,15.036464506178739,110.32400077282091,0.0,-99.41540984008893
11,174.58375951460442,80.9740002380978,43,-90.0,-180.0,1,0,2100,16.761665392377317,354.5837595146044,0.0,-99.99766443223459
12,105.20883193397952,1.8844798588220044,43,-90.0,-180.0,1,0,2100,16.140686072397838,285.20883193397947,0.0,-99.93216653316946
13,35.170617510065085,-52.14622739154522,43,-90.0,-180.0,1,0,2100,15.253884725128794,215.17061751006506,0.0,-99.56004921082557
14,26.396067244485465,-79.28685712091844,43,-90.0,-180.0,1,0,2100,13.991625972979042,206.39606724448544,0.0,-98.83643670581226
15,-123.62936121807613,12.166086076183774,43,-90.0,-180.0,1,0,2100,16.24675371212612,56.370638781923844,0.0,-99.93886070722222
16,179.98711832054767,-79.71456711709745,43,-90.0,-180.0,1,0,2100,13.950883324655077,359.98711832054767,0.0,-98.7573754475553
17,4.756609456138591,28.29801836022122,43,-90.0,-180.0,1,0,2100,16.393360936095497,184.75660945613856,0.0,-100.182862622232
18,105.52734020430881,-38.55942675246004,43,-90.0,-180.0,1,0,2100,15.560581238788052,285.5273402043088,0.0,-99.64417120632937
19,-139.65197932882708,34.669944122770545,43,-90.0,-180.0,1,0,2100,16.445823710496217,40.34802067117289,0.0,-99.98461152204459
20,-36.9103108766752,46.228975492682025,43,-90.0,-180.0,1,0,2100,16.534491019552586,143.08968912332477,0.0,-100.23790360888792
21,0.007656536690547,51.25979690221274,43,-90.0,-180.0,1,0,2100,16.570754630099213,180.00765653669052,0.0,-100.273525657088
22,176.1016982238337,-78.55222030311226,43,-90.0,-180.0,1,0,2100,14.057950423257001,356.1016982238337,0.0,-98.81079758166251
23,11.55305738170847,82.02932419649682,43,-90.0,-180.0,1,0,2100,16.76781884429994,191.55305738170847,0.0,-100.36982550735007
24,27.122582242350944,-65.51573512343798,43,-90.0,-180.0,1,0,2100,14.81818486846522,207.12258224235092,0.0,-99.31910269769826
25,-27.89639206145918,-99.57475657660333,43,-90.0,-180.0,1,0,2100,13.879284890436256,332.1036079385408,0.0,-98.73530217428987
26,-112.61560104582901,2.872405939019444,43,-90.0,-180.0,1,0,2100,16.151380508988733,67.38439895417099,0.0,-99.92070330701378
27,-16.206782029260097,-9.377378247644856,43,-90.0,-180.0,1,0,2100,16.009933228743165,163.79321797073987,0.0,-99.97942681861159
28,-23.9813800876031,51.44013690846805,43,-90.0,-180.0,1,0,2100,16.572030470647356,156.01861991239684,0.0,-100.26675126962068
29,-188.32827004351606,45.99402371864244,43,-90.0,-180.0,1,0,2100,16.532764847865742,351.67172995648394,0.0,-99.91702078207192
30,84.65206852193757,-9.435403567205782,43,-90.0,-180.0,1,0,2100,16.00921325458823,264.65206852193757,0.0,-99.90711807143616
31,151.2987378113594,83.96690383615751,43,-90.0,-180.0,1,0,2100,16.779018965206607,331.29873781135944,0.0,-100.08941399425166
0,43.27594908794322,-1.7534174201212807,43,0.0,0.0,2,120,2100,15.388409089265368,332.5569186981353,0.0,-99.64040601798207
1,28.167945198625233,83.38751619208969,43,0.0,0.0,2,120,2100,16.053034604415934,243.13228222480166,0.0,-100.00888419892532
2,3.2328674120041967,-64.9584486784887,43,0.0,0.0,2,120,2100,15.794557256981054,58.4907843496552,0.0,-99.86322413310504
3,-81.07868669554267,-96.9318819464134,43,0.0,0.0,2,120,2100,16.131808993454097,53.151176901501685,0.0,-100.04593728686255
4,-179.7713611433397,-55.61306781487121,43,0.0,0.0,2,120,2100,16.44354853057737,60.156474904680834,0.0,-100.21161011720451
5,-23.538564211179192,-39.82350590615836,43,0.0,0.0,2,120,2100,15.432177947148242,85.59137114362656,0.0,-99.66409148223892
6,-77.13117742216392,34.2368553376844,43,0.0,0.0,2,120,2100,15.994523693386869,184.91788751331023,0.0,-99.97407820957392
7,188.3520335638499,32.92667873162793,43,0.0,0.0,2,120,2100,16.60476351644955,227.3577619564992,0.0,-100.30384567543707
8,160.58085058531935,-20.589640981809055,43,0.0,0.0,2,120,2100,16.643970984968746,18.49037365391439,0.0,-100.30576041246464
9,68.24829181176926,-45.7336746998878,43,0.0,0.0,2,120,2100,15.937762796252224,17.8450986883949,0.0,-99.93763340599806
10,-69.67599922717912,-59.54316696020068,43,0.0,0.0,2,120,2100,16.000426853673034,88.87330568646496,0.0,-99.97598667562868
11,174.58375951460442,80.9740002380978,43,0.0,0.0,2,120,2100,16.215125957177374,240.85902264935703,0.0,-100.09655239863692
12,105.20883193397952,1.8844798588220044,43,0.0,0.0,2,120,2100,16.276021102062106,328.04717472982986,0.0,-100.1201918757599
13,35.170617510065085,-52.14622739154522,43,0.0,0.0,2,120,2100,15.712708628099746,35.883459236045724,0.0,-99.81646985024979
14,26.396067244485465,-79.28685712091844,43,0.0,0.0,2,120,2100,16.007354155250482,55.192242472193016,0.0,-99.97901346516569
15,-123.62936121807613,12.166086076183774,43,0.0,0.0,2,120,2100,16.430528751430444,164.51634546235056,0.0,-100.20830531454013
16,179.98711832054767,-79.71456711709745,43,0.0,0.0,2,120,2100,16.228174376196282,59.99766238520692,0.0,-100.0978212254663
17,4.756609456138591,28.29801836022122,43,0.0,0.0,2,120,2100,14.975739641871364,248.75576899099417,0.0,-99.40453382781861
18,105.52734020430881,-38.55942675246004,43,0.0,0.0,2,120,2100,16.245940924389096,9.6018323558568,0.0,-100.1001812015625
19,-139.65197932882708,34.669944122770545,43,0.0,0.0,2,120,2100,16.47852947302425,196.89171744047752,0.0,-100.23569274307187
20,-36.9103108766752,46.228975492682025,43,0.0,0.0,2,120,2100,15.652942611749598,210.08656538509973,0.0,-99.78827137590288
21,0.007656536690547,51.25979690221274,43,0.0,0.0,2,120,2100,15.557060782357748,240.00614286814346,0.0,-99.73557639148396
22,176.1016982238337,-78.55222030311226,43,0.0,0.0,2,120,2100,16.23943346812867,59.211239651082224,0.0,-100.10377446897557
23,11.55305738170847,82.02932419649682,43,0.0,0.0,2,120,2100,16.029209862204965,241.60628659596188,0.0,-99.995855207776
24,27.122582242350944,-65.51573512343798,43,0.0,0.0,2,120,2100,15.844856393237027,48.271301118326164,0.0,-99.890212309702
25,-27.89639206145918,-99.57475657660333,43,0.0,0.0,2,120,2100,16.20973755551958,55.48740061329988,0.0,-100.08774168185617
26,-112.61560104582901,2.872405939019444,43,0.0,0.0,2,120,2100,16.34386788724087,153.1112245759038,0.0,-100.16139216704067
27,-16.206782029260097,-9.377378247644856,43,0.0,0.0,2,120,2100,14.546590238843306,119.38765098598788,0.0,-99.16006834725937
28,-23.9813800876031,51.44013690846805,43,0.0,0.0,2,120,2100,15.63261816302364,222.04815898975835,0.0,-99.7772929928584
29,-188.32827004351606,45.99402371864244,43,0.0,0.0,2,120,2100,16.513694951517948,247.96420618764824,0.0,-100.25578284959138
30,84.65206852193757,-9.435403567205782,43,0.0,0.0,2,120,2100,16.05956026099143,339.4759081965043,0.0,-100.00537036383436
31,151.2987378113594,83.96690383615751,43,0.0,0.0,2,120,2100,16.17707440616132,242.9056135759928,0.0,-100.07609857569514
0,43.27594908794322,-1.7534174201212807,43,90.0,180.0,3,240,2100,16.13925867151738,76.72405091205678,0.0,-100.00253210000955
1,28.167945198625233,83.38751619208969,43,90.0,180.0,3,240,2100,13.509114547277939,91.8320548013748,0.0,-98.53069359941315
2,3.2328674120041967,-64.9584486784887,43,90.0,180.0,3,240,2100,16.66331090619556,116.76713258799583,0.0,-100.33014959181243
3,-81.07868669554267,-96.9318819464134,43,90.0,180.0,3,240,2100,16.77383915516489,21.078686695542615,0.0,-100.10772012525271
4,-179.7713611433397,-55.61306781487121,43,90.0,180.0,3,240,2100,16.60110678518785,299.77136114333973,0.0,-99.53460491669715
5,-23.538564211179192,-39.82350590615836,43,90.0,180.0,3,240,2100,16.486329790622506,143.53856421117916,0.0,-100.22249708339359
6,-77.13117742216392,34.2368553376844,43,90.0,180.0,3,240,2100,15.641267162625391,197.1311774221639,0.0,-99.64739066951472
7,188.3520335638499,32.92667873162793,43,90.0,180.0,3,240,2100,15.66449077693442,291.6479664361501,0.0,-99.24667197507061
8,160.58085058531935,-20.589640981809055,43,90.0,180.0,3,240,2100,16.325980344207412,319.41914941468065,0.0,-99.31631663134563
9,68.24829181176926,-45.7336746998878,43,90.0,180.0,3,240,2100,16.53084859801177,51.75170818823074,0.0,-100.13206966399045
10,-69.67599922717912,-59.54316696020068,43,90.0,180.0,3,240,2100,16.627738993717035,189.6759992271791,0.0,-100.17403666739924
11,174.58375951460442,80.9740002380978,43,90.0,180.0,3,240,2100,13.82026411056855,305.4162404853956,0.0,-98.51288449766298
12,105.20883193397952,1.8844798588220044,43,90.0,180.0,3,240,2100,16.098802624712654,14.791168066020475,0.0,-99.76567676044985
13,35.170617510065085,-52.14622739154522,43,90.0,180.0,3,240,2100,16.57701020159602,84.82938248993491,0.0,-100.25021923246815
14,26.396067244485465,-79.28685712091844,43,90.0,180.0,3,240,2100,16.751748548765995,93.6039327555145,0.0,-100.35431710060695
15,-123.62936121807613,12.166086076183774,43,90.0,180.0,3,240,2100,15.974731203519319,243.6293612180761,0.0,-99.61996381345915
16,179.98711832054767,-79.71456711709745,43,90.0,180.0,3,240,2100,16.754271902179152,300.01288167945233,0.0,-99.58325949796426
17,4.756609456138591,28.29801836022122,43,90.0,180.0,3,240,2100,15.742470033608814,115.24339054386138,0.0,-99.82951162770384
18,105.52734020430881,-38.55942675246004,43,90.0,180.0,3,240,2100,16.4765451725915,14.472659795691186,0.0,-99.94031628797273
19,-139.65197932882708,34.669944122770545,43,90.0,180.0,3,240,2100,15.633470269441098,259.6519793288271,0.0,-99.39222008383494
20,-36.9103108766752,46.228975492682025,43,90.0,180.0,3,240,2100,15.39912610305521,156.91031087667517,0.0,-99.61073489533803
21,0.007656536690547,51.25979690221274,43,90.0,180.0,3,240,2100,15.277031972719119,119.99234346330945,0.0,-99.56965478226368
22,176.1016982238337,-78.55222030311226,43,90.0,180.0,3,240,2100,16.74739950813838,303.89830177616625,0.0,-99.55381109826152
23,11.55305738170847,82.02932419649682,43,90.0,180.0,3,240,2100,13.695924249936333,108.44694261829153,0.0,-98.65029131721691
24,27.122582242350944,-65.51573512343798,43,90.0,180.0,3,240,2100,16.666900815052884,92.87741775764903,0.0,-100.31057935036162
25,-27.89639206145918,-99.57475657660333,43,90.0,180.0,3,240,2100,16.758450638574484,327.89639206145915,0.0,-99.38855622558896
26,-112.61560104582901,2.872405939019444,43,90.0,180.0,3,240,2100,16.08752758604021,232.615601045829,0.0,-99.72539757912566
27,-16.206782029260097,-9.377378247644856,43,90.0,180.0,3,240,2100,16.219078435419387,136.20678202926007,0.0,-100.08716186572123
28,-23.9813800876031,51.44013690846805,43,90.0,180.0,3,240,2100,15.272365992457587,143.9813800876031,0.0,-99.55601163801953
29,-188.32827004351606,45.99402371864244,43,90.0,180.0,3,240,2100,15.404479493691872,308.328270043516,0.0,-99.07110207228239
30,84.65206852193757,-9.435403567205782,43,90.0,180.0,3,240,2100,16.21966215358313,35.347931478062435,0.0,-99.91391688981888
31,151.2987378113594,83.96690383615751,43,90.0,180.0,3,240,2100,13.417415668241699,328.7012621886406,0.0,-98.33218286739222
0,43.19481317289217,-1.53312359454047,44,-90.0,-180.0,1,0,2100,16.10278214587778,223.19481317289214,0.0,-100.0109798590541
1,26.734562856549616,83.49398429353084,44,-90.0,-180.0,1,0,2100,16.776296818188854,206.73456285654962,0.0,-100.36604818473643
2,-1.253069108453019,-65.32872023257949,44,-90.0,-180.0,1,0,2100,14.825794009049023,178.74693089154698,0.0,-99.32767824092923
3,-80.89334843888132,-97.68547204210864,44,-90.0,-180.0,1,0,2100,13.659486808070222,279.10665156111867,0.0,-98.6282245579603
4,-179.18448735698854,-53.39171747853842,44,-90.0,-180.0,1,0,2100,15.22042859887811,0.8155126430114592,0.0,-99.33739864835005
5,-23.511502727879247,-39.79763093140318,44,-90.0,-180.0,1,0,2100,15.536216237410146,156.48849727212075,0.0,-99.72097190472103
6,-72.15363235032636,31.608091175933566,44,-90.0,-180.0,1,0,2100,16.42095742074894,107.84636764967365,0.0,-100.13436267492827
7,186.49484681292694,31.8575515923211,44,-90.0,-180.0,1,0,2100,16.423006666650263,6.49484681292688,0.0,-99.8658883763444
8,161.4306139312962,-21.90612644568965,44,-90.0,-180.0,1,0,2100,15.841041218825277,341.43061393129614,0.0,-99.65418329889411
9,68.408320813113,-47.20836920348951,44,-90.0,-180.0,1,0,2100,15.376496591542907,248.40832081311294,0.0,-99.60025800791364
10,-69.9741060411846,-58.72173682830101,44,-90.0,-180.0,1,0,2100,15.063077516421478,110.0258939588154,0.0,-99.42963678298317
11,179.08028692402831,81.26429161851266,44,-90.0,-180.0,1,0,2100,16.763361821103743,359.0802869240283,0.0,-99.98117692947504
12,109.73182575865928,3.3834510994251588,44,-90.0,-180.0,1,0,2100,16.15686808292794,289.7318257586593,0.0,-99.92994243394715
13,38.035005846551485,-47.26818665226484,44,-90.0,-180.0,1,0,2100,15.375097736607588,218.03500584655146,0.0,-99.6251752113322
14,26.241581746352068,-78.53541114619031,44,-90.0,-180.0,1,0,2100,14.059417678527423,206.24158174635207,0.0,-98.87714865977357
15,-123.71014459618452,12.167845292993803,44,-90.0,-180.0,1,0,2100,16.246770931162075,56.289855403815466,0.0,-99.93869298826446
16,180.95518731235177,-82.0617571099874,44,-90.0,-180.0,1,0,2100,13.69184692420227,0.955187312351768,0.0,-98.6327602619481
17,6.633176670289714,27.332221464996522,44,-90.0,-180.0,1,0,2100,16.385163327581242,186.63317667028969,0.0,-100.17837796314437
18,103.26162550999021,-37.321925530791866,44,-90.0,-180.0,1,0,2100,15.58435333556421,283.2616255099902,0.0,-99.6600899230583
19,-139.924549606014,34.67007706732133,44,-90.0,-180.0,1,0,2100,16.445824776867678,40.07545039398599,0.0,-99.98380938789883
20,-37.033027139887736,46.26583469653542,44,-90.0,-180.0,1,0,2100,16.534761550955533,142.96697286011226,0.0,-100.23791819314512
21,-0.4936775320758784,51.24879286170915,44,-90.0,-180.0,1,0,2100,16.570676727761313,179.50632246792406,0.0,-100.27348190431641
22,177.5502014940713,-79.77250271338895,44,-90.0,-180.0,1,0,2100,13.945234624140905,357.55020149407125,0.0,-98.75598265099313
23,11.051001392267125,78.47354720005626,44,-90.0,-180.0,1,0,2100,16.746932641163347,191.05100139226712,0.0,-100.35971861711357
24,24.88682029604962,-66.97831154188296,44,-90.0,-180.0,1,0,2100,14.75659097853676,204.8868202960496,0.0,-99.28464009794523
25,-26.10598546269381,-99.810120666851,44,-90.0,-180.0,1,0,2100,13.903569329886281,333.8940145373062,0.0,-98.7469477036605
26,-116.86995958451396,3.523159995952227,44,-90.0,-180.0,1,0,2100,16.158363042451292,63.130040415486064,0.0,-99.91405288573263
27,-15.5038352542268,-9.326845655830525,44,-90.0,-180.0,1,0,2100,16.010559811646473,164.49616474577317,0.0,-99.980017481028
28,-23.193966173680366,50.111487062871134,44,-90.0,-180.0,1,0,2100,16.562592346264573,156.80603382631966,0.0,-100.26248537439099
29,-188.7820966347741,46.29479698920014,44,-90.0,-180.0,1,0,2100,16.534974070941896,351.2179033652259,0.0,-99.91949281366655
30,89.29302267009757,-12.07930014997683,44,-90.0,-180.0,1,0,2100,15.975845596513205,269.29302267009757,0.0,-99.8821789916318
31,153.88188234195115,81.97058507926246,44,-90.0,-180.0,1,0,2100,16.76747733772884,333.88188234195115,0.0,-100.07561728694469
0,43.19481317289217,-1.53312359454047,44,0.0,0.0,2,120,2100,15.386379981691354,332.2392272750383,0.0,-99.63925633963584
1,26.734562856549616,83.49398429353084,44,0.0,0.0,2,120,2100,16.05325400941952,242.93685180208843,0.0,-100.00899498611142
2,-1.253069108453019,-65.32872023257949,44,0.0,0.0,2,120,2100,15.799682071190599,60.57552133393753,0.0,-99.86612759351036
3,-80.89334843888132,-97.68547204210864,44,0.0,0.0,2,120,2100,16.133349686942626,52.410263633025465,0.0,-100.0467253391108
4,-179.18448735698854,-53.39171747853842,44,0.0,0.0,2,120,2100,16.461217788286067,60.60579303744686,0.0,-100.22088488597228
5,-23.511502727879247,-39.79763093140318,44,0.0,0.0,2,120,2100,15.431446372865272,85.58765008186452,0.0,-99.66368595933133
6,-72.15363235032636,31.608091175933566,44,0.0,0.0,2,120,2100,15.935913224970715,182.88297696836128,0.0,-99.94215686770946
7,186.49484681292694,31.8575515923211,44,0.0,0.0,2,120,2100,16.614358467739073,229.68365785796044,0.0,-100.30889589886348
8,161.4306139312962,-21.90612644568965,44,0.0,0.0,2,120,2100,16.64127663932752,21.62318198693174,0.0,-100.30548448966154
9,68.408320813113,-47.20836920348951,44,0.0,0.0,2,120,2100,15.944593952246098,19.278798153869616,0.0,-99.94156321561795
10,-69.9741060411846,-58.72173682830101,44,0.0,0.0,2,120,2100,15.999158707835077,89.71599304653063,0.0,-99.97530732024227
11,179.08028692402831,81.26429161851266,44,0.0,0.0,2,120,2100,16.212589111720924,240.14131619102653,0.0,-100.09516024267583
12,109.73182575865928,3.3834510994251588,44,0.0,0.0,2,120,2100,16.317866899077945,326.40602766548704,0.0,-100.14201486109583
13,38.035005846551485,-47.26818665226484,44,0.0,0.0,2,120,2100,15.675280880131,30.35172901883118,0.0,-99.79511927819794
14,26.241581746352068,-78.53541114619031,44,0.0,0.0,2,120,2100,15.998806934224973,54.875804484947025,0.0,-99.97438130659248
15,-123.71014459618452,12.167845292993803,44,0.0,0.0,2,120,2100,16.43116349613077,164.531482885669,0.0,-100.20864812771974
16,180.95518731235177,-82.0617571099874,44,0.0,0.0,2,120,2100,16.204479701515808,60.133186672779544,0.0,-100.08518103463045
17,6.633176670289714,27.332221464996522,44,0.0,0.0,2,120,2100,14.954685656889058,252.59814984833537,0.0,-99.39189572730702
18,103.26162550999021,-37.321925530791866,44,0.0,0.0,2,120,2100,16.230422514762324,8.071206142518463,0.0,-100.09167358180031
19,-139.924549606014,34.67007706732133,44,0.0,0.0,2,120,2100,16.479971708829932,197.05268254600082,0.0,-100.23648079532012
20,-37.033027139887736,46.26583469653542,44,0.0,0.0,2,120,2100,15.654479119256075,210.04798039446894,0.0,-99.78911168625777
21,-0.4936775320758784,51.24879286170915,44,0.0,0.0,2,120,2100,15.55687938711907,239.60377600911698,0.0,-99.73547187527066
22,177.5502014940713,-79.77250271338895,44,0.0,0.0,2,120,2100,16.227502237196575,59.55814122903439,0.0,-100.09743451547712
23,11.051001392267125,78.47354720005626,44,0.0,0.0,2,120,2100,15.985671697803502,242.23857844630305,0.0,-99.97214047897944
24,24.88682029604962,-66.97831154188296,44,0.0,0.0,2,120,2100,15.857458326445778,49.86160692741578,0.0,-99.8972107153442
25,-26.10598546269381,-99.810120666851,44,0.0,0.0,2,120,2100,16.21326061161799,55.64892287358191,0.0,-100.08962506401974
26,-116.86995958451396,3.523159995952227,44,0.0,0.0,2,120,2100,16.38074632213383,153.94830144768684,0.0,-100.18119380881149
27,-15.5038352542268,-9.326845655830525,44,0.0,0.0,2,120,2100,14.512407830262136,118.43241692310954,0.0,-99.13960616302053
28,-23.193966173680366,50.111487062871134,44,0.0,0.0,2,120,2100,15.606931943484966,221.7799290188517,0.0,-99.76307042655326
29,-188.7820966347741,46.29479698920014,44,0.0,0.0,2,120,2100,16.511003346335183,248.30244872750757,0.0,-100.25435724844203
30,89.29302267009757,-12.07930014997683,44,0.0,0.0,2,120,2100,16.11225258742907,342.08019275197887,0.0,-100.03195301752372
31,153.88188234195115,81.97058507926246,44,0.0,0.0,2,120,2100,16.196975231009596,243.5534938099541,0.0,-100.08686583598876
0,43.19481317289217,-1.53312359454047,44,90.0,180.0,3,240,2100,16.136854851696835,76.80518682710783,0.0,-100.001419694801
1,26.734562856549616,83.49398429353084,44,90.0,180.0,3,240,2100,13.492882463236992,93.26543714345041,0.0,-98.52099140343967
2,-1.253069108453019,-65.32872023257949,44,90.0,180.0,3,240,2100,16.665697545061146,121.25306910845302,0.0,-100.33163414712712
3,-80.89334843888132,-97.68547204210864,44,90.0,180.0,3,240,2100,16.769475350202082,20.893348438881276,0.0,-100.1048379844851
4,-179.18448735698854,-53.39171747853842,44,90.0,180.0,3,240,2100,16.58573407126089,299.1844873569885,0.0,-99.5334116092916
5,-23.511502727879247,-39.79763093140318,44,90.0,180.0,3,240,2100,16.486130461913255,143.51150272787925,0.0,-100.22243135035855
6,-72.15363235032636,31.608091175933566,44,90.0,180.0,3,240,2100,15.687331326830405,192.15363235032635,0.0,-99.6865695809599
7,186.49484681292694,31.8575515923211,44,90.0,180.0,3,240,2100,15.683050001307205,293.5051531870731,0.0,-99.24404872133336
8,161.4306139312962,-21.90612644568965,44,90.0,180.0,3,240,2100,16.33781428366952,318.5693860687038,0.0,-99.32542419617128
9,68.408320813113,-47.20836920348951,44,90.0,180.0,3,240,2100,16.541654619212675,51.591679186887006,0.0,-100.1368105327338
10,-69.9741060411846,-58.72173682830101,44,90.0,180.0,3,240,2100,16.62223092254436,189.9741060411846,0.0,-100.17023224158599
11,179.08028692402831,81.26429161851266,44,90.0,180.0,3,240,2100,13.787573905821072,300.9197130759717,0.0,-98.5082422284722
12,109.73182575865928,3.3834510994251588,44,90.0,180.0,3,240,2100,16.081644837158453,10.268174241340716,0.0,-99.73643162751702
13,38.035005846551485,-47.26818665226484,44,90.0,180.0,3,240,2100,16.542090484823277,81.96499415344852,0.0,-100.22632577986593
14,26.241581746352068,-78.53541114619031,44,90.0,180.0,3,240,2100,16.74729977646939,93.7584182536479,0.0,-100.35234713211034
15,-123.71014459618452,12.167845292993803,44,90.0,180.0,3,240,2100,15.97470860107779,243.71014459618448,0.0,-99.61955727991929
16,180.95518731235177,-82.0617571099874,44,90.0,180.0,3,240,2100,16.768007357828218,299.04481268764823,0.0,-99.594484677796
17,6.633176670289714,27.332221464996522,44,90.0,180.0,3,240,2100,15.758001400215369,113.36682332971026,0.0,-99.83768679470923
18,103.26162550999021,-37.321925530791866,44,90.0,180.0,3,240,2100,16.46687263669239,16.73837449000979,0.0,-99.94742556853284
19,-139.924549606014,34.67007706732133,44,90.0,180.0,3,240,2100,15.633467866683919,259.924549606014,0.0,-99.39093171634795
20,-37.033027139887736,46.26583469653542,44,90.0,180.0,3,240,2100,15.398283657057544,157.03302713988774,0.0,-99.61009273414945
21,-0.4936775320758784,51.24879286170915,44,90.0,180.0,3,240,2100,15.277315979372055,120.49367753207588,0.0,-99.56981456410273
22,177.5502014940713,-79.77250271338895,44,90.0,180.0,3,240,2100,16.754613214699933,302.4497985059287,0.0,-99.56626801404236
23,11.051001392267125,78.47354720005626,44,90.0,180.0,3,240,2100,14.064799256972393,108.94899860773285,0.0,-98.87389386563292
24,24.88682029604962,-66.97831154188296,44,90.0,180.0,3,240,2100,16.67626155027074,95.11317970395038,0.0,-100.31874137076001
25,-26.10598546269381,-99.810120666851,44,90.0,180.0,3,240,2100,16.757068644061803,326.10598546269375,0.0,-99.40070267918888
26,-116.86995958451396,3.523159995952227,44,90.0,180.0,3,240,2100,16.080030576634144,236.86995958451394,0.0,-99.70119973200728
27,-15.5038352542268,-9.326845655830525,44,90.0,180.0,3,240,2100,16.21856981424021,135.50383525422677,0.0,-100.08746727151484
28,-23.193966173680366,50.111487062871134,44,90.0,180.0,3,240,2100,15.306242451625575,143.19396617368034,0.0,-99.57556165392108
29,-188.7820966347741,46.29479698920014,44,90.0,180.0,3,240,2100,15.397621202871717,308.78209663477406,0.0,-99.06660391013
30,89.29302267009757,-12.07930014997683,44,90.0,180.0,3,240,2100,16.245903891962254,30.70697732990243,0.0,-99.90751954859225
31,153.88188234195115,81.97058507926246,44,90.0,180.0,3,240,2100,13.703266622698596,326.11811765804885,0.0,-98.43505001085937
0,44.147079598520975,-0.7557488345628229,45,-90.0,-180.0,1,0,2100,16.11153094681623,224.14707959852095,0.0,-100.01462592335298
1,26.34074366739128,83.42493623008474,45,-90.0,-180.0,1,0,2100,16.77589875364583,206.34074366739128,0.0,-100.36615027453679
2,-4.03871812887067,-66.05229411381477,45,-90.0,-180.0,1,0,2100,14.796026747037923,175.96128187112936,0.0,-99.31056361511027
3,-80.56174727119489,-96.9941905811291,45,-90.0,-180.0,1,0,2100,13.565235012166722,279.4382527288051,0.0,-98.57336587451933
4,-177.4386629717058,-52.46922821979711,45,-90.0,-180.0,1,0,2100,15.245315256929729,2.56133702829419,0.0,-99.35204853470296
5,-24.66837965288201,-40.36330048941758,45,-90.0,-180.0,1,0,2100,15.524884490884057,155.33162034711802,0.0,-99.71425585428248
6,-62.7323422545078,30.724508410633604,45,-90.0,-180.0,1,0,2100,16.413665074470188,117.26765774549222,0.0,-100.14586965385554
7,183.91564795674088,32.487983142974684,45,-90.0,-180.0,1,0,2100,16.428166842005034,3.9156479567408837,0.0,-99.85915774164866
8,161.43288942163093,-22.27498391418264,45,-90.0,-180.0,1,0,2100,15.835609598414774,341.4328894216309,0.0,-99.65175502007105
9,64.01533263589127,-48.56859992967114,45,-90.0,-180.0,1,0,2100,15.344193106259839,244.01533263589124,0.0,-99.58743844583877
10,-67.88392983260742,-57.97433820482295,45,-90.0,-180.0,1,0,2100,15.086691633308865,112.11607016739259,0.0,-99.44437417487924
11,181.30731852869462,84.5233271413569,45,-90.0,-180.0,1,0,2100,16.78221230435871,1.3073185286945659,0.0,-99.98996029837105
12,109.48199523939331,4.839265439195955,45,-90.0,-180.0,1,0,2100,16.172337450908497,289.4819952393933,0.0,-99.9379418990189
13,32.67135214699013,-46.378943680209375,45,-90.0,-180.0,1,0,2100,15.395694023111917,212.6713521469901,0.0,-99.6395407046698
14,28.98286161411488,-78.03055050782329,45,-90.0,-180.0,1,0,2100,14.10251211867923,208.98286161411485,0.0,-98.902503390908
15,-120.36009247376703,9.866883302727402,45,-90.0,-180.0,1,0,2100,16.223992062461956,59.639907526232946,0.0,-99.93650534968513
16,186.4418588665859,-83.30003553504557,45,-90.0,-180.0,1,0,2100,13.522257403712405,6.441858866585903,0.0,-98.54909037841736
17,7.566610325947835,27.175087635508802,45,-90.0,-180.0,1,0,2100,16.383823208660697,187.56661032594783,0.0,-100.17754666048423
18,103.57602846521019,-36.944195512316234,45,-90.0,-180.0,1,0,2100,15.591498284088782,283.5760284652102,0.0,-99.66317449345516
19,-144.89443795535072,34.61104506919875,45,-90.0,-180.0,1,0,2100,16.445351159014344,35.105562044649275,0.0,-99.96847404145774
20,-39.95655047152613,47.01675580505801,45,-90.0,-180.0,1,0,2100,16.54025712934331,140.04344952847384,0.0,-100.23783068760194
21,-0.997762119246488,51.10156645010741,45,-90.0,-180.0,1,0,2100,16.569633864448264,179.00223788075346,0.0,-100.27294957892877
22,176.75414198825325,-81.67531411996134,45,-90.0,-180.0,1,0,2100,13.73938022241556,356.75414198825325,0.0,-98.65656906181981
23,5.212930623785098,74.20653564915989,45,-90.0,-180.0,1,0,2100,16.721278894196626,185.2129306237851,0.0,-100.34833560437247
24,25.24219336858488,-67.59904231557206,45,-90.0,-180.0,1,0,2100,14.729257953019514,205.24219336858485,0.0,-99.26893285294564
25,-25.936042351311954,-99.86208323758503,45,-90.0,-180.0,1,0,2100,13.908852179167353,334.063957648688,0.0,-98.74957286995568
26,-119.62235833534587,3.0526895498047963,45,-90.0,-180.0,1,0,2100,16.153319823844463,60.37764166465411,0.0,-99.9050398147858
27,-16.044202356446448,-7.983054845707954,45,-90.0,-180.0,1,0,2100,16.027079823951787,163.95579764355352,0.0,-99.98861490064476
28,-23.096305108519857,50.00973343551439,45,-90.0,-180.0,1,0,2100,16.561865849177885,156.9036948914802,0.0,-100.26217910498988
29,-189.9799838991911,46.88980403989038,45,-90.0,-180.0,1,0,2100,16.539330157999483,350.0200161008089,0.0,-99.92545777485952
30,89.51904275349636,-12.140043360116323,45,-90.0,-180.0,1,0,2100,15.975065740944727,269.51904275349636,0.0,-99.88138414961465
31,154.58368874738903,81.6676772960027,45,-90.0,-180.0,1,0,2100,16.765714391753143,334.58368874738903,0.0,-100.07240145823307
0,44.147079598520975,-0.7557488345628229,45,0.0,0.0,2,120,2100,15.407797121618641,331.0849956298542,0.0,-99.65137603972948
1,26.34074366739128,83.42493623008474,45,0.0,0.0,2,120,2100,16.05228148572126,242.9277357159388,0.0,-100.00846613407214
2,-4.03871812887067,-66.05229411381477,45,0.0,0.0,2,120,2100,15.811556762540327,61.79166882577056,0.0,-99.87269121170527
3,-80.56174727119489,-96.9941905811291,45,0.0,0.0,2,120,2100,16.13259646832842,53.09957142339488,0.0,-100.04635535171573
4,-177.4386629717058,-52.46922821979711,45,0.0,0.0,2,120,2100,16.46816684389447,61.96614210029915,0.0,-100.22464328900236
5,-24.66837965288201,-40.36330048941758,45,0.0,0.0,2,120,2100,15.452664156681895,86.152877878249,0.0,-99.67553600759469
6,-62.7323422545078,30.724508410633604,45,0.0,0.0,2,120,2100,15.821952706150531,183.76814684601493,0.0,-99.88014530803744
7,183.91564795674088,32.487983142974684,45,0.0,0.0,2,120,2100,16.612642731937708,233.87899686070978,0.0,-100.30798033683502
8,161.43288942163093,-22.27498391418264,45,0.0,0.0,2,120,2100,16.639469469066714,22.14053860706224,0.0,-100.30475287616848
9,64.01533263589127,-48.56859992967114,45,0.0,0.0,2,120,2100,15.91262195198211,21.572468890540335,0.0,-99.92454170512077
10,-67.88392983260742,-57.97433820482295,45,0.0,0.0,2,120,2100,15.983043080520712,90.09102609032468,0.0,-99.96657394545936
11,181.30731852869462,84.5233271413569,45,0.0,0.0,2,120,2100,16.17902091205109,239.87466778826052,0.0,-100.07703295064199
12,109.48199523939331,4.839265439195955,45,0.0,0.0,2,120,2100,16.31525399638206,324.86836710762094,0.0,-100.14117455074094
13,32.67135214699013,-46.378943680209375,45,0.0,0.0,2,120,2100,15.618316583966664,32.77682624634406,0.0,-99.76366825929331
14,28.98286161411488,-78.03055050782329,45,0.0,0.0,2,120,2100,15.99651031165823,54.134929209036386,0.0,-99.97309784749322
15,-120.36009247376703,9.866883302727402,45,0.0,0.0,2,120,2100,16.40651930995485,161.39668892407866,0.0,-100.19529931695774
16,186.4418588665859,-83.30003553504557,45,0.0,0.0,2,120,2100,16.19132742837578,60.755103422049075,0.0,-100.07818889996103
17,7.566610325947835,27.175087635508802,45,0.0,0.0,2,120,2100,14.957040281805888,254.38586166554092,0.0,-99.3930913927871
18,103.57602846521019,-36.944195512316234,45,0.0,0.0,2,120,2100,16.23342204155935,7.727124002792493,0.0,-100.09315562170484
19,-144.89443795535072,34.61104506919875,45,0.0,0.0,2,120,2100,16.505402099054983,200.19592888030382,0.0,-100.25021213542277
20,-39.95655047152613,47.01675580505801,45,0.0,0.0,2,120,2100,15.689053448176978,209.09879474551832,0.0,-99.80813154675313
21,-0.997762119246488,51.10156645010741,45,0.0,0.0,2,120,2100,15.554106318552865,239.19504615327253,0.0,-99.73392294498964
22,176.75414198825325,-81.67531411996134,45,0.0,0.0,2,120,2100,16.208292261496208,59.52531705906006,0.0,-100.08718983624998
23,5.212930623785098,74.20653564915989,45,0.0,0.0,2,120,2100,15.927908913621215,241.4721110345672,0.0,-99.94054313737618
24,25.24219336858488,-67.59904231557206,45,0.0,0.0,2,120,2100,15.866313457509351,50.03059252433752,0.0,-99.90206026764108
25,-25.936042351311954,-99.86208323758503,45,0.0,0.0,2,120,2100,16.213862142160025,55.65190221577791,0.0,-100.08994906428096
26,-119.62235833534587,3.0526895498047963,45,0.0,0.0,2,120,2100,16.404107239257804,153.51058242044155,0.0,-100.1937023092186
27,-16.044202356446448,-7.983054845707954,45,0.0,0.0,2,120,2100,14.503484387373378,123.09600094576496,0.0,-99.1350053593113
28,-23.096305108519857,50.00973343551439,45,0.0,0.0,2,120,2100,15.604713405703466,221.7863847017495,0.0,-99.76184131588492
29,-189.9799838991911,46.88980403989038,45,0.0,0.0,2,120,2100,16.50525535147812,249.2149806633721,0.0,-100.25131164598663
30,89.51904275349636,-12.140043360116323,45,0.0,0.0,2,120,2100,16.114725458935833,342.1404584029685,0.0,-100.03320721208327
31,154.58368874738903,81.6676772960027,45,0.0,0.0,2,120,2100,16.20022109701641,243.59686184178622,0.0,-100.08861334707504
0,44.147079598520975,-0.7557488345628229,45,90.0,180.0,3,240,2100,16.12832575844465,75.85292040147903,0.0,-99.9947553763243
1,26.34074366739128,83.42493623008474,45,90.0,180.0,3,240,2100,13.503439483400575,93.65925633260872,0.0,-98.52767190235575
2,-4.03871812887067,-66.05229411381477,45,90.0,180.0,3,240,2100,16.67034506760458,124.0387181288707,0.0,-100.3335778224097
3,-80.56174727119489,-96.9941905811291,45,90.0,180.0,3,240,2100,16.773479066598785,20.56174727119486,0.0,-100.10483596193018
4,-177.4386629717058,-52.46922821979711,45,90.0,180.0,3,240,2100,16.579279937410863,297.43866297170575,0.0,-99.54297526025276
5,-24.66837965288201,-40.36330048941758,45,90.0,180.0,3,240,2100,16.49047908111049,144.66837965288198,0.0,-100.22314025585963
6,-62.7323422545078,30.724508410633604,45,90.0,180.0,3,240,2100,15.702349917119394,182.73234225450778,0.0,-99.72128774751879
7,183.91564795674088,32.487983142974684,45,90.0,180.0,3,240,2100,15.672147911267635,296.08435204325906,0.0,-99.22674374139814
8,161.43288942163093,-22.27498391418264,45,90.0,180.0,3,240,2100,16.34110499599757,318.56711057836907,0.0,-99.32647996984194
9,64.01533263589127,-48.56859992967114,45,90.0,180.0,3,240,2100,16.551519414468306,55.98466736410876,0.0,-100.15748306661854
10,-67.88392983260742,-57.97433820482295,45,90.0,180.0,3,240,2100,16.617192769214768,187.8839298326074,0.0,-100.17571741054162
11,181.30731852869462,84.5233271413569,45,90.0,180.0,3,240,2100,13.320653254540984,298.6926814713054,0.0,-98.32299541164706
12,109.48199523939331,4.839265439195955,45,90.0,180.0,3,240,2100,16.06469441141327,10.518004760606686,0.0,-99.72965910235187
13,32.67135214699013,-46.378943680209375,45,90.0,180.0,3,240,2100,16.535591267800893,87.32864785300984,0.0,-100.2336939474564
14,28.98286161411488,-78.03055050782329,45,90.0,180.0,3,240,2100,16.744299704878078,91.01713838588512,0.0,-100.34633104248701
15,-120.36009247376703,9.866883302727402,45,90.0,180.0,3,240,2100,16.003843162932412,240.36009247376705,0.0,-99.64923928471583
16,186.4418588665859,-83.30003553504557,45,90.0,180.0,3,240,2100,16.77517829389161,293.5581411334141,0.0,-99.63533320833149
17,7.566610325947835,27.175087635508802,45,90.0,180.0,3,240,2100,15.760505671786653,112.43338967405214,0.0,-99.83877897436854
18,103.57602846521019,-36.944195512316234,45,90.0,180.0,3,240,2100,16.46390149552652,16.423971534789814,0.0,-99.94447466089778
19,-144.89443795535072,34.61104506919875,45,90.0,180.0,3,240,2100,15.634534206865037,264.89443795535067,0.0,-99.3677502030792
20,-39.95655047152613,47.01675580505801,45,90.0,180.0,3,240,2100,15.380964419145236,159.95655047152616,0.0,-99.59615025177645
21,-0.997762119246488,51.10156645010741,45,90.0,180.0,3,240,2100,15.281108052397919,120.99776211924649,0.0,-99.57192307761166
22,176.75414198825325,-81.67531411996134,45,90.0,180.0,3,240,2100,16.765758876852598,303.24585801174675,0.0,-99.56420500801924
23,5.212930623785098,74.20653564915989,45,90.0,180.0,3,240,2100,14.379750614852718,114.7870693762149,0.0,-99.06008622688535
24,25.24219336858488,-67.59904231557206,45,90.0,180.0,3,240,2100,16.680207998012474,94.75780663141512,0.0,-100.3202148020226
25,-25.936042351311954,-99.86208323758503,45,90.0,180.0,3,240,2100,16.756763276301715,325.9360423513119,0.0,-99.40180497162281
26,-119.62235833534587,3.0526895498047963,45,90.0,180.0,3,240,2100,16.085456251781636,239.6223583353459,0.0,-99.68999983411209
27,-16.044202356446448,-7.983054845707954,45,90.0,180.0,3,240,2100,16.204948485948115,136.04420235644642,0.0,-100.07959245391577
28,-23.096305108519857,50.00973343551439,45,90.0,180.0,3,240,2100,15.30879015353448,143.09630510851986,0.0,-99.57706036712024
29,-189.9799838991911,46.88980403989038,45,90.0,180.0,3,240,2100,15.383913582994662,309.9799838991911,0.0,-99.05628078979464
30,89.51904275349636,-12.140043360116323,45,90.0,180.0,3,240,2100,16.24649877397042,30.480957246503635,0.0,-99.90684603780234
31,154.58368874738903,81.6676772960027,45,90.0,180.0,3,240,2100,13.740297171724682,325.41631125261097,0.0,-98.44900614547811
0,44.92543625586842,-0.31899634088020434,46,-90.0,-180.0,1,0,2100,16.116412910714534,224.9254362558684,0.0,-100.01639061847365
1,24.621912617288956,84.31433769360143,46,-90.0,-180.0,1,0,2100,16.781014099674625,204.62191261728896,0.0,-100.36985467586446
2,-4.678907524320408,-66.68531366175856,46,-90.0,-180.0,1,0,2100,14.769237702539572,175.32109247567962,0.0,-99.29518451589759
3,-81.21867317953428,-98.33307081893511,46,-90.0,-180.0,1,0,2100,13.74038695227871,278.78132682046567,0.0,-98.67497439440056
4,-178.08413599428158,-51.719235616107824,46,-90.0,-180.0,1,0,2100,15.265101609567525,1.915864005718447,0.0,-99.3593844160723
5,-23.699648481493625,-41.931480009662074,46,-90.0,-180.0,1,0,2100,15.492781519965288,156.30035151850643,0.0,-99.69706101504896
6,-60.01257938023275,31.865899993053347,46,-90.0,-180.0,1,0,2100,16.42307517380512,119.98742061976725,0.0,-100.15456916327268
7,184.0045265128246,31.9673179892157,46,-90.0,-180.0,1,0,2100,16.42390703744845,4.004526512824555,0.0,-99.85774306870069
8,160.66768699127874,-23.634235152624655,46,-90.0,-180.0,1,0,2100,15.815335309516014,340.66768699127874,0.0,-99.64478374513159
9,61.72010232124609,-48.936968701890784,46,-90.0,-180.0,1,0,2100,15.335262293978703,241.72010232124603,0.0,-99.58485703231517
10,-67.89596185021956,-57.91083192449561,46,-90.0,-180.0,1,0,2100,15.088672650288192,112.10403814978042,0.0,-99.44544611778312
11,181.61701781238622,84.57381146296876,46,-90.0,-180.0,1,0,2100,16.78250153227715,1.6170178123862229,0.0,-99.99126558939005
12,107.03791362229498,4.560342276861576,46,-90.0,-180.0,1,0,2100,16.169392108614726,287.037913622295,0.0,-99.94202549103365
13,30.795017934330502,-45.719461491666024,46,-90.0,-180.0,1,0,2100,15.410699312356185,210.7950179343305,0.0,-99.64876524734598
14,30.36485821599294,-77.39220123673383,46,-90.0,-180.0,1,0,2100,14.154470124748919,210.3648582159929,0.0,-98.93318137591879
15,-117.80035604234281,8.387919804324696,46,-90.0,-180.0,1,0,2100,16.209071961894168,62.1996439576572,0.0,-99.93581259746836
16,187.7449377851338,-83.63725731068502,46,-90.0,-180.0,1,0,2100,13.470614776981309,7.7449377851338,0.0,-98.522882468237
17,10.088562761762574,24.122950727796706,46,-90.0,-180.0,1,0,2100,16.35743030137074,190.08856276176257,0.0,-100.16338534674738
18,102.26898960789566,-37.29261729907977,46,-90.0,-180.0,1,0,2100,15.584909545657291,282.2689896078956,0.0,-99.6620587977797
19,-144.7616944241893,34.62956505695573,46,-90.0,-180.0,1,0,2100,16.44549977032168,35.23830557581067,0.0,-99.96896990620239
20,-42.4470090331987,46.69499190641727,46,-90.0,-180.0,1,0,2100,16.537906013408904,137.5529909668013,0.0,-100.2340606571169
21,-2.875483031392946,49.219919143876695,46,-90.0,-180.0,1,0,2100,16.55620873977075,177.12451696860705,0.0,-100.26607310166108
22,176.22611425668487,-83.90426710028721,46,-90.0,-180.0,1,0,2100,13.427744315731465,356.2261142566848,0.0,-98.50159674486012
23,8.064523508570858,69.86758728550032,46,-90.0,-180.0,1,0,2100,16.694499789611424,188.06452350857083,0.0,-100.33456806557989
24,25.184930554345073,-66.9353149844756,46,-90.0,-180.0,1,0,2100,14.75845689029677,205.18493055434504,0.0,-99.28563911956311
25,-25.576797831109673,-99.71310397524162,46,-90.0,-180.0,1,0,2100,13.89363066425179,334.4232021688903,0.0,-98.74165361829851
26,-117.32361194985015,2.2784949588830443,46,-90.0,-180.0,1,0,2100,16.144965061301065,62.67638805014985,0.0,-99.9066294988201
27,-14.493904593586564,-8.270762253539601,46,-90.0,-180.0,1,0,2100,16.02356575519935,165.50609540641346,0.0,-99.98725856472558
28,-23.588328788837686,48.31686554275305,46,-90.0,-180.0,1,0,2100,16.549701085438187,156.41167121116234,0.0,-100.25576203182385
29,-188.3492120045668,46.93058300716055,46,-90.0,-180.0,1,0,2100,16.539628009925966,351.6507879954332,0.0,-99.91987200435364
30,92.11649159544453,-12.450480026890915,46,-90.0,-180.0,1,0,2100,15.97107065582443,272.11649159544453,0.0,-99.8746972676905
31,154.46224645323662,81.94480599255942,46,-90.0,-180.0,1,0,2100,16.767327422452738,334.4622464532366,0.0,-100.07350256965134
0,44.92543625586842,-0.31899634088020434,46,0.0,0.0,2,120,2100,15.425178001082552,330.45171249936266,0.0,-99.66119638313066
1,24.621912617288956,84.31433769360143,46,0.0,0.0,2,120,2100,16.06083589120596,242.3752535016892,0.0,-100.01309411199684
2,-4.678907524320408,-66.68531366175856,46,0.0,0.0,2,120,2100,15.821371572937997,62.01340820301928,0.0,-99.87807797733848
3,-81.21867317953428,-98.33307081893511,46,0.0,0.0,2,120,2100,16.133951774241247,51.76325986723691,0.0,-100.0470075328867
4,-178.08413599428158,-51.719235616107824,46,0.0,0.0,2,120,2100,16.47417821350846,61.51138171968796,0.0,-100.22774533021294
5,-23.699648481493625,-41.931480009662074,46,0.0,0.0,2,120,2100,15.47162418486031,84.10741820628877,0.0,-99.6859729966543
6,-60.01257938023275,31.865899993053347,46,0.0,0.0,2,120,2100,15.792726520978457,185.66676516922917,0.0,-99.86426929523799
7,184.0045265128246,31.9673179892157,46,0.0,0.0,2,120,2100,16.61607636714419,233.61506152263553,0.0,-100.30978428667648
8,160.66768699127874,-23.634235152624655,46,0.0,0.0,2,120,2100,16.6296012933958,22.892373793293814,0.0,-100.30007054981287
9,61.72010232124609,-48.936968701890784,46,0.0,0.0,2,120,2100,15.894974091230754,22.503341188964214,0.0,-99.91505999425067
10,-67.89596185021956,-57.91083192449561,46,0.0,0.0,2,120,2100,15.98285657082291,90.15442988268796,0.0,-99.96648406151593
11,181.61701781238622,84.57381146296876,46,0.0,0.0,2,120,2100,16.178484276031675,239.84642183353947,0.0,-100.0767444858933
12,107.03791362229498,4.560342276861576,46,0.0,0.0,2,120,2100,16.292817643772203,325.23126606346955,0.0,-100.12962341884761
13,30.795017934330502,-45.719461491666024,46,0.0,0.0,2,120,2100,15.593257539126796,33.46844574955992,0.0,-99.74975297065525
14,30.36485821599294,-77.39220123673383,46,0.0,0.0,2,120,2100,15.991428451001406,53.54919548180544,0.0,-99.97031144524678
15,-117.80035604234281,8.387919804324696,46,0.0,0.0,2,120,2100,16.38640236049298,159.4637113898287,0.0,-100.18444426304495
16,187.7449377851338,-83.63725731068502,46,0.0,0.0,2,120,2100,16.187668606879974,60.86094224356671,0.0,-100.07624280806948
17,10.088562761762574,24.122950727796706,46,0.0,0.0,2,120,2100,14.879431046910375,261.36431556942154,0.0,-99.34695587857588
18,102.26898960789566,-37.29261729907977,46,0.0,0.0,2,120,2100,16.222649880653552,7.9326018723231755,0.0,-100.08757027526636
19,-144.7616944241893,34.62956505695573,46,0.0,0.0,2,120,2100,16.504671297258074,200.1227516978222,0.0,-100.24981915446078
20,-42.4470090331987,46.69499190641727,46,0.0,0.0,2,120,2100,15.70772060751661,207.53904858348932,0.0,-99.81835114208909
21,-2.875483031392946,49.219919143876695,46,0.0,0.0,2,120,2100,15.517715281299198,237.52228033588568,0.0,-99.71358618020676
22,176.22611425668487,-83.90426710028721,46,0.0,0.0,2,120,2100,16.185360764850035,59.597270215641856,0.0,-100.07494680702463
23,8.064523508570858,69.86758728550032,46,0.0,0.0,2,120,2100,15.869722418682876,242.94402512437563,0.0,-99.90869286653675
24,25.184930554345073,-66.9353149844756,46,0.0,0.0,2,120,2100,15.85766738868322,49.729508532108525,0.0,-99.89731105090897
25,-25.576797831109673,-99.71310397524162,46,0.0,0.0,2,120,2100,16.21277975185528,55.77369754418271,0.0,-100.08938049608062
26,-117.32361194985015,2.2784949588830443,46,0.0,0.0,2,120,2100,16.384890465710185,152.56427549756552,0.0,-100.18337192669655
27,-14.493904593586564,-8.270762253539601,46,0.0,0.0,2,120,2100,14.432183665646246,119.85159990101667,0.0,-99.09193631813682
28,-23.588328788837686,48.31686554275305,46,0.0,0.0,2,120,2100,15.580025960768921,220.38797864478772,0.0,-99.74814551129478
29,-188.3492120045668,46.93058300716055,46,0.0,0.0,2,120,2100,16.506769479137038,247.72986555894994,0.0,-100.25214359504446
30,92.11649159544453,-12.450480026890915,46,0.0,0.0,2,120,2100,16.142667204284038,342.4587141696853,0.0,-100.04747158487372
31,154.46224645323662,81.94480599255942,46,0.0,0.0,2,120,2100,16.197580139678326,243.4913743305878,0.0,-100.0871877459257
0,44.92543625586842,-0.31899634088020434,46,90.0,180.0,3,240,2100,16.123501747267394,75.07456374413158,0.0,-99.99043722156021
1,24.621912617288956,84.31433769360143,46,90.0,180.0,3,240,2100,13.358103041361076,95.37808738271104,0.0,-98.4369021655316
2,-4.678907524320408,-66.68531366175856,46,90.0,180.0,3,240,2100,16.674393319943604,124.67890752432038,0.0,-100.33548003531632
3,-81.21867317953428,-98.33307081893511,46,90.0,180.0,3,240,2100,16.765710033818433,21.21867317953422,0.0,-100.10490371752016
4,-178.08413599428158,-51.719235616107824,46,90.0,180.0,3,240,2100,16.57400179003422,298.0841359942816,0.0,-99.5368499526635
5,-23.699648481493625,-41.931480009662074,46,90.0,180.0,3,240,2100,16.502436605350734,143.69964848149363,0.0,-100.23073798343404
6,-60.01257938023275,31.865899993053347,46,90.0,180.0,3,240,2100,15.682906405722877,180.01257938023275,0.0,-99.71809211073786
7,184.0045265128246,31.9673179892157,46,90.0,180.0,3,240,2100,15.681160329874304,295.99547348717533,0.0,-99.23050164844811
8,160.66768699127874,-23.634235152624655,46,90.0,180.0,3,240,2100,16.353138746003957,319.33231300872126,0.0,-99.32540700445442
9,61.72010232124609,-48.936968701890784,46,90.0,180.0,3,240,2100,16.554174272650435,58.27989767875391,0.0,-100.16669378174534
10,-67.89596185021956,-57.91083192449561,46,90.0,180.0,3,240,2100,16.616763506217783,187.89596185021958,0.0,-100.17546155734365
11,181.61701781238622,84.57381146296876,46,90.0,180.0,3,240,2100,13.311392456408786,298.38298218761383,0.0,-98.31941599506916
12,107.03791362229498,4.560342276861576,46,90.0,180.0,3,240,2100,16.067964314579996,12.96208637770502,0.0,-99.74260749897941
13,30.795017934330502,-45.719461491666024,46,90.0,180.0,3,240,2100,16.53074387859321,89.20498206566947,0.0,-100.23455757840922
14,30.36485821599294,-77.39220123673383,46,90.0,180.0,3,240,2100,16.74049346332619,89.63514178400703,0.0,-100.3419886170638
15,-117.80035604234281,8.387919804324696,46,90.0,180.0,3,240,2100,16.022131242983267,237.8003560423428,0.0,-99.67009789365363
16,187.7449377851338,-83.63725731068502,46,90.0,180.0,3,240,2100,16.777122287064614,292.25506221486626,0.0,-99.64510315989494
17,10.088562761762574,24.122950727796706,46,90.0,180.0,3,240,2100,15.807944091521922,109.9114372382374,0.0,-99.8641852980544
18,102.26898960789566,-37.29261729907977,46,90.0,180.0,3,240,2100,16.466642420229125,17.731010392104338,0.0,-99.95231307250822
19,-144.7616944241893,34.62956505695573,46,90.0,180.0,3,240,2100,15.634199788538131,264.7616944241893,0.0,-99.36824471775827
20,-42.4470090331987,46.69499190641727,46,90.0,180.0,3,240,2100,15.388422336405105,162.4470090331987,0.0,-99.59619575926226
21,-2.875483031392946,49.219919143876695,46,90.0,180.0,3,240,2100,15.328347808452738,122.87548303139295,0.0,-99.59824056229107
22,176.22611425668487,-83.90426710028721,46,90.0,180.0,3,240,2100,16.778658850666826,303.77388574331513,0.0,-99.56454884235643
23,8.064523508570858,69.86758728550032,46,90.0,180.0,3,240,2100,14.622485375616783,111.93547649142914,0.0,-99.1993108176778
24,25.184930554345073,-66.9353149844756,46,90.0,180.0,3,240,2100,16.675987611508088,94.8150694456549,0.0,-100.31815988621918
25,-25.576797831109673,-99.71310397524162,46,90.0,180.0,3,240,2100,16.757638531326588,325.5767978311096,0.0,-99.40456778164986
26,-117.32361194985015,2.2784949588830443,46,90.0,180.0,3,240,2100,16.094321023424556,237.32361194985015,0.0,-99.7054986724996
27,-14.493904593586564,-8.270762253539601,46,90.0,180.0,3,240,2100,16.207880480768434,134.49390459358654,0.0,-100.08243717741726
28,-23.588328788837686,48.31686554275305,46,90.0,180.0,3,240,2100,15.350250653322853,143.58832878883766,0.0,-99.5996674747904
29,-188.3492120045668,46.93058300716055,46,90.0,180.0,3,240,2100,15.382967211563765,308.34921200456677,0.0,-99.06357614540781
30,92.11649159544453,-12.450480026890915,46,90.0,180.0,3,240,2100,16.249533488116715,27.88350840455547,0.0,-99.89708923284589
31,154.46224645323662,81.94480599255942,46,90.0,180.0,3,240,2100,13.706472057172757,325.5377535467634,0.0,-98.43708166728116
0,46.783873864181516,-0.6304816637143631,47,-90.0,-180.0,1,0,2100,16.112933606635075,226.78387386418152,0.0,-100.01272267778897
1,24.571319575099153,83.86960366105671,47,-90.0,-180.0,1,0,2100,16.77845950597495,204.57131957509915,0.0,-100.36864418251723
2,-5.865187426376309,-68.3911757167929,47,-90.0,-180.0,1,0,2100,14.693256018897573,174.13481257362366,0.0,-99.2514536206968
3,-80.97035593662828,-98.90554643224239,47,-90.0,-180.0,1,0,2100,13.80682912627129,279.0296440633717,0.0,-98.7130247214237
4,-178.7623308249305,-51.70587064799109,47,-90.0,-180.0,1,0,2100,15.26545067868051,1.2376691750695272,0.0,-99.35807912505331
5,-23.88101272813168,-41.726818023850846,47,-90.0,-180.0,1,0,2100,15.497030194243067,156.11898727186826,0.0,-99.69932886704287
6,-58.30748630561223,32.48906849900706,47,-90.0,-180.0,1,0,2100,16.428175702883596,121.69251369438774,0.0,-100.15953510284776
7,183.9685636436849,32.76669602903209,47,-90.0,-180.0,1,0,2100,16.430439687412612,3.968563643684888,0.0,-99.86025156093832
8,162.15984057410418,-25.044240792862354,47,-90.0,-180.0,1,0,2100,15.793860389162926,342.1598405741042,0.0,-99.63131518361152
9,61.11511008256704,-49.24897082009112,47,-90.0,-180.0,1,0,2100,15.327635156042408,241.11511008256699,0.0,-99.58131305781666
10,-67.92123265005512,-58.99678358352982,47,-90.0,-180.0,1,0,2100,15.054245084508258,112.07876734994488,0.0,-99.42666159451528
11,178.5336732567908,84.434965201175,47,-90.0,-180.0,1,0,2100,16.781705871702083,358.5336732567908,0.0,-99.99037230363682
12,106.78808181842055,4.666987453823566,47,-90.0,-180.0,1,0,2100,16.17051927326139,286.78808181842055,0.0,-99.94311201819471
13,30.82857559849589,-45.749055205528684,47,-90.0,-180.0,1,0,2100,15.41003076580404,210.82857559849586,0.0,-99.64839334878748
14,31.197026887963403,-76.28153257613386,47,-90.0,-180.0,1,0,2100,14.238897407368665,211.19702688796337,0.0,-98.98294286146994
15,-114.89897382267142,9.861716558891729,47,-90.0,-180.0,1,0,2100,16.22394032482022,65.10102617732855,0.0,-99.94985723714764
16,189.16448622187346,-84.45331398008537,47,-90.0,-180.0,1,0,2100,13.333356095732029,9.16448622187346,0.0,-98.45218528148168
17,13.125845947773968,23.043759985528936,47,-90.0,-180.0,1,0,2100,16.347928920008233,193.12584594777397,0.0,-100.15760998089794
18,100.27810612236044,-37.420847961485464,47,-90.0,-180.0,1,0,2100,15.582473703234626,280.27810612236044,0.0,-99.66418080720165
19,-145.57153590752944,34.36198431908139,47,-90.0,-180.0,1,0,2100,16.44335045383085,34.42846409247056,0.0,-99.96554260576144
20,-41.17848469259184,46.57598482974859,47,-90.0,-180.0,1,0,2100,16.53703503122273,138.82151530740816,0.0,-100.23497946532022
21,-1.1841057442024123,49.30765080346433,47,-90.0,-180.0,1,0,2100,16.55683870725904,178.81589425579762,0.0,-100.26648146086256
22,175.40427981415854,-86.67456812363581,47,-90.0,-180.0,1,0,2100,12.821756094947354,355.4042798141585,0.0,-98.184042774749
23,13.638016396033066,71.25716102450374,47,-90.0,-180.0,1,0,2100,16.703154260136042,193.63801639603307,0.0,-100.33723698464667
24,26.56165115823123,-69.43202343335483,47,-90.0,-180.0,1,0,2100,14.643889607693032,206.5616511582312,0.0,-99.21963077149616
25,-25.516712721537317,-99.76351216625957,47,-90.0,-180.0,1,0,2100,13.898806949157219,334.4832872784627,0.0,-98.74427878459372
26,-122.62367119215061,4.671880291559475,47,-90.0,-180.0,1,0,2100,16.1705709566514,57.376328807849404,0.0,-99.90580548828855
27,-13.7460720996242,-8.662867218789415,47,-90.0,-180.0,1,0,2100,16.018756600785782,166.25392790037586,0.0,-99.9849032071885
28,-22.612322739982034,47.00027405340907,47,-90.0,-180.0,1,0,2100,16.5401368320713,157.387677260018,0.0,-100.25152530510854
29,-188.1985056004058,47.71851374904185,47,-90.0,-180.0,1,0,2100,16.5453657520945,351.80149439959416,0.0,-99.92164399160289
30,92.08559740708773,-12.449832687989044,47,-90.0,-180.0,1,0,2100,15.971079003214914,272.08559740708773,0.0,-99.87475560471927
31,154.0201580081988,83.43207926303091,47,-90.0,-180.0,1,0,2100,16.775939940833968,334.02015800819873,0.0,-100.07859976754116
0,46.783873864181516,-0.6304816637143631,47,0.0,0.0,2,120,2100,15.465762263642807,330.8650933347437,0.0,-99.68406453059954
1,24.571319575099153,83.86960366105671,47,0.0,0.0,2,120,2100,16.056036366483468,242.55724881659518,0.0,-100.01049165828579
2,-5.865187426376309,-68.3911757167929,47,0.0,0.0,2,120,2100,15.847132734642116,62.31791621229655,0.0,-99.89218139516046
3,-80.97035593662828,-98.90554643224239,47,0.0,0.0,2,120,2100,16.1353140866461,51.20308077802338,0.0,-100.04770152054297
4,-178.7623308249305,-51.70587064799109,47,0.0,0.0,2,120,2100,16.47439715802774,60.97707559937689,0.0,-100.22781013026518
5,-23.88101272813168,-41.726818023850846,47,0.0,0.0,2,120,2100,15.469577806934613,84.41581120070134,0.0,-99.68484840219925
6,-58.30748630561223,32.48906849900706,47,0.0,0.0,2,120,2100,15.774271126581448,186.81133948666388,0.0,-99.85421901616756
7,183.9685636436849,32.76669602903209,47,0.0,0.0,2,120,2100,16.610725695919978,233.86263738752854,0.0,-100.30697907151165
8,162.15984057410418,-25.044240792862354,47,0.0,0.0,2,120,2100,16.62804580343861,26.748169006527405,0.0,-100.30045935012633
9,61.11511008256704,-49.24897082009112,47,0.0,0.0,2,120,2100,15.891523823859094,22.965968866865012,0.0,-99.91324768311215
10,-67.92123265005512,-58.99678358352982,47,0.0,0.0,2,120,2100,15.98752881598679,89.11208266889133,0.0,-99.9690112635534
11,178.5336732567908,84.434965201175,47,0.0,0.0,2,120,2100,16.17994181316263,240.14285531638927,0.0,-100.07754298976288
12,106.78808181842055,4.666987453823566,47,0.0,0.0,2,120,2100,16.290463502651754,325.12622829242093,0.0,-100.12844865661019
13,30.82857559849589,-45.749055205528684,47,0.0,0.0,2,120,2100,15.593967170040308,33.469620582722314,0.0,-99.75014386129297
14,31.197026887963403,-76.28153257613386,47,0.0,0.0,2,120,2100,15.980649389807143,52.793341779557295,0.0,-99.96443554373535
15,-114.89897382267142,9.861716558891729,47,0.0,0.0,2,120,2100,16.360786665959658,160.84937021810885,0.0,-100.17076309072468
16,189.16448622187346,-84.45331398008537,47,0.0,0.0,2,120,2100,16.179025340864673,60.886116245942674,0.0,-100.0716211011176
17,13.125845947773968,23.043759985528936,47,0.0,0.0,2,120,2100,14.891303557419963,268.09588655864803,0.0,-99.35327492883168
18,100.27810612236044,-37.420847961485464,47,0.0,0.0,2,120,2100,16.2066153716922,7.869085584851518,0.0,-100.07915672009614
19,-145.57153590752944,34.36198431908139,47,0.0,0.0,2,120,2100,16.509850215940517,200.41304746017238,0.0,-100.25259510508589
20,-41.17848469259184,46.57598482974859,47,0.0,0.0,2,120,2100,15.695039333510518,208.07101064478422,0.0,-99.81139872358072
21,-1.1841057442024123,49.30765080346433,47,0.0,0.0,2,120,2100,15.518446617865235,238.98196307286838,0.0,-99.71400842570847
22,175.40427981415854,-86.67456812363581,47,0.0,0.0,2,120,2100,16.156131890518047,59.733253876960816,0.0,-100.05931327184001
23,13.638016396033066,71.25716102450374,47,0.0,0.0,2,120,2100,15.89410020500186,244.5742643730356,0.0,-99.92214201286352
24,26.56165115823123,-69.43202343335483,47,0.0,0.0,2,120,2100,15.892437959063932,50.47498766027104,0.0,-99.91634763399847
25,-25.516712721537317,-99.76351216625957,47,0.0,0.0,2,120,2100,16.213283817564182,55.760693822330154,0.0,-100.0896459672624
26,-122.62367119215061,4.671880291559475,47,0.0,0.0,2,120,2100,16.42828044339328,155.54201564671234,0.0,-100.20671666809805
27,-13.7460720996242,-8.662867218789415,47,0.0,0.0,2,120,2100,14.405379349179805,117.33255276256745,0.0,-99.07540603384213
28,-22.612322739982034,47.00027405340907,47,0.0,0.0,2,120,2100,15.551621243686538,220.2750654017584,0.0,-99.73238864697846
29,-188.1985056004058,47.71851374904185,47,0.0,0.0,2,120,2100,16.501069445900953,247.38857985195068,0.0,-100.2491439797229
30,92.08559740708773,-12.449832687989044,47,0.0,0.0,2,120,2100,16.142339544499272,342.4578276858961,0.0,-100.04730017828392
31,154.0201580081988,83.43207926303091,47,0.0,0.0,2,120,2100,16.183477945841066,242.88733204280112,0.0,-100.07956015267946
0,46.783873864181516,-0.6304816637143631,47,90.0,180.0,3,240,2100,16.12694453807294,73.21612613581851,0.0,-99.9880192571478
1,24.571319575099153,83.86960366105671,47,90.0,180.0,3,240,2100,13.43341470911507,95.42868042490085,0.0,-98.48432855032074
2,-5.865187426376309,-68.3911757167929,47,90.0,180.0,3,240,2100,16.68522166596983,125.86518742637628,0.0,-100.34063653909668
3,-80.97035593662828,-98.90554643224239,47,90.0,180.0,3,240,2100,16.76236965684235,20.970355936628266,0.0,-100.10214191877056
4,-178.7623308249305,-51.70587064799109,47,90.0,180.0,3,240,2100,16.573907479636276,298.7623308249306,0.0,-99.53226684320427
5,-23.88101272813168,-41.726818023850846,47,90.0,180.0,3,240,2100,16.50088412614187,143.88101272813168,0.0,-100.22967917593098
6,-58.30748630561223,32.48906849900706,47,90.0,180.0,3,240,2100,15.67212903927942,178.3074863056122,0.0,-99.71664396141182
7,183.9685636436849,32.76669602903209,47,90.0,180.0,3,240,2100,15.66728996344835,296.0314363563151,0.0,-99.22523693797928
8,162.15984057410418,-25.044240792862354,47,90.0,180.0,3,240,2100,16.365470675300234,317.8401594258958,0.0,-99.33880541955268
9,61.11511008256704,-49.24897082009112,47,90.0,180.0,3,240,2100,16.556417392697465,58.88488991743293,0.0,-100.16984896742778
10,-67.92123265005512,-58.99678358352982,47,90.0,180.0,3,240,2100,16.62407861960063,187.92123265005512,0.0,-100.17891911498732
11,178.5336732567908,84.434965201175,47,90.0,180.0,3,240,2100,13.336658692372009,301.4663267432092,0.0,-98.32723114729798
12,106.78808181842055,4.666987453823566,47,90.0,180.0,3,240,2100,16.06671534213684,13.211918181579449,0.0,-99.74317280308085
13,30.82857559849589,-45.749055205528684,47,90.0,180.0,3,240,2100,16.530961905437586,89.17142440150411,0.0,-100.23461218739219
14,31.197026887963403,-76.28153257613386,47,90.0,180.0,3,240,2100,16.733836225490524,88.80297311203657,0.0,-100.33715774462631
15,-114.89897382267142,9.861716558891729,47,90.0,180.0,3,240,2100,16.003907637857495,234.89897382267145,0.0,-99.67567205502594
16,189.16448622187346,-84.45331398008537,47,90.0,180.0,3,240,2100,16.78181105596351,290.8355137781266,0.0,-99.65660138464152
17,13.125845947773968,23.043759985528936,47,90.0,180.0,3,240,2100,15.824193246343519,106.874154052226,0.0,-99.87158279269126
18,100.27810612236044,-37.420847961485464,47,90.0,180.0,3,240,2100,16.467649282305008,19.72189387763956,0.0,-99.96268372288431
19,-145.57153590752944,34.36198431908139,47,90.0,180.0,3,240,2100,15.639020704627042,265.57153590752944,0.0,-99.36638194467268
20,-41.17848469259184,46.57598482974859,47,90.0,180.0,3,240,2100,15.391166680160591,161.17848469259184,0.0,-99.59977972658872
21,-1.1841057442024123,49.30765080346433,47,90.0,180.0,3,240,2100,15.326194155392578,121.18410574420238,0.0,-99.59716658562608
22,175.40427981415854,-86.67456812363581,47,90.0,180.0,3,240,2100,16.79446333323672,304.59572018584146,0.0,-99.5636801550163
23,13.638016396033066,71.25716102450374,47,90.0,180.0,3,240,2100,14.550966077730859,106.36198360396696,0.0,-99.15672491246205
24,26.56165115823123,-69.43202343335483,47,90.0,180.0,3,240,2100,16.691771542640954,93.43834884176874,0.0,-100.32403743083017
25,-25.516712721537317,-99.76351216625957,47,90.0,180.0,3,240,2100,16.757342468318193,325.51671272153726,0.0,-99.40490453704481
26,-122.62367119215061,4.671880291559475,47,90.0,180.0,3,240,2100,16.066658002341214,242.6236711921506,0.0,-99.6664006632514
27,-13.7460720996242,-8.662867218789415,47,90.0,180.0,3,240,2100,16.21186258833095,133.7460720996242,0.0,-100.08516762656552
28,-22.612322739982034,47.00027405340907,47,90.0,180.0,3,240,2100,15.381347791535834,142.612322739982,0.0,-99.6178421533432
29,-188.1985056004058,47.71851374904185,47,90.0,180.0,3,240,2100,15.364503365707762,308.19850560040584,0.0,-99.05789782245688
30,92.08559740708773,-12.449832687989044,47,90.0,180.0,3,240,2100,16.249527169543192,27.914402592912268,0.0,-99.89722171019345
31,154.0201580081988,83.43207926303091,47,90.0,180.0,3,240,2100,13.50235251203859,325.9798419918012,0.0,-98.36503219320075
0,46.84920072114056,-0.6014229531836008,48,-90.0,-180.0,1,0,2100,16.113258706120014,226.84920072114056,0.0,-100.01281018333215
1,24.37563161870733,84.85798110302238,48,-90.0,-180.0,1,0,2100,16.784127999554215,204.37563161870733,0.0,-100.37153186544195
2,-5.856479590094608,-68.44001570617563,48,-90.0,-180.0,1,0,2100,14.690993274499272,174.14352040990536,0.0,-99.2501556218064
3,-79.10109341186764,-98.93363272965163,48,-90.0,-180.0,1,0,2100,13.809977958633405,280.8989065881324,0.0,-98.71438105734288
4,-182.24437677109603,-51.69667022794002,48,-90.0,-180.0,1,0,2100,15.26569090643852,357.75562322890397,0.0,-99.3603615613044
5,-24.122226225700786,-40.144864120367814,48,-90.0,-180.0,1,0,2100,15.529275538244383,155.87777377429916,0.0,-99.71691018909208
6,-56.34755321511204,33.571153941477974,48,-90.0,-180.0,1,0,2100,16.436971048416428,123.65244678488796,0.0,-100.16665222035917
7,185.564818423181,33.20968989443119,48,-90.0,-180.0,1,0,2100,16.434041612941556,5.564818423181009,0.0,-99.86724471226358
8,161.14703787006607,-27.133246102082126,48,-90.0,-180.0,1,0,2100,15.761171452267343,341.1470378700661,0.0,-99.61939984548277
9,64.5531123541771,-49.00243249379605,48,-90.0,-180.0,1,0,2100,15.333666795227447,244.55311235417707,0.0,-99.58124742865927
10,-69.2517063448733,-60.329701548011954,48,-90.0,-180.0,1,0,2100,15.010300636353454,110.7482936551267,0.0,-99.40151833511018
11,178.52732640523624,84.4499486058061,48,-90.0,-180.0,1,0,2100,16.7817917648048,358.52732640523624,0.0,-99.99043064066561
12,105.94932555842752,3.8847417209950805,48,-90.0,-180.0,1,0,2100,16.16222181399435,285.9493255584275,0.0,-99.94096813238697
13,29.269692895104185,-45.0693470555461,48,-90.0,-180.0,1,0,2100,15.425274295678799,209.26969289510419,0.0,-99.65753767804908
14,31.034477275584123,-77.11834701238735,48,-90.0,-180.0,1,0,2100,14.175958587637899,211.0344772755841,0.0,-98.94580405052152
15,-113.4844347189562,10.666629068109543,48,-90.0,-180.0,1,0,2100,16.231968284732876,66.51556528104379,0.0,-99.95706186020223
16,189.83394949745667,-83.39311454115557,48,-90.0,-180.0,1,0,2100,13.50826755652083,9.833949497456672,0.0,-98.54192221600576
17,11.923416521075552,22.911020590707878,48,-90.0,-180.0,1,0,2100,16.346753999971597,191.92341652107552,0.0,-100.15739850916862
18,99.54699727986798,-37.90684489682217,48,-90.0,-180.0,1,0,2100,15.573187572880448,279.546997279868,0.0,-99.66068058547472
19,-143.29538848165868,33.72145563732448,48,-90.0,-180.0,1,0,2100,16.438186626218695,36.70461151834132,0.0,-99.9702533208356
20,-40.02019014844174,46.945580353278245,48,-90.0,-180.0,1,0,2100,16.539737529096712,139.97980985155823,0.0,-100.23750983394365
21,-1.1835040910422379,49.16330374227297,48,-90.0,-180.0,1,0,2100,16.555801995440802,178.8164959089578,0.0,-100.26594184334633
22,180.7435999306618,-88.24297934184142,48,-90.0,-180.0,1,0,2100,12.183778519787538,0.7435999306617873,0.0,-97.83286479967359
23,16.074179364161466,71.82985745988975,48,-90.0,-180.0,1,0,2100,16.706699416521687,196.07417936416147,0.0,-100.33801724240662
24,30.011512002229694,-71.85707913594553,48,-90.0,-180.0,1,0,2100,14.51843478500913,210.01151200222967,0.0,-99.1464032161174
25,-26.156750708765856,-99.48282525352434,48,-90.0,-180.0,1,0,2100,13.869637081988015,333.84324929123414,0.0,-98.72965806675519
26,-122.61728269601356,6.22738559019065,48,-90.0,-180.0,1,0,2100,16.186867924293107,57.38271730398645,0.0,-99.91344763905902
27,-14.518031182264508,-8.25010065560599,48,-90.0,-180.0,1,0,2100,16.02381852868642,165.4819688177355,0.0,-99.98736065452594
28,-23.009440447483797,45.662479715833456,48,-90.0,-180.0,1,0,2100,16.530323940754723,156.99055955251617,0.0,-100.24636977018993
29,-189.11309200216496,46.599622384580215,48,-90.0,-180.0,1,0,2100,16.53720808879238,350.886907997835,0.0,-99.92157107031692
30,93.02246831033568,-12.694307546972922,48,-90.0,-180.0,1,0,2100,15.967921550418506,273.0224683103357,0.0,-99.87146685472169
31,152.40489859088393,83.98674388017929,48,-90.0,-180.0,1,0,2100,16.779133003631834,332.40489859088393,0.0,-100.08560021099503
0,46.84920072114056,-0.6014229531836008,48,0.0,0.0,2,120,2100,15.46715113755433,330.8243416364483,0.0,-99.68484840219925
1,24.37563161870733,84.85798110302238,48,0.0,0.0,2,120,2100,16.066532577573103,242.12693738199988,0.0,-100.01617943061329
2,-5.856479590094608,-68.44001570617563,48,0.0,0.0,2,120,2100,15.847835941660186,62.30873654639154,0.0,-99.89256810514965
3,-79.10109341186764,-98.93363272965163,48,0.0,0.0,2,120,2100,16.138485980014337,51.224978795204606,0.0,-100.04939677352262
4,-182.24437677109603,-51.69667022794002,48,0.0,0.0,2,120,2100,16.47428058733334,58.22830444491149,0.0,-100.22748613000397
5,-24.122226225700786,-40.144864120367814,48,0.0,0.0,2,120,2100,15.443565757014447,85.85287495985321,0.0,-99.67045024865577
6,-56.34755321511204,33.571153941477974,48,0.0,0.0,2,120,2100,15.755349325410918,188.56489293697916,0.0,-99.84392416915804
7,185.564818423181,33.20968989443119,48,0.0,0.0,2,120,2100,16.606360273343224,231.57383962466088,0.0,-100.3046964374133
8,161.14703787006607,-27.133246102082126,48,0.0,0.0,2,120,2100,16.613124323881255,27.76571552852522,0.0,-100.29325818303032
9,64.5531123541771,-49.00243249379605,48,0.0,0.0,2,120,2100,15.919175071496786,21.872174327536868,0.0,-99.92814542415518
10,-69.2517063448733,-60.329701548011954,48,0.0,0.0,2,120,2100,16.000932357154824,88.04670183068063,0.0,-99.97626050810752
11,178.52732640523624,84.4499486058061,48,0.0,0.0,2,120,2100,16.179784896676864,240.14308479366542,0.0,-100.07744892517091
12,105.94932555842752,3.8847417209950805,48,0.0,0.0,2,120,2100,16.28275971345011,325.96023352429415,0.0,-100.12426591775413
13,29.269692895104185,-45.0693470555461,48,0.0,0.0,2,120,2100,15.570809388466639,33.9997028440323,0.0,-99.73724865089667
14,31.034477275584123,-77.11834701238735,48,0.0,0.0,2,120,2100,15.98944145088542,53.27565190257087,0.0,-99.96922447662851
15,-113.4844347189562,10.666629068109543,48,0.0,0.0,2,120,2100,16.348028113631447,161.60486578215784,0.0,-100.16394863361786
16,189.83394949745667,-83.39311454115557,48,0.0,0.0,2,120,2100,16.189794207790026,61.1332924876217,0.0,-100.07739039609146
17,11.923416521075552,22.911020590707878,48,0.0,0.0,2,120,2100,14.865820852701708,266.0511433296758,0.0,-99.33847334270487
18,99.54699727986798,-37.90684489682217,48,0.0,0.0,2,120,2100,16.20020568930859,8.29486092816569,0.0,-100.07590208521414
19,-143.29538848165868,33.72145563732448,48,0.0,0.0,2,120,2100,16.501615327647038,198.15646916885646,0.0,-100.24808000467156
20,-40.02019014844174,46.945580353278245,48,0.0,0.0,2,120,2100,15.688813390722954,209.0023943609748,0.0,-99.80799567567585
21,-1.1835040910422379,49.16330374227297,48,0.0,0.0,2,120,2100,15.515516347333785,238.97728454471513,0.0,-99.71236125018694
22,180.7435999306618,-88.24297934184142,48,0.0,0.0,2,120,2100,16.13929632849156,60.022809592501744,0.0,-100.05030606457828
23,16.074179364161466,71.82985745988975,48,0.0,0.0,2,120,2100,15.904616394781884,245.19244602595523,0.0,-99.92793012075578
24,30.011512002229694,-71.85707913594553,48,0.0,0.0,2,120,2100,15.929034681498672,50.69215499964753,0.0,-99.93629350814362
25,-26.156750708765856,-99.48282525352434,48,0.0,0.0,2,120,2100,16.210251956322864,55.78870864726878,0.0,-100.08803014660486
26,-122.61728269601356,6.22738559019065,48,0.0,0.0,2,120,2100,16.427457942146763,157.3815393182087,0.0,-100.20634877102725
27,-14.518031182264508,-8.25010065560599,48,0.0,0.0,2,120,2100,14.432834943826965,119.95510355642156,0.0,-99.09233975072014
28,-23.009440447483797,45.662479715833456,48,0.0,0.0,2,120,2100,15.531438593998915,219.09581359444093,0.0,-99.72117196696769
29,-189.11309200216496,46.599622384580215,48,0.0,0.0,2,120,2100,16.508397558967356,248.51832451109016,0.0,-100.25297972475082
30,93.02246831033568,-12.694307546972922,48,0.0,0.0,2,120,2100,16.152199751451707,342.7114165748955,0.0,-100.05227096938822
31,152.40489859088393,83.98674388017929,48,0.0,0.0,2,120,2100,16.177468080334826,242.79351875397668,0.0,-100.07630760812172
0,46.84920072114056,-0.6014229531836008,48,90.0,180.0,3,240,2100,16.12662385824606,73.15079927885944,0.0,-99.98769059197255
1,24.37563161870733,84.85798110302238,48,90.0,180.0,3,240,2100,13.257601371163908,95.6243683812927,0.0,-98.37320230381883
2,-5.856479590094608,-68.44001570617563,48,90.0,180.0,3,240,2100,16.685529968866277,125.85647959009458,0.0,-100.3407942983808
3,-79.10109341186764,-98.93363272965163,48,90.0,180.0,3,240,2100,16.76220548669611,19.101093411867566,0.0,-100.09217274554702
4,-182.24437677109603,-51.69667022794002,48,90.0,180.0,3,240,2100,16.57384255135834,302.244376771096,0.0,-99.50883756695724
5,-24.122226225700786,-40.144864120367814,48,90.0,180.0,3,240,2100,16.48880207873703,144.12222622570079,0.0,-100.22301283489938
6,-56.34755321511204,33.571153941477974,48,90.0,180.0,3,240,2100,15.653134482173723,176.34755321511204,0.0,-99.71127205553198
7,185.564818423181,33.20968989443119,48,90.0,180.0,3,240,2100,15.659519712907496,294.435181576819,0.0,-99.23056333637332
8,161.14703787006607,-27.133246102082126,48,90.0,180.0,3,240,2100,16.38346605934385,318.8529621299339,0.0,-99.33798830736313
9,64.5531123541771,-49.00243249379605,48,90.0,180.0,3,240,2100,16.5546453378438,55.44688764582287,0.0,-100.15714024355881
10,-69.2517063448733,-60.329701548011954,48,90.0,180.0,3,240,2100,16.632984792366848,189.2517063448733,0.0,-100.17819908543414
11,178.52732640523624,84.4499486058061,48,90.0,180.0,3,240,2100,13.333962646794395,301.47267359476376,0.0,-98.32612430411547
12,105.94932555842752,3.8847417209950805,48,90.0,180.0,3,240,2100,16.075840556117537,14.050674441572482,0.0,-99.75136920691295
13,29.269692895104185,-45.0693470555461,48,90.0,180.0,3,240,2100,16.525942235234698,90.73030710489581,0.0,-100.23465769487798
14,31.034477275584123,-77.11834701238735,48,90.0,180.0,3,240,2100,16.738856120215473,88.96552272441585,0.0,-100.33995291553215
15,-113.4844347189562,10.666629068109543,48,90.0,180.0,3,240,2100,15.993812812452884,233.48443471895615,0.0,-99.67768854228581
16,189.83394949745667,-83.39311454115557,48,90.0,180.0,3,240,2100,16.77571524712246,290.1660505025434,0.0,-99.65923778498579
17,11.923416521075552,22.911020590707878,48,90.0,180.0,3,240,2100,15.826173763380813,108.07658347892442,0.0,-99.87339095679388
18,99.54699727986798,-37.90684489682217,48,90.0,180.0,3,240,2100,16.471456135236828,20.45300272013202,0.0,-99.96805562876415
19,-143.29538848165868,33.72145563732448,48,90.0,180.0,3,240,2100,15.650467367614096,263.2953884816586,0.0,-99.38213056859338
20,-40.02019014844174,46.945580353278245,48,90.0,180.0,3,240,2100,15.382618937642725,160.02019014844177,0.0,-99.596954217359
21,-1.1835040910422379,49.16330374227297,48,90.0,180.0,3,240,2100,15.329735155520922,121.18350409104227,0.0,-99.59914970072968
22,180.7435999306618,-88.24297934184142,48,90.0,180.0,3,240,2100,16.803301562620465,299.25640006933827,0.0,-99.60432036239453
23,16.074179364161466,71.82985745988975,48,90.0,180.0,3,240,2100,14.51993406186075,103.92582063583853,0.0,-99.13796976064589
24,30.011512002229694,-71.85707913594553,48,90.0,180.0,3,240,2100,16.70686761407019,89.98848799777028,0.0,-100.32585065132011
25,-26.156750708765856,-99.48282525352434,48,90.0,180.0,3,240,2100,16.758989916268096,326.1567507087658,0.0,-99.40088572040956
26,-122.61728269601356,6.22738559019065,48,90.0,180.0,3,240,2100,16.048260104577086,242.61728269601355,0.0,-99.65814358277156
27,-14.518031182264508,-8.25010065560599,48,90.0,180.0,3,240,2100,16.207670206950024,134.5180311822645,0.0,-100.08230672262462
28,-23.009440447483797,45.662479715833456,48,90.0,180.0,3,240,2100,15.41198532048838,143.00944044748383,0.0,-99.63451508486446
29,-189.11309200216496,46.599622384580215,48,90.0,180.0,3,240,2100,15.39062218915372,309.11309200216493,0.0,-99.0626397024777
30,93.02246831033568,-12.694307546972922,48,90.0,180.0,3,240,2100,16.251910615183196,26.977531689664318,0.0,-99.8942627123387
31,152.40489859088393,83.98674388017929,48,90.0,180.0,3,240,2100,13.414121719683127,327.59510140911607,0.0,-98.33214949523597
0,47.92181936597291,1.357859516059193,49,-90.0,-180.0,1,0,2100,16.134938255132766,227.92181936597288,0.0,-100.02294624208304
1,23.049164555256738,85.73560516413488,49,-90.0,-180.0,1,0,2100,16.78913451355598,203.04916455525677,0.0,-100.37484249182533
2,-4.263184944947028,-70.38281922964798,49,-90.0,-180.0,1,0,2100,14.596560050399244,175.73681505505294,0.0,-99.19571258969549
3,-75.81899199857735,-99.91815952631114,49,-90.0,-180.0,1,0,2100,13.91452211847907,284.18100800142264,0.0,-98.77257224355304
4,-181.71875260276718,-51.64496096835557,49,-90.0,-180.0,1,0,2100,15.267039989548817,358.2812473972328,0.0,-99.35981465165958
5,-23.95495361573711,-40.06131600266527,49,-90.0,-180.0,1,0,2100,15.530949952998402,156.04504638426283,0.0,-99.71789462645278
6,-54.091342461763844,34.48483628342876,49,-90.0,-180.0,1,0,2100,16.44433782401433,125.90865753823613,0.0,-100.17336097866911
7,186.43392996426672,33.93336146790375,49,-90.0,-180.0,1,0,2100,16.43989792640173,6.433929964266724,0.0,-99.87259713465434
8,161.69811850536422,-27.389492255763727,49,-90.0,-180.0,1,0,2100,15.757087103121364,341.6981185053642,0.0,-99.61616943251397
9,65.31795467749006,-48.88423716545527,49,-90.0,-180.0,1,0,2100,15.336545630700805,245.31795467749004,0.0,-99.58202768641924
10,-72.8296896543719,-60.56701545539425,49,-90.0,-180.0,1,0,2100,15.002270114238291,107.17031034562808,0.0,-99.39393452136851
11,175.35254158302143,85.27121725280148,49,-90.0,-180.0,1,0,2100,16.786488478613883,355.3525415830214,0.0,-100.00441329725182
12,104.45230111664472,2.3958536314860908,49,-90.0,-180.0,1,0,2100,16.146236041032463,284.4523011166447,0.0,-99.93649805755655
13,29.267019893355553,-45.067005710059,49,-90.0,-180.0,1,0,2100,15.42532640451461,209.26701989335552,0.0,-99.65755226230628
14,33.570355718555305,-75.55500846498867,49,-90.0,-180.0,1,0,2100,14.290502210077953,213.57035571855528,0.0,-99.01278225169199
15,-113.94420363016435,10.262983337390295,49,-90.0,-180.0,1,0,2100,16.22795049728198,66.05579636983566,0.0,-99.95407937960576
16,189.60641662982704,-83.40275241309018,49,-90.0,-180.0,1,0,2100,13.506807731707053,9.606416629826981,0.0,-98.54118571101739
17,11.95164449787302,22.900223046773718,49,-90.0,-180.0,1,0,2100,16.346658366619515,191.951644497873,0.0,-100.15734746426843
18,97.16091885077412,-38.94490287986652,49,-90.0,-180.0,1,0,2100,15.553059401506367,277.1609188507741,0.0,-99.65428538869448
19,-142.1595396373647,34.90657092595231,49,-90.0,-180.0,1,0,2100,16.44771993744693,37.840460362635326,0.0,-99.97788817947745
20,-43.283836028866546,45.767627139107475,49,-90.0,-180.0,1,0,2100,16.531098706846755,136.71616397113348,0.0,-100.22974371698703
21,-2.1526165184005777,48.961633120423954,49,-90.0,-180.0,1,0,2100,16.554351779243426,177.84738348159942,0.0,-100.26518346197216
22,185.01662534559006,-87.52515415347636,49,-90.0,-180.0,1,0,2100,12.526335579929908,5.016625345590057,0.0,-98.0206152346802
23,13.537755801829576,74.40655067189664,49,-90.0,-180.0,1,0,2100,16.722496222689173,193.53775580182958,0.0,-100.34682613375273
24,33.14708191415929,-72.03603170392658,49,-90.0,-180.0,1,0,2100,14.508522330717419,213.14708191415926,0.0,-99.13980383973643
25,-25.83963093311297,-99.41444196122208,49,-90.0,-180.0,1,0,2100,13.862399683585108,334.16036906688703,0.0,-98.72579323859838
26,-122.3064972291495,6.230058774025281,49,-90.0,-180.0,1,0,2100,16.18689570377022,57.6935027708505,0.0,-99.91424248107617
27,-15.681971162896872,-6.366848555840804,49,-90.0,-180.0,1,0,2100,16.046593937557866,164.31802883710316,0.0,-99.99904993666816
28,-23.546610495512567,45.340719746577236,49,-90.0,-180.0,1,0,2100,16.527949355511787,156.4533895044874,0.0,-100.24483842318439
29,-189.19430177396652,46.0387256066216,49,-90.0,-180.0,1,0,2100,16.533093498629594,350.8056982260335,0.0,-99.92016368949756
30,94.05037095454418,-12.945643122471068,49,-90.0,-180.0,1,0,2100,15.96466506314157,274.0503709545442,0.0,-99.86793746448036
31,154.61628867388083,82.43068980369108,49,-90.0,-180.0,1,0,2100,16.770149249871505,334.61628867388083,0.0,-100.07412969271074
0,47.92181936597291,1.357859516059193,49,0.0,0.0,2,120,2100,15.49002799934054,328.17084952830726,0.0,-99.69773943194701
1,23.049164555256738,85.73560516413488,49,0.0,0.0,2,120,2100,16.07539144246141,241.6722143042998,0.0,-100.02097045383071
2,-4.263184944947028,-70.38281922964798,49,0.0,0.0,2,120,2100,15.87490550382339,61.51773570360177,0.0,-99.90731534284554
3,-75.81899199857735,-99.91815952631114,49,0.0,0.0,2,120,2100,16.146480157868762,50.37834413287533,0.0,-100.05362131886397
4,-181.71875260276718,-51.64496096835557,49,0.0,0.0,2,120,2100,16.474795167190898,58.640387346495345,0.0,-100.22779967864386
5,-23.95495361573711,-40.06131600266527,49,0.0,0.0,2,120,2100,15.440468215709664,85.77234026015782,0.0,-99.66871946016362
6,-54.091342461763844,34.48483628342876,49,0.0,0.0,2,120,2100,15.732503877823888,190.3000510268709,0.0,-99.83148464945171
7,186.43392996426672,33.93336146790375,49,0.0,0.0,2,120,2100,16.600563387952757,230.54421200327886,0.0,-100.30165083495788
8,161.69811850536422,-27.389492255763727,49,0.0,0.0,2,120,2100,16.613688729748983,28.78057389696312,0.0,-100.29382048025785
9,65.31795467749006,-48.88423716545527,49,0.0,0.0,2,120,2100,15.92505826744441,21.582181685744843,0.0,-99.93130181379667
10,-72.8296896543719,-60.56701545539425,49,0.0,0.0,2,120,2100,16.02270247526598,88.32834624306801,0.0,-99.98803739502156
11,175.35254158302143,85.27121725280148,49,0.0,0.0,2,120,2100,16.171007310969824,240.38401400417047,0.0,-100.07272270200572
12,104.45230111664472,2.3958536314860908,49,0.0,0.0,2,120,2100,16.268760860025232,327.5259496089508,0.0,-100.11664668580495
13,29.267019893355553,-45.067005710059,49,0.0,0.0,2,120,2100,15.57075151595116,33.99973700415762,0.0,-99.73722565732974
14,33.570355718555305,-75.55500846498867,49,0.0,0.0,2,120,2100,15.976913671709356,51.89337409349605,0.0,-99.96236612271211
15,-113.94420363016435,10.262983337390295,49,0.0,0.0,2,120,2100,16.352289414050286,161.2059277567149,0.0,-100.16622081609489
16,189.60641662982704,-83.40275241309018,49,0.0,0.0,2,120,2100,16.189741856508842,61.10569731530961,0.0,-100.077363221876
17,11.95164449787302,22.900223046773718,49,0.0,0.0,2,120,2100,14.865934680712751,266.1157626676815,0.0,-99.33853187178433
18,97.16091885077412,-38.94490287986652,49,0.0,0.0,2,120,2100,16.17994657193935,9.164419455757297,0.0,-100.06546300583027
19,-142.1595396373647,34.90657092595231,49,0.0,0.0,2,120,2100,16.49048379698232,198.6791510744569,0.0,-100.24217483862041
20,-43.283836028866546,45.767627139107475,49,0.0,0.0,2,120,2100,15.705829524616084,206.2775380022797,0.0,-99.81727462509215
21,-2.1526165184005777,48.961633120423954,49,0.0,0.0,2,120,2100,15.511909393862418,238.12733472844553,0.0,-99.71034617759462
22,185.01662534559006,-87.52515415347636,49,0.0,0.0,2,120,2100,16.146988022655044,60.2165460640222,0.0,-100.05443654532768
23,13.537755801829576,74.40655067189664,49,0.0,0.0,2,120,2100,15.935644738239121,243.73777348537095,0.0,-99.94486383763379
24,33.14708191415929,-72.03603170392658,49,0.0,0.0,2,120,2100,15.93810800014604,49.94689526531647,0.0,-99.94118486692581
25,-25.83963093311297,-99.41444196122208,49,0.0,0.0,2,120,2100,16.2098637964251,55.866534793385426,0.0,-100.0878315657996
26,-122.3064972291495,6.230058774025281,49,0.0,0.0,2,120,2100,16.42493516615316,157.35953973602187,0.0,-100.20499842155148
27,-15.681971162896872,-6.366848555840804,49,0.0,0.0,2,120,2100,14.447175246153288,127.56856416230318,0.0,-99.10204721661096
28,-23.546610495512567,45.340719746577236,49,0.0,0.0,2,120,2100,15.529814765655992,218.4572978722145,0.0,-99.72026894688481
29,-189.19430177396652,46.0387256066216,49,0.0,0.0,2,120,2100,16.51242254176956,248.75992711241025,0.0,-100.25509095225937
30,94.05037095454418,-12.945643122471068,49,0.0,0.0,2,120,2100,16.16288747041709,342.97696198112,0.0,-100.05765146404863
31,154.61628867388083,82.43068980369108,49,0.0,0.0,2,120,2100,16.193161110103137,243.26028542342732,0.0,-100.08479223431699
0,47.92181936597291,1.357859516059193,49,90.0,180.0,3,240,2100,16.104761312393304,72.07818063402709,0.0,-99.97347910979457
1,23.049164555256738,85.73560516413488,49,90.0,180.0,3,240,2100,13.070456226948725,96.95083544474323,0.0,-98.25322485132797
2,-4.263184944947028,-70.38281922964798,49,90.0,180.0,3,240,2100,16.697717473956537,124.263184944947,0.0,-100.34747378601942
3,-75.81899199857735,-99.91815952631114,49,90.0,180.0,3,240,2100,16.756433628860144,15.818991998577303,0.0,-100.07198663612165
4,-181.71875260276718,-51.64496096835557,49,90.0,180.0,3,240,2100,16.573477555528665,301.71875260276715,0.0,-99.5122526509475
5,-23.95495361573711,-40.06131600266527,49,90.0,180.0,3,240,2100,16.488159910170815,143.9549536157371,0.0,-100.22290260565599
6,-54.091342461763844,34.48483628342876,49,90.0,180.0,3,240,2100,15.636810205652917,174.09134246176382,0.0,-99.70780438511369
7,186.43392996426672,33.93336146790375,49,90.0,180.0,3,240,2100,15.64669495757328,293.5660700357332,0.0,-99.23025489674731
8,161.69811850536422,-27.389492255763727,49,90.0,180.0,3,240,2100,16.38565131641374,318.3018814946358,0.0,-99.34221140204578
9,65.31795467749006,-48.88423716545527,49,90.0,180.0,3,240,2100,16.553794664956385,54.68204532250991,0.0,-100.154008317258
10,-72.8296896543719,-60.56701545539425,49,90.0,180.0,3,240,2100,16.634562170443825,192.82968965437192,0.0,-100.16498067772417
11,175.35254158302143,85.27121725280148,49,90.0,180.0,3,240,2100,13.173823562038377,304.64745841697857,0.0,-98.25876968565387
12,104.45230111664472,2.3958536314860908,49,90.0,180.0,3,240,2100,16.092982272623846,15.547698883355281,0.0,-99.76639577872555
13,29.267019893355553,-45.067005710059,49,90.0,180.0,3,240,2100,16.52592490069007,90.73298010664445,0.0,-100.23465567232306
14,33.570355718555305,-75.55500846498867,49,90.0,180.0,3,240,2100,16.7294574115697,86.42964428144467,0.0,-100.33041960289486
15,-113.94420363016435,10.262983337390295,49,90.0,180.0,3,240,2100,15.998887880887702,233.94420363016434,0.0,-99.67787765117126
16,189.60641662982704,-83.40275241309018,49,90.0,180.0,3,240,2100,16.775770829511732,290.393583370173,0.0,-99.65766727108681
17,11.95164449787302,22.900223046773718,49,90.0,180.0,3,240,2100,15.82633469404005,108.04835550212698,0.0,-99.87346073493879
18,97.16091885077412,-38.94490287986652,49,90.0,180.0,3,240,2100,16.479539113617673,22.839081149225876,0.0,-99.98346749728991
19,-142.1595396373647,34.90657092595231,49,90.0,180.0,3,240,2100,15.629184457831618,262.1595396373647,0.0,-99.3785364884923
20,-43.283836028866546,45.767627139107475,49,90.0,180.0,3,240,2100,15.409610982039764,163.28383602886652,0.0,-99.60635201881632
21,-2.1526165184005777,48.961633120423954,49,90.0,180.0,3,240,2100,15.334661465870406,122.15261651840058,0.0,-99.60184576644423
22,185.01662534559006,-87.52515415347636,49,90.0,180.0,3,240,2100,16.799266203302825,294.98337465441,0.0,-99.63322772865493
23,13.537755801829576,74.40655067189664,49,90.0,180.0,3,240,2100,14.367005327574223,106.46224419817042,0.0,-99.05077135017991
24,33.14708191415929,-72.03603170392658,49,90.0,180.0,3,240,2100,16.70797262415083,86.85291808584071,0.0,-100.32055357997248
25,-25.83963093311297,-99.41444196122208,49,90.0,180.0,3,240,2100,16.75939087048537,325.83963093311297,0.0,-99.40322177134752
26,-122.3064972291495,6.230058774025281,49,90.0,180.0,3,240,2100,16.04822819407485,242.3064972291495,0.0,-99.65969285984383
27,-15.681971162896872,-6.366848555840804,49,90.0,180.0,3,240,2100,16.18831618132567,135.68197116289684,0.0,-100.0708155768203
28,-23.546610495512567,45.340719746577236,49,90.0,180.0,3,240,2100,15.419216171581807,143.54661049551254,0.0,-99.63802624021363
29,-189.19430177396652,46.0387256066216,49,90.0,180.0,3,240,2100,15.403463163583696,309.1943017739665,0.0,-99.06667571082981
30,94.05037095454418,-12.945643122471068,49,90.0,180.0,3,240,2100,16.25435503979884,25.949629045455822,0.0,-99.89089313583425
31,154.61628867388083,82.43068980369108,49,90.0,180.0,3,240,2100,13.644256967033408,325.38371132611917,0.0,-98.41565168657715
