mock_ue_id,lon,lat,tick
0,-97.70107912696241,30.3133967421034,0
1,-97.72286740309758,30.296241294050976,0
2,-97.76812236140498,30.29066825668099,0
3,-97.70650845093509,30.22984316290384,0
4,-97.71674533988843,30.2705801006597,0
5,-97.72079086895192,30.25580274252615,0
6,-97.75077032228104,30.239100813225487,0
7,-97.73043355024473,30.235400492159435,0
8,-97.73492481326915,30.279015583888874,0
9,-97.7280595387803,30.24145672827355,0
10,-97.78706237010546,30.309428792010113,0
11,-97.75249519894295,30.278432076676392,0
12,-97.70025495538472,30.298881017005186,0
13,-97.77181282977641,30.254696624987492,0
14,-97.79190123871976,30.311943430897426,0
15,-97.73802636206138,30.252310539823128,0
16,-97.75711093013675,30.27248290016901,0
17,-97.70926007302624,30.24911690586847,0
18,-97.77072210410957,30.31209274175955,0
19,-97.78299975506205,30.251790263214307,0
20,-97.70907362187613,30.30945774945019,0
21,-97.77975348314192,30.228366540076106,0
22,-97.77728555880732,30.2760259694544,0
23,-97.73326519721815,30.283274584547055,0
24,-97.70458335269797,30.235548260797895,0
25,-97.77540772914902,30.23881857129485,0
26,-97.76341392656357,30.26391986338332,0
27,-97.714637465284,30.31307296165834,0
28,-97.69441365254458,30.27988130551984,0
29,-97.74365489118328,30.310267123775365,0
30,-97.7807646452037,30.29864960625179,0
31,-97.794309948895,30.268260819659545,0
32,-97.77174798416705,30.296800508054652,0
33,-97.78200560145446,30.22772171856696,0
34,-97.72512378321926,30.23598978283749,0
35,-97.78305251503224,30.300835411007185,0
36,-97.74316243868813,30.29780025698748,0
37,-97.72348917102993,30.24694225108665,0
38,-97.7353208899414,30.273957182171948,0
39,-97.7750709286241,30.280782126824572,0
40,-97.71208024842224,30.304255656777016,0
41,-97.72112734535077,30.28032915231527,0
42,-97.71869524895011,30.26316426501851,0
43,-97.78206786759728,30.259822185290858,0
44,-97.78289859984235,30.264542276695387,0
45,-97.69908742931845,30.28493648960454,0
46,-97.7543829868793,30.30433976144519,0
47,-97.7645535901061,30.26693768399514,0
48,-97.74497897109259,30.248455899531663,0
49,-97.72655428494876,30.247447656789127,0
0,-97.70085784092633,30.313387933254457,1
1,-97.7230236993666,30.29669586152999,1
2,-97.76922035286496,30.290442736937308,1
3,-97.70669403871109,30.23003076780125,1
4,-97.71618304578075,30.27082792777374,1
5,-97.72199583671798,30.256378615712514,1
6,-97.7507216940508,30.238943849334245,1
7,-97.7299605715497,30.23522012606564,1
8,-97.73496945445987,30.279237530773393,1
9,-97.72803757885846,30.241120790265512,1
10,-97.78698534492995,30.309428643818904,1
11,-97.75309766202285,30.278107910144303,1
12,-97.69939730440136,30.298307045058817,1
13,-97.77183792817718,30.254834074465844,1
14,-97.79192093333755,30.311932985031476,1
15,-97.73823028019726,30.25220155298956,1
16,-97.75620648207253,30.272535210078193,1
17,-97.70923644870311,30.24895214764898,1
18,-97.77127231423435,30.312359020387614,1
19,-97.78217245419451,30.251475435366356,1
20,-97.7089069659366,30.309653390978383,1
21,-97.77972714793593,30.22874364408748,1
22,-97.77664997972173,30.276674398997656,1
23,-97.73316960382698,30.283888243830894,1
24,-97.7044729006878,30.235220679880175,1
25,-97.77515810683299,30.23833681886415,1
26,-97.76358604426571,30.26384489118905,1
27,-97.71432532792214,30.31310636782032,1
28,-97.69425245664918,30.279924676855927,1
29,-97.7436290155113,30.31024102897102,1
30,-97.78071505978691,30.298697940097572,1
31,-97.79431452075366,30.268225558176493,1
32,-97.77153962938442,30.296924462970864,1
33,-97.78191780836526,30.228640569962344,1
34,-97.72514869651718,30.234624099203078,1
35,-97.78309576502399,30.300863764139045,1
36,-97.74338836177033,30.297685740863358,1
37,-97.72378466965213,30.24683394524228,1
38,-97.73524587080988,30.273857819336815,1
39,-97.7740732492259,30.280610150161415,1
40,-97.71237078842752,30.304141252913265,1
41,-97.72069353958996,30.279295200834667,1
42,-97.71869565448056,30.26392060654403,1
43,-97.7814111261509,30.259993728772642,1
44,-97.78299037179788,30.264510769684218,1
45,-97.69903924429336,30.28501200547545,1
46,-97.75427489640022,30.303858478416863,1
47,-97.76450758867016,30.267031764575716,1
48,-97.74592094055124,30.24857455131499,1
49,-97.7263197302461,30.247022961253577,1
0,-97.70090903739263,30.31333822179602,2
1,-97.72271739983431,30.29684040802599,2
2,-97.76957049387097,30.29043344949313,2
3,-97.70709220244734,30.230358401981185,2
4,-97.71512000603553,30.27157939391303,2
5,-97.7218398144797,30.25625200186283,2
6,-97.75051231259351,30.238701514943617,2
7,-97.73021666741913,30.235306998935318,2
8,-97.73518153554595,30.279639771814896,2
9,-97.7280966148864,30.241394244771648,2
10,-97.7874912038116,30.309798113185835,2
11,-97.75363507852363,30.27801292186042,2
12,-97.69787450816862,30.298698087280158,2
13,-97.77169959275952,30.25453604317505,2
14,-97.79222351723688,30.311561945361376,2
15,-97.73848722188401,30.252089288124044,2
16,-97.75610181121407,30.273458518223535,2
17,-97.70919138540677,30.248842069615698,2
18,-97.77088845439329,30.313711808507954,2
19,-97.78233958248619,30.250099392322095,2
20,-97.70898271936102,30.30970302023494,2
21,-97.77942325224133,30.2289209570511,2
22,-97.77678441412657,30.276362913562625,2
23,-97.7334823162732,30.2834433208936,2
24,-97.70473516074863,30.23564445832453,2
25,-97.77398165425625,30.237799406981004,2
26,-97.76362924330363,30.263351419173762,2
27,-97.71381142876508,30.31301688603309,2
28,-97.6942084720078,30.280351281427677,2
29,-97.74374658412012,30.310408371035667,2
30,-97.78147611783187,30.298439231674124,2
31,-97.79538788431545,30.26735005686683,2
32,-97.77133011678556,30.296817026038514,2
33,-97.78161943706205,30.228755330920485,2
34,-97.72537587441121,30.234213734414233,2
35,-97.78264255015667,30.30098363433175,2
36,-97.74337135219233,30.29742672882606,2
37,-97.72450875506966,30.24691828751985,2
38,-97.73534631411175,30.273917272866253,2
39,-97.77402817448304,30.280482524076128,2
40,-97.71216770085621,30.304247685008026,2
41,-97.72040433725027,30.278794268858466,2
42,-97.7184710711801,30.26408737684321,2
43,-97.78078375015957,30.260630680842862,2
44,-97.78323474830823,30.26443556009012,2
45,-97.69876222676163,30.28532742689191,2
46,-97.75450659174578,30.30354381759584,2
47,-97.76441991541972,30.26706701957139,2
48,-97.74703132744365,30.248621000404103,2
49,-97.72708707818408,30.247474823073492,2
0,-97.70116470138564,30.313314678596154,3
1,-97.72229201704208,30.296884605473547,3
2,-97.76918494902685,30.290906943766284,3
3,-97.70718335172582,30.230372524191974,3
4,-97.7150997024617,30.27158123509703,3
5,-97.72146817766603,30.256206196939896,3
6,-97.7504221379058,30.23864295699061,3
7,-97.73060156601585,30.235326719917627,3
8,-97.73537436510493,30.27879404276828,3
9,-97.72658951236662,30.24166294004819,3
10,-97.78742836165056,30.310153655134624,3
11,-97.75397185310072,30.27821844300833,3
12,-97.69729924005249,30.29855690880422,3
13,-97.77177679628898,30.254223009018297,3
14,-97.79150438159775,30.31216360557233,3
15,-97.73929727830748,30.25174099229995,3
16,-97.75611346862206,30.273451976590696,3
17,-97.70888395799318,30.248754985487363,3
18,-97.77112268234985,30.315069910424967,3
19,-97.78304531575631,30.24956071324502,3
20,-97.70733922385587,30.30934738290892,3
21,-97.77908544201782,30.229110971354704,3
22,-97.7775600107432,30.27555134495142,3
23,-97.73350407257828,30.28325275277706,3
24,-97.70465965479906,30.23556655674753,3
25,-97.77331665194617,30.23756652214762,3
26,-97.76389075778734,30.26311977628135,3
27,-97.71396429098421,30.31298604466241,3
28,-97.69461944482332,30.28074578778364,3
29,-97.74382224591139,30.3101011079642,3
30,-97.78142716941247,30.29844281408073,3
31,-97.79538747278077,30.267309206854787,3
32,-97.77091517435673,30.2966842779416,3
33,-97.78160734468473,30.228788571655382,3
34,-97.72534236294209,30.23424571557689,3
35,-97.78260730303367,30.30106833720038,3
36,-97.74364883653212,30.29673972694617,3
37,-97.72389976867433,30.247277316686525,3
38,-97.73524786226382,30.273948203264055,3
39,-97.77385815989355,30.27934587090609,3
40,-97.71114777573983,30.303997515273558,3
41,-97.7199828482707,30.277720561120532,3
42,-97.7184252022335,30.263675667007274,3
43,-97.78067497229708,30.260592986139333,3
44,-97.78372040554366,30.2636099435342,3
45,-97.69984607646367,30.28428534127597,3
46,-97.75429408744898,30.303116530706617,3
47,-97.76519099075999,30.268251532796818,3
48,-97.74771645467578,30.24917897690179,3
49,-97.72734301655102,30.248131776160186,3
0,-97.70077801355312,30.31323172547961,4
1,-97.72199739790567,30.29711502681951,4
2,-97.76903393017653,30.291080661860132,4
3,-97.70685976905258,30.229934803908368,4
4,-97.71553221520816,30.271710010947928,4
5,-97.72101444244942,30.255808331420432,4
6,-97.75025719750663,30.238406553417864,4
7,-97.73117894625601,30.235390340632527,4
8,-97.73522954147121,30.278160823150493,4
9,-97.72456265618854,30.24235787712014,4
10,-97.7874473417201,30.310307265446845,4
11,-97.75400336706868,30.27821294723771,4
12,-97.69652153779197,30.298291991651087,4
13,-97.77183094065892,30.253983397801985,4
14,-97.79135584143398,30.312161895510464,4
15,-97.74016143404033,30.251597875049352,4
16,-97.75599993734525,30.27338258058626,4
17,-97.70958331947885,30.248530141298524,4
18,-97.77112892468921,30.315082414707035,4
19,-97.78337257327789,30.24934794154772,4
20,-97.70617867768259,30.30966846270308,4
21,-97.78028717267436,30.229532862212775,4
22,-97.77755223978312,30.275562546321538,4
23,-97.73370288150944,30.283102781897064,4
24,-97.70453690923621,30.236066427620308,4
25,-97.77343469044803,30.237598171598545,4
26,-97.76326610445093,30.263954583659984,4
27,-97.71466535835489,30.313302653832128,4
28,-97.69448879275207,30.280684482580455,4
29,-97.74381594945932,30.310119127082345,4
30,-97.78042392277888,30.29891721798025,4
31,-97.79554561213783,30.266659164008946,4
32,-97.770503706389,30.29647917252899,4
33,-97.78109065567688,30.229781011969116,4
34,-97.72616395815993,30.23374018710395,4
35,-97.783226768303,30.3007274715464,4
36,-97.74359377706686,30.29652684822715,4
37,-97.72322370807463,30.247388759259525,4
38,-97.73522215709559,30.274397506115786,4
39,-97.77336764646651,30.279215359845885,4
40,-97.71095596410784,30.30545255019676,4
41,-97.71967293417455,30.276787545806293,4
42,-97.71838143250581,30.263707269483785,4
43,-97.77976047770652,30.260364658939814,4
44,-97.78427984891258,30.262949348173333,4
45,-97.70050633796912,30.283373699947038,4
46,-97.75424296944226,30.30320216654839,4
47,-97.76659975950324,30.268273216174755,4
48,-97.74852870061609,30.24941461092749,4
49,-97.72747295721472,30.249395430864723,4
0,-97.7009879323718,30.313328048272975,5
1,-97.72126983979193,30.29830663699549,5
2,-97.76893557835275,30.29127981853718,5
3,-97.70679859591584,30.22867947278012,5
4,-97.71589183764513,30.271651700600145,5
5,-97.72091477298426,30.255843495704948,5
6,-97.74937821729378,30.237477616230297,5
7,-97.73126003808659,30.235560156121647,5
8,-97.73494695345244,30.276883640887654,5
9,-97.72408344732006,30.242306507878926,5
10,-97.78768732674445,30.31067505831062,5
11,-97.7542356159471,30.278206485291204,5
12,-97.6971374577613,30.298409188275997,5
13,-97.77267700952568,30.253266011668913,5
14,-97.79103512595152,30.311926131624716,5
15,-97.74031157479288,30.251536159073492,5
16,-97.75755956123338,30.273574437123663,5
17,-97.70955999284983,30.24863564884217,5
18,-97.77094976349561,30.314864840628754,5
19,-97.78354567738388,30.24891055027076,5
20,-97.70580287953207,30.31008396865901,5
21,-97.78038427368331,30.229599644379874,5
22,-97.77787091833005,30.275263721370376,5
23,-97.73313926925482,30.28349335474333,5
24,-97.70415296247836,30.23648892604886,5
25,-97.7734528642542,30.237456518722187,5
26,-97.76319731098877,30.264270174296865,5
27,-97.7145547942642,30.313220865171445,5
28,-97.69421587475692,30.28147738904372,5
29,-97.74384297862477,30.309930728122364,5
30,-97.78036001247423,30.29927189185954,5
31,-97.79569785792928,30.2667074611557,5
32,-97.77043680016686,30.296344470613974,5
33,-97.77975785575786,30.230026461911162,5
34,-97.72581145647214,30.23205473447928,5
35,-97.78394783462525,30.30026386575524,5
36,-97.74364026473266,30.296788347268343,5
37,-97.72139557080122,30.247231173481328,5
38,-97.73531578894273,30.27415535089772,5
39,-97.77261047606274,30.27894004826479,5
40,-97.71028560580473,30.30611277373482,5
41,-97.71861252080718,30.27598433087198,5
42,-97.71834004448469,30.26381787660998,5
43,-97.77985470351747,30.26035299480964,5
44,-97.78449638584262,30.262554125765487,5
45,-97.70051536909642,30.283428154445765,5
46,-97.75411784994425,30.30276431412171,5
47,-97.76675283447845,30.268415766496663,5
48,-97.74830884313572,30.25015260728889,5
49,-97.72835072358116,30.249432220372896,5
0,-97.70183982152179,30.313596403190086,6
1,-97.72134052807475,30.298459910802976,6
2,-97.76844775750882,30.29045024750966,6
3,-97.70692453459333,30.22830089619347,6
4,-97.71587008904545,30.271675113901434,6
5,-97.72131743875369,30.25556317994189,6
6,-97.74864201506261,30.237261903189548,6
7,-97.7311880959845,30.235565382848076,6
8,-97.73485198795014,30.276762300389088,6
9,-97.72278297400445,30.243124590779512,6
10,-97.78909442116371,30.310947414135903,6
11,-97.75509336979842,30.278052535039446,6
12,-97.69840528788146,30.297735936759803,6
13,-97.77296054376241,30.25283694797134,6
14,-97.79112456532461,30.311874955299757,6
15,-97.73959234925178,30.251578690152435,6
16,-97.7573033120587,30.273580558555942,6
17,-97.7083722980353,30.248394362213922,6
18,-97.7707378902051,30.314499923888004,6
19,-97.78359222344172,30.248575769938782,6
20,-97.70622556954046,30.30991437118859,6
21,-97.78043031291732,30.229600570487197,6
22,-97.77812533052139,30.275169290736876,6
23,-97.73164028675268,30.28402822821186,6
24,-97.70414145038379,30.236241776801204,6
25,-97.77345736015471,30.237429339153515,6
26,-97.76309385589407,30.264620802139127,6
27,-97.71439845386696,30.313156989708578,6
28,-97.6938082568822,30.28165151629145,6
29,-97.7440465157684,30.309298206418585,6
30,-97.7804602603001,30.299415302438284,6
31,-97.79558281821465,30.266959702879465,6
32,-97.77022079050634,30.29687815500038,6
33,-97.77904936628944,30.229264764314657,6
34,-97.72588781481605,30.231373842731486,6
35,-97.7853489507567,30.29956737702919,6
36,-97.74356262198339,30.29693114110669,6
37,-97.72129071577237,30.247476199135665,6
38,-97.73474327432203,30.27421770566042,6
39,-97.77285555027909,30.279051800441888,6
40,-97.71023124368878,30.30653033751156,6
41,-97.71857939511787,30.275736607086664,6
42,-97.71825044119039,30.264439393210836,6
43,-97.77963539632619,30.260300500281854,6
44,-97.78447830707107,30.26256421842423,6
45,-97.70036241972294,30.28422839541388,6
46,-97.75453306152454,30.30298186534373,6
47,-97.76680416741382,30.268359942200977,6
48,-97.74827481316201,30.24991123706444,6
49,-97.72851253531914,30.248917116294642,6
0,-97.70234512455676,30.313709439894275,7
1,-97.72194056035157,30.299407859645537,7
2,-97.76781370729714,30.2905868613355,7
3,-97.70702591844034,30.22855582358671,7
4,-97.71561993635505,30.272023201676422,7
5,-97.72106338563236,30.25534800112135,7
6,-97.74844633349085,30.23728235960808,7
7,-97.73090030813034,30.23538832156935,7
8,-97.73517381744364,30.27623352226075,7
9,-97.72200425963285,30.243530992832543,7
10,-97.79007072412628,30.31103745199695,7
11,-97.75556055951897,30.278198894134622,7
12,-97.69862502063259,30.2978418254222,7
13,-97.77304560003006,30.251832516893003,7
14,-97.7913898796934,30.311753245209324,7
15,-97.73941306639652,30.25094548222485,7
16,-97.75725876877627,30.27347098351155,7
17,-97.70758079383056,30.248071661243053,7
18,-97.77080407655475,30.314375206724645,7
19,-97.78366178163655,30.248410369957302,7
20,-97.70638487541191,30.309776742379405,7
21,-97.78027638319891,30.22967728626565,7
22,-97.77896285504816,30.2750963189274,7
23,-97.73157162262731,30.284205085159133,7
24,-97.70460296823885,30.2365218697968,7
25,-97.77288773915981,30.23710801909251,7
26,-97.76304415701256,30.265025393881984,7
27,-97.71349801853887,30.31347441248729,7
28,-97.69378238856977,30.28164051919079,7
29,-97.74453762108769,30.30763746294784,7
30,-97.78092606107998,30.29870755506021,7
31,-97.79480971700292,30.267010121918215,7
32,-97.77036623095395,30.29743012615309,7
33,-97.77868451770293,30.229116740495282,7
34,-97.72559709519203,30.231179770946063,7
35,-97.78633941717165,30.29927258486641,7
36,-97.74383491577906,30.296420309004482,7
37,-97.72100945994208,30.247885039599023,7
38,-97.73480973811,30.274056160008392,7
39,-97.7732288142152,30.279369453976706,7
40,-97.70967178246849,30.30747028194329,7
41,-97.7181432548402,30.27556649557509,7
42,-97.71851133236162,30.264514336582465,7
43,-97.77955298032222,30.260312583609615,7
44,-97.78407708709277,30.263450414732056,7
45,-97.70023269338334,30.284327151304716,7
46,-97.75534304083118,30.30424061059672,7
47,-97.76678817203876,30.26840698521246,7
48,-97.74744340161266,30.249526725601473,7
49,-97.72863343455975,30.24875800874578,7
0,-97.70320693088368,30.313785116243732,8
1,-97.72205654500543,30.300273213767372,8
2,-97.76811081615028,30.290849140760628,8
3,-97.7067618356858,30.227073587355125,8
4,-97.71562226675262,30.272025851410763,8
5,-97.72310197529532,30.25601742196471,8
6,-97.74943695398734,30.23710477329789,8
7,-97.73098741456263,30.235334354341884,8
8,-97.73523755212453,30.275633913144258,8
9,-97.72225756090332,30.24355183121879,8
10,-97.79015109151945,30.311049006899307,8
11,-97.7567017246481,30.27844004412358,8
12,-97.69949451579677,30.29827905731285,8
13,-97.7731562938095,30.251163018570303,8
14,-97.79183386080652,30.3113724863024,8
15,-97.73941924667284,30.25112911265208,8
16,-97.75723264212479,30.273369401063015,8
17,-97.70726543118818,30.248110900356235,8
18,-97.77080264138466,30.314495065148577,8
19,-97.78313103433173,30.24887665465318,8
20,-97.70639829368231,30.309962367901708,8
21,-97.77982620710063,30.22974098711241,8
22,-97.77861012757712,30.27483213643876,8
23,-97.7312839507948,30.28432348074826,8
24,-97.70458184999191,30.236337477303753,8
25,-97.7728345718153,30.237058629326654,8
26,-97.76267835374836,30.265564922068904,8
27,-97.71380888195134,30.313534812662837,8
28,-97.693541572937,30.28178421999406,8
29,-97.74432675204379,30.306598540684167,8
30,-97.78119640985301,30.298085052888037,8
31,-97.79500763392701,30.267014974480908,8
32,-97.769720381762,30.297260543389488,8
33,-97.7784469571486,30.227888494049147,8
34,-97.72563954234904,30.231783198822143,8
35,-97.78664857601264,30.29971939915474,8
36,-97.74423824040778,30.295975046383848,8
37,-97.72113057937166,30.247690640197543,8
38,-97.73482318354777,30.274065892720404,8
39,-97.77365267887994,30.2794431389257,8
40,-97.70960727581335,30.30752141695857,8
41,-97.71796326915904,30.275370555803654,8
42,-97.71905772251442,30.264657021191137,8
43,-97.77972192053079,30.260329476106694,8
44,-97.78365994379972,30.2643035699022,8
45,-97.700250838171,30.28446446419984,8
46,-97.75525703735183,30.305268702677726,8
47,-97.76685919962672,30.26802170435746,8
48,-97.74672835723935,30.249475439657918,8
49,-97.72818829154963,30.248791047576496,8
0,-97.7040747000238,30.314386724016014,9
1,-97.72165169665384,30.301073489950447,9
2,-97.7680092247343,30.29109317187548,9
3,-97.70650263413407,30.226612192836754,9
4,-97.71572405892637,30.272553735185472,9
5,-97.72400678828434,30.25606532859146,9
6,-97.75074802466081,30.236786566924675,9
7,-97.73092070120815,30.235345791627907,9
8,-97.73486270716619,30.275403864496038,9
9,-97.72080316552423,30.243420419429846,9
10,-97.78944180237038,30.311451005113046,9
11,-97.75806754503255,30.27918266680155,9
12,-97.69971695527173,30.298731165991615,9
13,-97.77365017943028,30.250308703663034,9
14,-97.79185406550047,30.311380715517238,9
15,-97.73938401917111,30.252065761083,9
16,-97.75720045515888,30.273349420003694,9
17,-97.70720876369619,30.248144283271365,9
18,-97.76992377913744,30.313135980980825,9
19,-97.78360552607437,30.249370533239013,9
20,-97.70582509046814,30.310778817302953,9
21,-97.77940558546653,30.229568086769298,9
22,-97.7783356422711,30.27476486112363,9
23,-97.7309027447519,30.28461328231779,9
24,-97.70451911206746,30.236171085916908,9
25,-97.77291214881167,30.23707776143081,9
26,-97.7625446551383,30.265673159102416,9
27,-97.71482569365396,30.313644851051055,9
28,-97.69431572179646,30.281661645221817,9
29,-97.74424575200693,30.306462738535526,9
30,-97.78144002869567,30.297668728349883,9
31,-97.79485280602478,30.266873999664625,9
32,-97.76928844623897,30.297165189496358,9
33,-97.77743489136672,30.227103686047414,9
34,-97.72545293332115,30.232226201215067,9
35,-97.78719870542011,30.299325051830497,9
36,-97.74518094690858,30.295296411474467,9
37,-97.72184533595208,30.246826294709997,9
38,-97.73466552961406,30.27436481891983,9
39,-97.77400453592841,30.28018914193692,9
40,-97.7103913471564,30.307343853916812,9
41,-97.7176854583236,30.274574399924337,9
42,-97.71891925895505,30.26469180384533,9
43,-97.77937007490489,30.26031616257771,9
44,-97.78403635694912,30.265086396203767,9
45,-97.70021482395252,30.2839766117859,9
46,-97.7552359134697,30.306277634735693,9
47,-97.76650173324535,30.268429577650075,9
48,-97.74589445087314,30.24926837632233,9
49,-97.72783345189903,30.24975512320535,9
0,-97.70328438450969,30.314008417540045,10
1,-97.72145222972333,30.300447620755417,10
2,-97.76807032285672,30.29093801647803,10
3,-97.70621737676694,30.22618506653929,10
4,-97.71554675083574,30.27231141829065,10
5,-97.72399472615615,30.25590875399272,10
6,-97.75115696360879,30.237192265377832,10
7,-97.73138345405918,30.23567283576892,10
8,-97.73469735498416,30.275055620696364,10
9,-97.7203611598104,30.243426948317182,10
10,-97.78943870576474,30.311448918953744,10
11,-97.75862754303161,30.279862399090458,10
12,-97.69934804467852,30.29939380557748,10
13,-97.773098692033,30.251052863236655,10
14,-97.7909760346198,30.310687735809278,10
15,-97.73953771280411,30.2523389128459,10
16,-97.757239346765,30.273511666706654,10
17,-97.7078298073329,30.248406238461232,10
18,-97.76942621315683,30.31225811221018,10
19,-97.7837072957746,30.249412578866252,10
20,-97.7050348093857,30.31120243323747,10
21,-97.77994831399053,30.22964980842716,10
22,-97.77878167671446,30.274897683286778,10
23,-97.73103041715741,30.28473897165054,10
24,-97.704781355378,30.235734870049555,10
25,-97.77288992901971,30.237152115868607,10
26,-97.76316580264509,30.266030964451577,10
27,-97.71518274035083,30.314171089207335,10
28,-97.6943387362725,30.28154798407341,10
29,-97.74436673288902,30.306765845348608,10
30,-97.78135065795034,30.29739876587021,10
31,-97.79566425726566,30.267271180890962,10
32,-97.76839745600437,30.297501772646225,10
33,-97.77700183336603,30.22671074681934,10
34,-97.72538900831073,30.23294377985503,10
35,-97.78669515001825,30.299985389734648,10
36,-97.74712487251522,30.29481604901332,10
37,-97.72183262753366,30.24688445559102,10
38,-97.7344905738246,30.27410435567758,10
39,-97.77409817746624,30.28151836620677,10
40,-97.71022214659702,30.307254375160753,10
41,-97.71762474088129,30.27480114088611,10
42,-97.71909668932275,30.26472463369561,10
43,-97.77887096697064,30.26045123930931,10
44,-97.78379687429869,30.26548994513925,10
45,-97.70020526638636,30.283395066294876,10
46,-97.75532273924128,30.30648584191949,10
47,-97.76616080034009,30.26900271058108,10
48,-97.74505389168333,30.249745363917167,10
49,-97.72797250751833,30.251659035609556,10
0,-97.70216427111112,30.314237935253708,11
1,-97.72162423594429,30.3010217315755,11
2,-97.76841607318006,30.29068751460838,11
3,-97.7049286881142,30.226625263220892,11
4,-97.7155593724135,30.27224553600562,11
5,-97.72485828150374,30.25565600316028,11
6,-97.75097083572986,30.236994128673338,11
7,-97.7326836380813,30.235446699351506,11
8,-97.73479663574457,30.275278262674526,11
9,-97.72003300154219,30.24368665370712,11
10,-97.78907436076696,30.311193332745756,11
11,-97.75873337322872,30.279922429035285,11
12,-97.69983004349893,30.29956173567374,11
13,-97.7730689802396,30.251078317525295,11
14,-97.78986596935486,30.310643051692658,11
15,-97.7397768094419,30.252853621947455,11
16,-97.757017087895,30.273329738370546,11
17,-97.70744448708753,30.24795832439549,11
18,-97.76938928105565,30.31076931516911,11
19,-97.78369160544112,30.249212510247585,11
20,-97.70484768769386,30.31152563948441,11
21,-97.77944441842703,30.22950093010431,11
22,-97.77775457253605,30.27520888876394,11
23,-97.73234181255177,30.284389104081207,11
24,-97.70400046575006,30.235389811365472,11
25,-97.77287659630771,30.237272395022135,11
26,-97.76335108671721,30.265978146448326,11
27,-97.71499854652703,30.315187391210067,11
28,-97.694327489401,30.28152573283539,11
29,-97.74405938164725,30.308105448649656,11
30,-97.78115850121472,30.29772498503987,11
31,-97.79549657355643,30.267614085881302,11
32,-97.76815345594547,30.29732700649056,11
33,-97.77686787401466,30.2266937795659,11
34,-97.72508329359682,30.232222015191276,11
35,-97.78623718108479,30.300461937830722,11
36,-97.74856828989091,30.295640412159432,11
37,-97.7214618058588,30.247695603211977,11
38,-97.73396214400641,30.273905574913755,11
39,-97.77397570682317,30.281593899394018,11
40,-97.7098263885531,30.306763461796432,11
41,-97.71765850768841,30.274830768778433,11
42,-97.72040755186634,30.265160897384295,11
43,-97.77823608178767,30.260785901762386,11
44,-97.78434053250739,30.266035586149663,11
45,-97.70008231575262,30.283001948329165,11
46,-97.75451710014408,30.30546986302256,11
47,-97.766976345554,30.269526396115744,11
48,-97.74535202304791,30.249758496235486,11
49,-97.72842450720692,30.251426056823075,11
0,-97.70188526712471,30.314050258156776,12
1,-97.72228669254885,30.300976913636188,12
2,-97.76880202808086,30.290299413249745,12
3,-97.70378744344372,30.22714534847736,12
4,-97.71604934117408,30.271879474617513,12
5,-97.72542388128866,30.2556622748912,12
6,-97.75096852676701,30.236992213101097,12
7,-97.73376952954698,30.23561482220863,12
8,-97.73555347439236,30.275831168804277,12
9,-97.71959961448033,30.243508726650937,12
10,-97.79006479368296,30.31108409186036,12
11,-97.75905064210356,30.280103412038468,12
12,-97.69984551965007,30.29956002066513,12
13,-97.77335075247952,30.25053635427289,12
14,-97.78893607234662,30.309622375097174,12
15,-97.74056027830704,30.253628267195463,12
16,-97.75621583898378,30.27318192045992,12
17,-97.70799032989758,30.24819806323655,12
18,-97.76903885930902,30.30986204476342,12
19,-97.78370544008132,30.248889219277455,12
20,-97.70567837413121,30.3123233749954,12
21,-97.77879946563777,30.228678984381062,12
22,-97.77697996852342,30.277172255468553,12
23,-97.73246541760444,30.283608396628875,12
24,-97.7038841949666,30.23504213451928,12
25,-97.77186184509388,30.237222967076097,12
26,-97.763348902127,30.26598308225212,12
27,-97.71480859768066,30.31508351158963,12
28,-97.69432409713203,30.28095153032489,12
29,-97.7438915764204,30.30909455822569,12
30,-97.78134379149928,30.29751986621754,12
31,-97.79550249874019,30.26760744315979,12
32,-97.76712727447574,30.297878526412266,12
33,-97.77709599180729,30.226655867993546,12
34,-97.72516378229285,30.23211843955471,12
35,-97.78655685918314,30.29984459240837,12
36,-97.75051483938572,30.294692667731088,12
37,-97.72146257069582,30.247785575009132,12
38,-97.73357413064151,30.273885537709262,12
39,-97.7737274383909,30.28198608416245,12
40,-97.70925554200149,30.305798340474052,12
41,-97.71746782836537,30.274149711181867,12
42,-97.72033637001093,30.265959512822807,12
43,-97.77795830740214,30.260940597540806,12
44,-97.78436786305417,30.266197391996634,12
45,-97.70017857453644,30.28251169438741,12
46,-97.75479294816388,30.305458416660848,12
47,-97.76673395664037,30.269740376650198,12
48,-97.74592832225598,30.24952583378706,12
49,-97.72864586880405,30.251422443111956,12
0,-97.70191925155567,30.314070223557184,13
1,-97.72179055424768,30.300785920705998,13
2,-97.76916498988767,30.29072737175736,13
3,-97.70363220899937,30.22693600582096,13
4,-97.71617327815984,30.271788187913245,13
5,-97.72569006371282,30.255111030235714,13
6,-97.75116348514182,30.237046943103703,13
7,-97.73461930015485,30.2352552452559,13
8,-97.73562426477683,30.276353750931115,13
9,-97.71959078043862,30.243504102120774,13
10,-97.7915024066426,30.31067252104401,13
11,-97.75918597681373,30.280070827163236,13
12,-97.69981097866761,30.29958016997176,13
13,-97.7739039158651,30.249623089364206,13
14,-97.7889281206615,30.30965376899548,13
15,-97.74037858627287,30.253475483393963,13
16,-97.75687685742912,30.27332118875801,13
17,-97.70816868426388,30.248055182160044,13
18,-97.76911264266275,30.31011295309391,13
19,-97.7837039038008,30.248883007698897,13
20,-97.70628911403762,30.313828925319932,13
21,-97.77783962237628,30.228858108090296,13
22,-97.77613703282364,30.27694639174119,13
23,-97.7328382595849,30.28356014966943,13
24,-97.70365026516869,30.234670083712285,13
25,-97.77186214860684,30.23722338914056,13
26,-97.76319948665368,30.265594899992532,13
27,-97.71424192570498,30.31464435362687,13
28,-97.69551724140534,30.280824103852428,13
29,-97.74324769065538,30.309661090227554,13
30,-97.7813330860342,30.297510563944755,13
31,-97.7957759078818,30.267415395804907,13
32,-97.76643032952781,30.298030911039934,13
33,-97.77758278151161,30.22665783824675,13
34,-97.72506272838305,30.231488216302537,13
35,-97.78657935738336,30.29931249555438,13
36,-97.7510354792106,30.294484642641066,13
37,-97.72167342400994,30.24777795525099,13
38,-97.73265772428213,30.27392756281884,13
39,-97.77393914768412,30.282660030346754,13
40,-97.70795102647081,30.30532519271604,13
41,-97.71734195383789,30.27409420269143,13
42,-97.71993412069985,30.26661725949091,13
43,-97.7780961438381,30.26188520461369,13
44,-97.7841239179837,30.26644005516804,13
45,-97.7000480405587,30.28219241556136,13
46,-97.75457681408209,30.30539544203279,13
47,-97.76521407576064,30.269814898715882,13
48,-97.74614121689463,30.249266778393338,13
49,-97.72738874829267,30.251407499529723,13
0,-97.70244934801903,30.313886001622777,14
1,-97.72171557190981,30.300679814603054,14
2,-97.76891384133451,30.290811195948677,14
3,-97.70348648891014,30.227220117238392,14
4,-97.71636862823327,30.27143175449589,14
5,-97.72572973021896,30.255018011970346,14
6,-97.75221295967583,30.237410385635673,14
7,-97.73467278422221,30.235257326775812,14
8,-97.73579606613586,30.276949083443956,14
9,-97.71978221768342,30.2436117809993,14
10,-97.79145282393033,30.31064446412901,14
11,-97.7588935226301,30.27994389898346,14
12,-97.7001788618216,30.29957758535849,14
13,-97.7743051837102,30.248472726925907,14
14,-97.78885670714425,30.309581618164273,14
15,-97.7403974189349,30.253786999194364,14
16,-97.75769071048299,30.27429149784355,14
17,-97.70826333968517,30.248045036901985,14
18,-97.76917575671332,30.309640565513057,14
19,-97.7843494880051,30.249942329014036,14
20,-97.70580789899203,30.314863651633058,14
21,-97.77651949663776,30.22918418601189,14
22,-97.77562776490718,30.277013215240515,14
23,-97.73263668098849,30.283572420654263,14
24,-97.70375652593013,30.23475605365306,14
25,-97.77184265250561,30.23723848403206,14
26,-97.7643970591123,30.265235790819975,14
27,-97.71519860424101,30.31501603956638,14
28,-97.69550195195714,30.280824890945087,14
29,-97.74324538110025,30.309600639349046,14
30,-97.78155819555357,30.2975047589867,14
31,-97.79553790905219,30.266581873962586,14
32,-97.76670254410413,30.297714039739994,14
33,-97.77790387312501,30.226579722113314,14
34,-97.7246088402299,30.23087892445401,14
35,-97.78662110742087,30.299330975525923,14
36,-97.75108861944385,30.29390160113736,14
37,-97.72194877684146,30.247547872746658,14
38,-97.73238063866894,30.27402974405773,14
39,-97.77330491216823,30.28386662861583,14
40,-97.7068829894184,30.304505916849397,14
41,-97.7172492141229,30.274048167353783,14
42,-97.71993153130067,30.26633806324792,14
43,-97.77760339702525,30.263097185258932,14
44,-97.78406190346682,30.26586202066328,14
45,-97.70033957543927,30.282014816117723,14
46,-97.75412751537867,30.306231251038913,14
47,-97.76476684459001,30.26990851431137,14
48,-97.74651242355361,30.249215025679714,14
49,-97.7269500809155,30.251025314013376,14
0,-97.70286523071,30.31430948767936,15
1,-97.7210739195589,30.29936085086248,15
2,-97.76838739277146,30.291003813306233,15
3,-97.70363374370127,30.22674186769512,15
4,-97.71650635819833,30.271458911406874,15
5,-97.72591186690269,30.254607046767084,15
6,-97.75313131785454,30.237609826991186,15
7,-97.73480283004008,30.23451658044759,15
8,-97.73578020769473,30.27697657526453,15
9,-97.72015111044539,30.243659244908223,15
10,-97.79132329985009,30.310752862085682,15
11,-97.75782211076724,30.280406808043825,15
12,-97.70042165293282,30.300082725485108,15
13,-97.77449054509039,30.24798596362198,15
14,-97.78877065885585,30.309576701216912,15
15,-97.74055940201355,30.25410923434512,15
16,-97.75771279919672,30.27532391136322,15
17,-97.70834579921201,30.24801652420892,15
18,-97.76927871871769,30.309143862744563,15
19,-97.78445648665762,30.250957343445148,15
20,-97.70529532005783,30.314636594460328,15
21,-97.77664446149129,30.229085064341874,15
22,-97.77477890510892,30.277223270000547,15
23,-97.73282385019395,30.283602223453215,15
24,-97.70323935416545,30.234267200156125,15
25,-97.77150848945273,30.237080862964973,15
26,-97.76461648565139,30.265185459448553,15
27,-97.7160607924957,30.31507288234529,15
28,-97.69528400576014,30.28075882528101,15
29,-97.74320148967608,30.309561727878183,15
30,-97.78109290951988,30.297323024405568,15
31,-97.79538202435506,30.265844321385288,15
32,-97.76645468842906,30.296691403410026,15
33,-97.77845297578236,30.22634885443809,15
34,-97.72448492545946,30.230226156055004,15
35,-97.78723115283714,30.29977355587199,15
36,-97.7516070113876,30.293487090027135,15
37,-97.72192861551885,30.247573819435495,15
38,-97.73381183091172,30.274098158810627,15
39,-97.77332793805212,30.283666537300817,15
40,-97.70632682382994,30.30429945612336,15
41,-97.71768734881746,30.274418480628,15
42,-97.71988110213096,30.266399999066472,15
43,-97.77674621094027,30.26348035029874,15
44,-97.7832961017438,30.26442001461614,15
45,-97.70031833965366,30.282017591101845,15
46,-97.75346456106142,30.307754590260462,15
47,-97.76427086361753,30.269829998147042,15
48,-97.74693379266526,30.249243831013043,15
49,-97.72601759591839,30.25054416302518,15
0,-97.70415793519524,30.31453556623914,16
1,-97.72119119373482,30.298870202885784,16
2,-97.76892536752182,30.290942350993536,16
3,-97.70331309237092,30.22638075853,16
4,-97.71650238175606,30.271663334079832,16
5,-97.72560259560859,30.25462892925849,16
6,-97.75413012600407,30.23779238540904,16
7,-97.73488189829948,30.23451696291026,16
8,-97.73551215138892,30.27728191536432,16
9,-97.72070454489335,30.243777274232375,16
10,-97.79192525675961,30.31090043276715,16
11,-97.75760209077394,30.280319654778726,16
12,-97.7007182933684,30.30033782438309,16
13,-97.77552247823917,30.24766745837101,16
14,-97.78852180809474,30.310069166312,16
15,-97.74020990990783,30.25407254900007,16
16,-97.75678520987869,30.27466359464092,16
17,-97.70853547397958,30.248241021590427,16
18,-97.76904098333156,30.308761762787913,16
19,-97.78335220465615,30.251590065617926,16
20,-97.70481561284718,30.31357301652661,16
21,-97.7762913321675,30.229379783543415,16
22,-97.77445600432615,30.277346479138643,16
23,-97.73432764660137,30.283022838311947,16
24,-97.7032964141476,30.234411627835122,16
25,-97.77177749325864,30.237177741470358,16
26,-97.76431193919863,30.265748456415558,16
27,-97.71574788186363,30.3150831021631,16
28,-97.69613059231818,30.280671404796276,16
29,-97.74303662247222,30.30970077806118,16
30,-97.78031038240717,30.297872411433517,16
31,-97.79395587441337,30.265428044677112,16
32,-97.76653257265296,30.29617626297387,16
33,-97.77855666067333,30.226632696176765,16
34,-97.72431597283196,30.229751679879726,16
35,-97.78876001128985,30.299356882893118,16
36,-97.75158911317963,30.29327889539505,16
37,-97.72177395611855,30.247646971336817,16
38,-97.73446982998952,30.27438898062048,16
39,-97.77307880172496,30.283355929491943,16
40,-97.70576040061417,30.30421320665668,16
41,-97.71771457182788,30.274674759872443,16
42,-97.7198194427182,30.26614839149945,16
43,-97.77646274718738,30.263707534684183,16
44,-97.7831762506117,30.26336641955708,16
45,-97.70023324691475,30.28210823211561,16
46,-97.75352277890336,30.307621622184588,16
47,-97.76431194266348,30.26977123165499,16
48,-97.74711859528061,30.249423466699767,16
49,-97.72541421331314,30.25024245166023,16
0,-97.70450722746097,30.315091727137393,17
1,-97.72094358560926,30.29892374681118,17
2,-97.77011792578,30.29054836432506,17
3,-97.70330453570529,30.22675565179169,17
4,-97.7165748667499,30.27198073389201,17
5,-97.72503084260656,30.254812450988034,17
6,-97.75456626370558,30.23854525079588,17
7,-97.73507015508379,30.234456219546395,17
8,-97.73516005467555,30.27750232143796,17
9,-97.72063257700576,30.243871060337167,17
10,-97.79252028511245,30.310651160918937,17
11,-97.75702475883678,30.28027907162343,17
12,-97.70077737907413,30.300411262157052,17
13,-97.77621079036349,30.247504069747247,17
14,-97.78771191216174,30.31008069144437,17
15,-97.73995924469097,30.25379013196599,17
16,-97.75676437531548,30.273939237569525,17
17,-97.70814826699869,30.248112713119873,17
18,-97.76827849040833,30.307644718030748,17
19,-97.78354550419846,30.251441145177807,17
20,-97.70510162925044,30.313583554538233,17
21,-97.77583053441194,30.229943914288846,17
22,-97.77464694837927,30.278022163133382,17
23,-97.73453557436788,30.282042324012956,17
24,-97.7033096594519,30.234411011812313,17
25,-97.77131751101507,30.23631463786957,17
26,-97.76437514243479,30.266282786551688,17
27,-97.71617012120082,30.315237883578234,17
28,-97.69638820564566,30.28076153580918,17
29,-97.7437422172787,30.30933101721488,17
30,-97.7801959495387,30.29870728394367,17
31,-97.79397009717687,30.2653399738459,17
32,-97.76654131853347,30.29550821160866,17
33,-97.77911553861551,30.227224963153606,17
34,-97.72551760680835,30.228735385437847,17
35,-97.78976954621545,30.299397185887038,17
36,-97.75143244615136,30.293357310322712,17
37,-97.7215219391313,30.24852994812484,17
38,-97.73521600196396,30.2744550290843,17
39,-97.7733281261547,30.283005812989522,17
40,-97.70484278546346,30.30393644496151,17
41,-97.71765163401052,30.27506927691811,17
42,-97.71895776606732,30.265868345684904,17
43,-97.77583312596012,30.263532565371943,17
44,-97.7826381472302,30.262970372508363,17
45,-97.70000589676913,30.282532955118292,17
46,-97.75415922992305,30.307210291707058,17
47,-97.76441555098391,30.26973933815644,17
48,-97.74722473594503,30.249661562502883,17
49,-97.72532649317351,30.2501370077384,17
0,-97.70476941903435,30.31542327790994,18
1,-97.721588883265,30.299051054754127,18
2,-97.77224480854697,30.290544046457356,18
3,-97.70353604034291,30.227440496242718,18
4,-97.71589145406494,30.27228409434332,18
5,-97.72338618101931,30.254927490714575,18
6,-97.75479307263028,30.238923588193156,18
7,-97.73533878356722,30.23439709358471,18
8,-97.73413281120067,30.278317583129137,18
9,-97.72092101055438,30.243698335055164,18
10,-97.79303042415367,30.310623470874663,18
11,-97.75617794574286,30.279849633769476,18
12,-97.70060150367384,30.30021871517771,18
13,-97.77637535761934,30.24738948381947,18
14,-97.78756210587768,30.310412239518143,18
15,-97.73993820161712,30.25337252222575,18
16,-97.7558339504613,30.27360928871607,18
17,-97.70816002815961,30.248030420644376,18
18,-97.76764781000024,30.306962282127248,18
19,-97.7846212182629,30.25092922983391,18
20,-97.70506312370765,30.313762844931333,18
21,-97.77556991897264,30.230417189955435,18
22,-97.77477791950074,30.278079857105602,18
23,-97.73421544174438,30.281640679353668,18
24,-97.70325305435244,30.234495713615154,18
25,-97.77091154916829,30.235462300199032,18
26,-97.76425011092566,30.26642259222956,18
27,-97.7162286023894,30.3152419208956,18
28,-97.69689276039077,30.28049144355081,18
29,-97.74414465381032,30.308623486518798,18
30,-97.78040986057631,30.298539057049513,18
31,-97.79406570353306,30.26554345657789,18
32,-97.76654142148561,30.29550810540099,18
33,-97.77914168118976,30.227472204654177,18
34,-97.7257690025785,30.228735798778093,18
35,-97.79017164895095,30.299216599812485,18
36,-97.75153670716203,30.29352709623441,18
37,-97.72145767959482,30.24880349979442,18
38,-97.73553310438106,30.274665995581874,18
39,-97.77297035093291,30.282645175776352,18
40,-97.70569326619555,30.30431986095359,18
41,-97.71796003889335,30.27539119627917,18
42,-97.71887485568142,30.265783901257905,18
43,-97.77513118932461,30.263546482350797,18
44,-97.78252161992431,30.262860951568708,18
45,-97.70030426949606,30.282126807131128,18
46,-97.7541983594282,30.307511086867056,18
47,-97.76445844004216,30.26974811691594,18
48,-97.74683382382068,30.249368994724414,18
49,-97.72441106604862,30.250293903317125,18
0,-97.704789601612,30.316016305899485,19
1,-97.72070099557395,30.299069002653567,19
2,-97.77353435424342,30.289629498843134,19
3,-97.70348546909952,30.227536646781587,19
4,-97.71560659575171,30.272110054668925,19
5,-97.7232117166566,30.25488601636438,19
6,-97.75475368805841,30.23872289125962,19
7,-97.73490082278595,30.23399241047124,19
8,-97.7341362977917,30.278321042753458,19
9,-97.71967944208338,30.24467403870642,19
10,-97.79354327741856,30.31051759958753,19
11,-97.75604445686409,30.279784865149672,19
12,-97.70060068888549,30.30016069111035,19
13,-97.7758785578565,30.24720797514497,19
14,-97.78737524160317,30.310528052727644,19
15,-97.73999566050342,30.25344782772144,19
16,-97.75560719672258,30.273274552856275,19
17,-97.70820561219269,30.24815271415266,19
18,-97.76734831941012,30.30647924516379,19
19,-97.78451732816735,30.251506648847496,19
20,-97.7051486961809,30.313396691407178,19
21,-97.77544479968572,30.230972920060257,19
22,-97.77517845789028,30.278033936206473,19
23,-97.73387279940208,30.280816093209143,19
24,-97.70327328670766,30.234424048348483,19
25,-97.77096616237252,30.235566654696814,19
26,-97.76387369504343,30.266903499821296,19
27,-97.716258863944,30.31524540664002,19
28,-97.69706917376006,30.28002178220838,19
29,-97.74398107836325,30.30790732087253,19
30,-97.78027376736459,30.298677890764907,19
31,-97.79409328623014,30.26582133235638,19
32,-97.76614052169282,30.29573632162693,19
33,-97.77915500380641,30.22748966102988,19
34,-97.72540955074183,30.228954506016215,19
35,-97.79013977339902,30.299096861646767,19
36,-97.75208791573925,30.293901250376916,19
37,-97.72147628374479,30.248416352082458,19
38,-97.73527514114777,30.27466766466418,19
39,-97.77211553596051,30.28166033462412,19
40,-97.70624844407392,30.303039159702273,19
41,-97.71797589080917,30.275416447002062,19
42,-97.71963736914273,30.26633301692945,19
43,-97.77515498254878,30.26355432996398,19
44,-97.78251936559667,30.263259793311548,19
45,-97.70038579262216,30.28176560694317,19
46,-97.75414958502073,30.30744816057203,19
47,-97.7654065886006,30.269518585942006,19
48,-97.7459228281245,30.249495311567244,19
49,-97.72434656592837,30.25030447375547,19
0,-97.70481031408579,30.31615401230418,20
1,-97.71858075726465,30.299732750919887,20
2,-97.77419330416882,30.289595195810055,20
3,-97.70364848170505,30.227081704046757,20
4,-97.7152546773961,30.271907172077956,20
5,-97.723032759357,30.25494088057839,20
6,-97.75473351508268,30.238643524550888,20
7,-97.73498986990538,30.2340760382919,20
8,-97.73407861616042,30.278794668673875,20
9,-97.71965342521538,30.24486717412848,20
10,-97.79393481877842,30.31033806526626,20
11,-97.75635810422774,30.279765558069126,20
12,-97.70072487681894,30.299411922828952,20
13,-97.7737222384336,30.247315379770956,20
14,-97.78829996859572,30.310768742323457,20
15,-97.73964696980477,30.253276551108694,20
16,-97.75571865507983,30.273335168125012,20
17,-97.70867749721828,30.248494325677058,20
18,-97.76735762007552,30.305854062924396,20
19,-97.78447312049076,30.251450663071402,20
20,-97.70510772713538,30.313024786345956,20
21,-97.77577591381387,30.232502841834737,20
22,-97.77523062276545,30.277651659817135,20
23,-97.73491223180679,30.279627233950674,20
24,-97.70332299313641,30.23490908173056,20
25,-97.77056139608824,30.234764835986244,20
26,-97.76359866695529,30.267192211993546,20
27,-97.71628356646359,30.315263488046458,20
28,-97.69761452011777,30.279912039397452,20
29,-97.74421979424909,30.30867203419767,20
30,-97.7797843176045,30.298872066627307,20
31,-97.79442082135787,30.26636307440973,20
32,-97.76641391406842,30.2957640859104,20
33,-97.7792669087855,30.228014935897843,20
34,-97.72523701433313,30.229175767476676,20
35,-97.79011331186585,30.29916206856125,20
36,-97.75135105894644,30.29406658670595,20
37,-97.7213061346034,30.248350668228348,20
38,-97.73519064067372,30.274658646757334,20
39,-97.7714652250839,30.281166822207304,20
40,-97.7066351072326,30.303037573117702,20
41,-97.71792134644937,30.27567622119498,20
42,-97.72023138372968,30.266235278789967,20
43,-97.77507568010444,30.263501594786902,20
44,-97.78199235574968,30.263659418559467,20
45,-97.70029644303168,30.282221016895292,20
46,-97.75410054216383,30.307292837436055,20
47,-97.76568868859218,30.269571430473057,20
48,-97.74575750190186,30.249444765894594,20
49,-97.72407686251604,30.25067737085549,20
0,-97.70445564827439,30.3159317542162,21
1,-97.71830354372022,30.299886996647746,21
2,-97.77399759021466,30.28945699941635,21
3,-97.70360806463106,30.227230115064724,21
4,-97.71499409940826,30.271926992774546,21
5,-97.7225117152091,30.25554608900406,21
6,-97.75527208163412,30.238908099951395,21
7,-97.73498022140045,30.23409453395913,21
8,-97.73414149364774,30.27868413236933,21
9,-97.72027440266018,30.243757154320065,21
10,-97.79485538211289,30.31025138978843,21
11,-97.75579310506602,30.27992295434288,21
12,-97.70096296051085,30.298554062022724,21
13,-97.77271143183972,30.248398726373736,21
14,-97.78885632612126,30.31048398603424,21
15,-97.73834837852344,30.2528175587027,21
16,-97.75550129969582,30.273567819211777,21
17,-97.70868107394107,30.248532725327983,21
18,-97.76711508072098,30.304423702363543,21
19,-97.78469441210942,30.251564125126478,21
20,-97.70537667755818,30.311763447142294,21
21,-97.77656614269124,30.23395126676793,21
22,-97.77537723190417,30.27740198258727,21
23,-97.73497094910181,30.279483198800378,21
24,-97.7033629152401,30.234973859620176,21
25,-97.77051723137761,30.234591120799404,21
26,-97.76338128422078,30.26760699072495,21
27,-97.71593008932676,30.315571239245436,21
28,-97.69648403993033,30.28035340461553,21
29,-97.74480445786259,30.309583835014365,21
30,-97.77985931433386,30.298295091214406,21
31,-97.79514103770697,30.266496682785547,21
32,-97.76575049126193,30.29576566487425,21
33,-97.77963519474743,30.227731311407513,21
34,-97.72525109239133,30.229120197708312,21
35,-97.78939317027042,30.298771484877037,21
36,-97.7514143885931,30.29385465139163,21
37,-97.72035498182854,30.24698954833435,21
38,-97.73471748423114,30.274766390540435,21
39,-97.77139446956299,30.280522881366526,21
40,-97.70666960825426,30.303079866474647,21
41,-97.71809322412312,30.27601032023173,21
42,-97.7210399712216,30.26648106633621,21
43,-97.77652461841355,30.264261700234947,21
44,-97.7819044342772,30.263768456607455,21
45,-97.70089456591316,30.282204038145277,21
46,-97.75387112075929,30.30704140882741,21
47,-97.76677179571168,30.268715056574933,21
48,-97.74571613500873,30.24944852120391,21
49,-97.72413911100139,30.251710101948085,21
0,-97.70409052285244,30.315938072900853,22
1,-97.71933508164176,30.299426505118838,22
2,-97.77398213367351,30.289454085867114,22
3,-97.70344419416939,30.227676637513486,22
4,-97.71573174984391,30.271572051781654,22
5,-97.722282699914,30.25636647791424,22
6,-97.75519619530075,30.238951285553846,22
7,-97.73539998357693,30.234154297241883,22
8,-97.73418303093909,30.2786481391206,22
9,-97.72080083703861,30.24342589589102,22
10,-97.7946103873621,30.310322183170197,22
11,-97.75607256395432,30.28141417758362,22
12,-97.70058286743357,30.297253756529013,22
13,-97.77167025140866,30.249496290475896,22
14,-97.78894473631722,30.309984912642783,22
15,-97.73726953878737,30.252153316438957,22
16,-97.7558285663265,30.273463102041184,22
17,-97.70917863392681,30.24898420856537,22
18,-97.76724881121811,30.30400121252667,22
19,-97.78470536849684,30.251612515592324,22
20,-97.7049978636798,30.311131341890334,22
21,-97.7756927849055,30.234126075656654,22
22,-97.77614185700784,30.27742180995642,22
23,-97.73474665763645,30.27859829578531,22
24,-97.70369347360706,30.23504397443068,22
25,-97.77044934747896,30.234918568904007,22
26,-97.76342889210127,30.2675763116775,22
27,-97.71651831808985,30.31522611605469,22
28,-97.69562576489325,30.27965437691184,22
29,-97.74376392068034,30.310475200810806,22
30,-97.78002284510673,30.29804251433669,22
31,-97.79443228326139,30.266853605824526,22
32,-97.76487530799022,30.295603280633884,22
33,-97.77974960549041,30.228384948104022,22
34,-97.7253281770278,30.229287541568887,22
35,-97.78941977002269,30.298718422844452,22
36,-97.75096520950422,30.294132426887476,22
37,-97.72028306034497,30.246317802943707,22
38,-97.73452800428367,30.275011606448654,22
39,-97.77189859887032,30.28001550165919,22
40,-97.70713053287407,30.30302779220179,22
41,-97.71806823888316,30.2764062782882,22
42,-97.72084655673534,30.26638028542516,22
43,-97.7771812680117,30.264455487196212,22
44,-97.78219271791365,30.263650490178136,22
45,-97.70085518024199,30.282057934374702,22
46,-97.75324228884048,30.30613227706109,22
47,-97.76711765820299,30.267865478960754,22
48,-97.74551472650981,30.249402168502147,22
49,-97.72452752535551,30.251088801489086,22
0,-97.70425050161009,30.315882718382483,23
1,-97.71820468029509,30.298919962324177,23
2,-97.77349174682463,30.28941960653362,23
3,-97.70355063222136,30.228178608653476,23
4,-97.71669336666126,30.271439794105515,23
5,-97.72127052847252,30.256041701955553,23
6,-97.75535555942206,30.23916433992966,23
7,-97.73538616445066,30.234138335438224,23
8,-97.73454136973943,30.27851371600177,23
9,-97.72159269299954,30.24306691225143,23
10,-97.79427839120822,30.31012398330289,23
11,-97.75527888686236,30.28177604022909,23
12,-97.7004411172371,30.296956496320924,23
13,-97.77141249930919,30.25000337746751,23
14,-97.78877852799353,30.310453153245568,23
15,-97.73714423254968,30.251944499538087,23
16,-97.75581965720507,30.273267717117207,23
17,-97.70888234577411,30.249509129145107,23
18,-97.76740690096382,30.303627655185817,23
19,-97.78474838325336,30.25116220322593,23
20,-97.70452996300067,30.31082526943883,23
21,-97.77412907240486,30.234776561794252,23
22,-97.77608010056028,30.277471963010992,23
23,-97.73478413389628,30.278267481118437,23
24,-97.70378402706325,30.235164599125422,23
25,-97.77046516079861,30.23508885617993,23
26,-97.76342401522112,30.26752858788684,23
27,-97.71674957610331,30.315129011581956,23
28,-97.69496435038589,30.2787246686442,23
29,-97.74295900838794,30.311840796351003,23
30,-97.77995785524344,30.297953667450127,23
31,-97.79456738070246,30.266873647776027,23
32,-97.76483656432546,30.295521043869062,23
33,-97.77962627357289,30.22841188631905,23
34,-97.7251886504343,30.229019584061074,23
35,-97.78889039974219,30.299141190009852,23
36,-97.75209147948007,30.29375869196302,23
37,-97.72007619971018,30.246014814630726,23
38,-97.73296307269247,30.274876054070887,23
39,-97.77153738087222,30.27947243763232,23
40,-97.70814027196998,30.302634208459228,23
41,-97.7179884037089,30.276272784810562,23
42,-97.72056843440804,30.266205760960055,23
43,-97.77685377095028,30.264407584516203,23
44,-97.78216206510976,30.263815267412557,23
45,-97.70052073043998,30.282650291646625,23
46,-97.75325518411242,30.306119617315552,23
47,-97.76760435969584,30.266537434984507,23
48,-97.74568062487792,30.249399962612397,23
49,-97.72441680283427,30.251248663900558,23
0,-97.7046114356988,30.315870908501676,24
1,-97.71788546201913,30.298184108514086,24
2,-97.77270702271267,30.28944164117147,24
3,-97.70454929600109,30.228108043691197,24
4,-97.71631206077099,30.271829980008498,24
5,-97.72060310622497,30.256598046338492,24
6,-97.75656362793681,30.238878138363248,24
7,-97.73531342286853,30.234116393995368,24
8,-97.73450987385804,30.278561538645246,24
9,-97.72203072178004,30.241514984408262,24
10,-97.79430859506869,30.31010274082552,24
11,-97.75485135177158,30.2822933766387,24
12,-97.70079258396703,30.297095364304706,24
13,-97.77163601032267,30.250398991514217,24
14,-97.78841171786604,30.310888641940334,24
15,-97.7362616147635,30.251110455574374,24
16,-97.75545058365634,30.273037729631678,24
17,-97.70928216148516,30.248591480044517,24
18,-97.76711996969198,30.303773908468077,24
19,-97.785667592263,30.25053463260435,24
20,-97.70488907203661,30.311265093704915,24
21,-97.77376697061021,30.234794525941577,24
22,-97.77667475631537,30.277232447352652,24
23,-97.73500229794071,30.278256061152554,24
24,-97.70376621345783,30.23501455795139,24
25,-97.77056119900328,30.235478252509715,24
26,-97.76364217913957,30.268076686887184,24
27,-97.71677055404218,30.315137934574704,24
28,-97.69398250240984,30.27989864116437,24
29,-97.74226618942777,30.31273523707017,24
30,-97.77980369385607,30.298277101426724,24
31,-97.79421336664119,30.267058109451476,24
32,-97.7634596681293,30.294933129151016,24
33,-97.77922974533541,30.228280568769495,24
34,-97.7251636408911,30.229296625803784,24
35,-97.78898854980955,30.298622092508285,24
36,-97.75212830237842,30.293595917808013,24
37,-97.72051527012731,30.245152960232925,24
38,-97.73237852518848,30.274673059386206,24
39,-97.77072576103404,30.27829103233009,24
40,-97.70938402880327,30.30305304214318,24
41,-97.71809511750729,30.27641321618879,24
42,-97.71972428728881,30.26550842519832,24
43,-97.77672138927522,30.26451299993623,24
44,-97.78229569434771,30.264039679172885,24
45,-97.69992749568954,30.283603440300038,24
46,-97.75353089916754,30.305715592501404,24
47,-97.76767668149274,30.26630068831518,24
48,-97.74568806998603,30.249404313069217,24
49,-97.72406838454933,30.25180558038259,24
0,-97.7047114271162,30.315784783546018,25
1,-97.7177025107466,30.29721771631695,25
2,-97.7727554056433,30.28927995677457,25
3,-97.70472675785787,30.227992535464686,25
4,-97.71618530308302,30.271845413618514,25
5,-97.7186662471689,30.257254541155504,25
6,-97.75787128967929,30.238514092316642,25
7,-97.7344871184726,30.23327661889307,25
8,-97.73498755136758,30.277996191018676,25
9,-97.72316822849616,30.240602059410808,25
10,-97.79432101417908,30.31010941779796,25
11,-97.7540906960328,30.282448612865398,25
12,-97.70089089984928,30.297050873578836,25
13,-97.77162353516391,30.250436090356093,25
14,-97.78830096469287,30.311022099048625,25
15,-97.73576294607871,30.25067555553055,25
16,-97.75560337955683,30.27305584066126,25
17,-97.70826559808175,30.248233262754844,25
18,-97.76723684012255,30.303641948491464,25
19,-97.78551516917919,30.250907343975513,25
20,-97.7051388473588,30.311819358338568,25
21,-97.7727220923624,30.234952141370822,25
22,-97.77695501195036,30.277283323651165,25
23,-97.7344588290298,30.27843167136031,25
24,-97.70386088331388,30.235270134429598,25
25,-97.77032796407778,30.23493985426859,25
26,-97.76363369182772,30.26851987548913,25
27,-97.71785016682789,30.314972226552218,25
28,-97.69319514960327,30.28011470672934,25
29,-97.74208159916435,30.314102743933095,25
30,-97.77950078198243,30.29748943979153,25
31,-97.79376928391343,30.266276770272547,25
32,-97.76322097360017,30.294916557464187,25
33,-97.77905010315766,30.22814320346626,25
34,-97.72517254952963,30.229282133801263,25
35,-97.7884039479719,30.298811614439003,25
36,-97.75261675844686,30.29305401830208,25
37,-97.71986170327168,30.24452151961842,25
38,-97.73232459911728,30.274503304636138,25
39,-97.77086185331002,30.27782262271301,25
40,-97.70950063786864,30.303212392494164,25
41,-97.71758562467446,30.276495145976583,25
42,-97.71973589511354,30.265529690001124,25
43,-97.77611303450982,30.264811410150642,25
44,-97.78211424479153,30.26487833918096,25
45,-97.69923026858724,30.284080980576864,25
46,-97.75368472196656,30.305434815872303,25
47,-97.76731648542032,30.266049978332692,25
48,-97.74395504766792,30.24988050736879,25
49,-97.72340689373411,30.251919298679425,25
0,-97.70501216105713,30.315438947277915,26
1,-97.71680411364008,30.29657456527224,26
2,-97.77265187842701,30.28818936253874,26
3,-97.70466029336185,30.22813520658,26
4,-97.71603750183124,30.271922235173548,26
5,-97.71745415774608,30.25821046613945,26
6,-97.75827878563747,30.238273053807372,26
7,-97.73394197098224,30.232601884073258,26
8,-97.73440793152506,30.27815313607335,26
9,-97.72390591836893,30.240396890204853,26
10,-97.79502454944726,30.309978031574634,26
11,-97.7529183627788,30.282202828141255,26
12,-97.70133351094043,30.296868170910376,26
13,-97.77221933070481,30.249596702214916,26
14,-97.78721222426337,30.3115938430876,26
15,-97.7358727575018,30.250791684959125,26
16,-97.75559584697125,30.273437632668198,26
17,-97.70702581833577,30.248048213262905,26
18,-97.76709159478084,30.303686107179253,26
19,-97.78555720736476,30.250820466917734,26
20,-97.70523644184561,30.311637173608016,26
21,-97.77110032970253,30.234980017040638,26
22,-97.77675421898805,30.27725153458508,26
23,-97.73388984836292,30.278778583824916,26
24,-97.70383460877505,30.234778570129695,26
25,-97.77036091103349,30.234893291787767,26
26,-97.7637043053676,30.26885630745376,26
27,-97.71835087799435,30.314816885859734,26
28,-97.693006606809,30.28049410797612,26
29,-97.74162605658053,30.314395705895514,26
30,-97.77943182607467,30.296837364982398,26
31,-97.79417637671175,30.26647625399719,26
32,-97.76311612366348,30.29485050004656,26
33,-97.77933471462549,30.228293723348298,26
34,-97.72533298946976,30.229058313657035,26
35,-97.7883281522775,30.299765963061084,26
36,-97.75225540154979,30.292300121466333,26
37,-97.72057692969237,30.24396472870243,26
38,-97.7321254769692,30.274607494015015,26
39,-97.77079975852622,30.27791710608475,26
40,-97.70924811670302,30.30322836699354,26
41,-97.71741639252224,30.27654944802895,26
42,-97.71980027206445,30.26494886645631,26
43,-97.77535043277243,30.26538440146331,26
44,-97.7821305937346,30.26484112502486,26
45,-97.69923148722815,30.284075369930438,26
46,-97.75369199744182,30.305372385459826,26
47,-97.7663595510733,30.26513526220437,26
48,-97.74174976518313,30.249842187227777,26
49,-97.7227865457696,30.251995989660006,26
0,-97.706002523547,30.315481579267267,27
1,-97.71683256480041,30.29634912709405,27
2,-97.77280013762442,30.288050513248713,27
3,-97.70441234027403,30.228507059914644,27
4,-97.71638045334176,30.271704435708553,27
5,-97.71595805314003,30.258552509180422,27
6,-97.75862431487059,30.238380036100114,27
7,-97.73397198773917,30.23296139365829,27
8,-97.73452449407465,30.2776758451843,27
9,-97.72416752009158,30.240416240429767,27
10,-97.79507996494237,30.310083774567886,27
11,-97.75316721812173,30.282441422543,27
12,-97.70233250453036,30.297192911821597,27
13,-97.77247087598441,30.24951631420466,27
14,-97.7859616831679,30.31056825263287,27
15,-97.73600632294911,30.25087018394313,27
16,-97.75505683724141,30.27313804316106,27
17,-97.70719043852496,30.248447327903435,27
18,-97.76695763189629,30.304004668302657,27
19,-97.78541764916561,30.25116862199016,27
20,-97.7053284575424,30.311771256203496,27
21,-97.7699753674668,30.235175381309286,27
22,-97.77693401171862,30.277693138651856,27
23,-97.73337117260625,30.279439633806415,27
24,-97.70273911963228,30.23466806432683,27
25,-97.77037260824879,30.234902059482806,27
26,-97.76408366689638,30.26909287923517,27
27,-97.71826827667515,30.314760073676148,27
28,-97.69305208914585,30.280851263217127,27
29,-97.74153399203438,30.314463335584154,27
30,-97.77947849336297,30.29634662466795,27
31,-97.79414047438894,30.266287787575212,27
32,-97.76279553117328,30.29462174474987,27
33,-97.77946002526237,30.228425283036298,27
34,-97.72530795915047,30.2285769184445,27
35,-97.78830777634536,30.29995661455517,27
36,-97.7522431145121,30.29247707927813,27
37,-97.72180063349894,30.243892157873404,27
38,-97.73209690216025,30.27460258475019,27
39,-97.77103092218663,30.277597991486868,27
40,-97.70960875507896,30.30301630771155,27
41,-97.71758514210727,30.2764539180019,27
42,-97.72018301658777,30.265213805422217,27
43,-97.77407368312679,30.265432579243686,27
44,-97.78240888203558,30.264984642487537,27
45,-97.69942848513256,30.284018127232397,27
46,-97.7537224130455,30.30539623773331,27
47,-97.76690417694232,30.263857311953622,27
48,-97.74088075693346,30.249186501913506,27
49,-97.72290288192903,30.251697226479997,27
0,-97.70733075802752,30.31577854068334,28
1,-97.7168139470239,30.296239369717824,28
2,-97.77275098843901,30.287784428088138,28
3,-97.70441448976283,30.228499078329875,28
4,-97.71693803316732,30.271317352876867,28
5,-97.7144192360606,30.258996303084594,28
6,-97.75920943228726,30.237722524040777,28
7,-97.7339002780322,30.233588046516648,28
8,-97.73452928144711,30.277569763448987,28
9,-97.72582559587387,30.239848242148817,28
10,-97.79387587370728,30.3107933751358,28
11,-97.75276162374084,30.282263846993782,28
12,-97.70380627859176,30.297749473573578,28
13,-97.77183038915517,30.249929096224886,28
14,-97.78554376945189,30.310290098565638,28
15,-97.73731070104273,30.251397135431866,28
16,-97.75470492122234,30.27309617833462,28
17,-97.70714914837765,30.248082963907674,28
18,-97.76702310292697,30.304216871828004,28
19,-97.78599209162198,30.251212285023946,28
20,-97.70478376081238,30.313117429167534,28
21,-97.76934756529546,30.235193568365982,28
22,-97.77823469771704,30.278086261765456,28
23,-97.73336999418612,30.279811559399246,28
24,-97.70223876148009,30.234106785575825,28
25,-97.77017683110616,30.234229159912992,28
26,-97.7640968974498,30.269102284860548,28
27,-97.7180249367631,30.314681886252078,28
28,-97.69173466459591,30.28097860082814,28
29,-97.74127935235262,30.314562900855748,28
30,-97.7798603039277,30.296805855289193,28
31,-97.7943734469828,30.266516383436645,28
32,-97.76184475169038,30.293780646638055,28
33,-97.77953279325565,30.22848367690098,28
34,-97.72507547715527,30.229679689617058,28
35,-97.78832955732385,30.29982842407844,28
36,-97.75171083204354,30.292588563127303,28
37,-97.72174205610085,30.243893266875386,28
38,-97.73360775189748,30.274918834856273,28
39,-97.77096825010042,30.277899256722396,28
40,-97.70966146337183,30.302977984184626,28
41,-97.7170509528213,30.275974665680266,28
42,-97.71998379244901,30.265103804986936,28
43,-97.77269640685614,30.266734970571175,28
44,-97.7833948356017,30.264494792517326,28
45,-97.69956193832206,30.283861952393735,28
46,-97.75363530045101,30.305216626402693,28
47,-97.76654960405082,30.263968553678183,28
48,-97.74096204281061,30.249242900680034,28
49,-97.7228898266524,30.251435304809874,28
0,-97.70799930440148,30.31586976061675,29
1,-97.71687324423903,30.295678575531085,29
2,-97.77277235396282,30.28735885537422,29
3,-97.70463577253975,30.228260924857388,29
4,-97.71786556870855,30.271040977905077,29
5,-97.712618911586,30.258714825180295,29
6,-97.75908318317563,30.237743331375054,29
7,-97.73370257970815,30.233548067671286,29
8,-97.7346301249032,30.278008577607043,29
9,-97.72540813070776,30.2390388860387,29
10,-97.79287143167903,30.311158522575557,29
11,-97.7518790839532,30.281880486488323,29
12,-97.70463149127274,30.297952422978454,29
13,-97.77120650392901,30.24983877733607,29
14,-97.78496312376329,30.310417399496153,29
15,-97.73933656740493,30.25071880603715,29
16,-97.75497327808486,30.27326649938088,29
17,-97.70679502279205,30.247447628817195,29
18,-97.76657223047937,30.30519957594231,29
19,-97.78698117721643,30.251593396711407,29
20,-97.70505713954313,30.31451591986228,29
21,-97.76931433161323,30.2352717237858,29
22,-97.77832201789404,30.278037909916986,29
23,-97.73331983172416,30.280186232784843,29
24,-97.70210593295951,30.234039604050448,29
25,-97.77025459543027,30.233630100065945,29
26,-97.76414534276874,30.269570579546492,29
27,-97.71835263670744,30.315065811931536,29
28,-97.69154290324747,30.280935800296927,29
29,-97.7411770063019,30.314826953248886,29
30,-97.78005605634094,30.29770339495501,29
31,-97.79536308807484,30.266840815217336,29
32,-97.76146198623833,30.293768506532512,29
33,-97.77897896997618,30.228272126652033,29
34,-97.7250844042358,30.229890683286683,29
35,-97.78761828980342,30.3006153683077,29
36,-97.75093215026705,30.29309682326092,29
37,-97.72263319470628,30.243840715477024,29
38,-97.7340719442025,30.275000083826928,29
39,-97.77173854187187,30.279079851392567,29
40,-97.71013286122503,30.30298686301472,29
41,-97.71717745519801,30.27607921187907,29
42,-97.72005039506425,30.265223980375946,29
43,-97.77106045201943,30.267095749394343,29
44,-97.78328101686415,30.264504225400245,29
45,-97.69951976668305,30.28377715658642,29
46,-97.75360383161636,30.30519433931496,29
47,-97.76679792445695,30.26377675005282,29
48,-97.74111564353474,30.249146921583883,29
49,-97.72346692342538,30.25079637901654,29
0,-97.71008817961706,30.315541720850206,30
1,-97.71674970045582,30.295253651622296,30
2,-97.77276553752408,30.287268768334233,30
3,-97.70452726225619,30.228204353484873,30
4,-97.71950894861784,30.27064091495177,30
5,-97.7119353326455,30.257895090800535,30
6,-97.75885512542995,30.237647991531666,30
7,-97.73301852775054,30.233422864132248,30
8,-97.73463358996165,30.278013539191313,30
9,-97.72534026460556,30.238483039780583,30
10,-97.79205721843876,30.31164501112039,30
11,-97.75107105918389,30.28130861188906,30
12,-97.70485592056944,30.29793338352166,30
13,-97.77131639908374,30.249695469816785,30
14,-97.78501192458364,30.310404898617996,30
15,-97.7398781054979,30.250459349448732,30
16,-97.75506431921086,30.27407080996252,30
17,-97.70571307859598,30.24707132472816,30
18,-97.76629813682945,30.30557528207167,30
19,-97.78707810411693,30.25166735698436,30
20,-97.70463892174138,30.31548806685126,30
21,-97.76945797504428,30.234825525560762,30
22,-97.77747216447133,30.27799266276883,30
23,-97.73327141398421,30.280040884524148,30
24,-97.70166777365431,30.233835307122746,30
25,-97.77017684141931,30.23370733203867,30
26,-97.76388251809574,30.26916071228556,30
27,-97.71904771617297,30.314598593881026,30
28,-97.6918325064012,30.281012786365004,30
29,-97.74118564152562,30.31483399152491,30
30,-97.78008448345777,30.29749388906034,30
31,-97.79536192198402,30.266589185461395,30
32,-97.76157513737469,30.293968103794096,30
33,-97.77855291840865,30.228187568153736,30
34,-97.72540179744462,30.22945711336735,30
35,-97.78701480650132,30.300655824979632,30
36,-97.75111752307328,30.29299322060702,30
37,-97.7224537002995,30.244050340446627,30
38,-97.73411479920561,30.2751449744171,30
39,-97.77204423139503,30.280428551961005,30
40,-97.71015231854975,30.302963534791626,30
41,-97.71722766583095,30.27642716403857,30
42,-97.7194058497849,30.26492381818706,30
43,-97.77027783977097,30.267066534501488,30
44,-97.78276594795086,30.265073700791348,30
45,-97.69973774114018,30.283935015700962,30
46,-97.75344758359357,30.305097587017993,30
47,-97.76700820072567,30.26334552089366,30
48,-97.74140978802876,30.24932584090359,30
49,-97.72341470404835,30.250985254859433,30
0,-97.71064706657968,30.315126649895976,31
1,-97.7167061578936,30.29516695216546,31
2,-97.77267656498425,30.287326438326335,31
3,-97.70443545740648,30.22889554033637,31
4,-97.71970949721262,30.269343184278725,31
5,-97.71152167440023,30.25733224060066,31
6,-97.75810368118951,30.237226061741055,31
7,-97.73261301431141,30.23338857562382,31
8,-97.73436867247646,30.278771792153577,31
9,-97.72528241298406,30.238719618496223,31
10,-97.79185223574846,30.312294802171888,31
11,-97.75080957379993,30.281114083800933,31
12,-97.70470640745489,30.297888962347983,31
13,-97.77249052089445,30.248426887131817,31
14,-97.78504083927677,30.31040366639653,31
15,-97.73994985694907,30.250582802836686,31
16,-97.75509492789597,30.27495611918951,31
17,-97.70434792608837,30.24717197789914,31
18,-97.76538639811851,30.30672984970539,31
19,-97.78724852453068,30.25208730020806,31
20,-97.70455015737897,30.315867812820475,31
21,-97.76882699608252,30.23537979342924,31
22,-97.77757106512131,30.277964383363816,31
23,-97.73305981116444,30.279737155338488,31
24,-97.70052751104961,30.23360746107774,31
25,-97.77029385478119,30.23340675314878,31
26,-97.76370608000096,30.269483076947843,31
27,-97.71990979821857,30.313748652206268,31
28,-97.69167274433069,30.281377377097584,31
29,-97.74127037081831,30.31468631870518,31
30,-97.78046154272796,30.296941696734006,31
31,-97.79524672897513,30.26640094561178,31
32,-97.76146669177498,30.293961923313965,31
33,-97.7785865553522,30.228178924361465,31
34,-97.72537530155883,30.22952072463856,31
35,-97.78701718089116,30.30065453897608,31
36,-97.75160210138088,30.292698364594308,31
37,-97.72260227092082,30.243962066558655,31
38,-97.73415299511572,30.275227562955237,31
39,-97.77224142979485,30.28095939752937,31
40,-97.7102958165973,30.30289393925384,31
41,-97.7173663021112,30.276301046672423,31
42,-97.7183429527654,30.263661929876072,31
43,-97.76918833635942,30.26719373674492,31
44,-97.78199504036931,30.265810747773607,31
45,-97.70037338120947,30.285787741383782,31
46,-97.75365745407606,30.305264772773242,31
47,-97.76765842582721,30.2632489574782,31
48,-97.74139344785775,30.249933684785905,31
49,-97.72378054075308,30.250741957613638,31
0,-97.71148521976754,30.315420719339453,32
1,-97.71685413029371,30.296058145684956,32
2,-97.77227275319883,30.28767658440867,32
3,-97.70422282165785,30.22910241547434,32
4,-97.72060677357415,30.268664145630595,32
5,-97.71159358139992,30.257462879673966,32
6,-97.75759163503595,30.23707434242195,32
7,-97.73266936408648,30.233395372030742,32
8,-97.7344083730253,30.27876879945872,32
9,-97.72544320171798,30.238433920289804,32
10,-97.79120769315233,30.312349778973303,32
11,-97.74887157341206,30.280923904360485,32
12,-97.70488297401529,30.298497704200347,32
13,-97.77347916097823,30.24839854180619,32
14,-97.78521335877119,30.3104356782177,32
15,-97.74016647307742,30.25077418618275,32
16,-97.75523952207392,30.275332035713998,32
17,-97.70374439593424,30.247241279907033,32
18,-97.76501832665721,30.307559900582294,32
19,-97.78652647990475,30.252486492785092,32
20,-97.70443847781937,30.315846774200473,32
21,-97.76829560237594,30.23577099017114,32
22,-97.77790284341471,30.277900737273203,32
23,-97.73239185256332,30.280438524937864,32
24,-97.70031767992104,30.233488794966835,32
25,-97.77028109821106,30.233235703235053,32
26,-97.76373317247848,30.269963899041528,32
27,-97.72054439668943,30.31356068679567,32
28,-97.69173298531426,30.281384301149384,32
29,-97.74142701943802,30.313790315693158,32
30,-97.78086522990269,30.296471303644925,32
31,-97.79449074465619,30.266229762582288,32
32,-97.7622974963943,30.294441635501684,32
33,-97.77849155255866,30.227762483167204,32
34,-97.72547528117472,30.22901143039016,32
35,-97.7866913710753,30.300890367608666,32
36,-97.75207490517394,30.29215743160128,32
37,-97.7227900121762,30.244299985544497,32
38,-97.73409396946194,30.27520235194743,32
39,-97.77272095734611,30.280405907664623,32
40,-97.71022411541647,30.30304144021433,32
41,-97.71748601533301,30.275938461111686,32
42,-97.71732011997761,30.262610954717992,32
43,-97.7690290853433,30.267098738425283,32
44,-97.78163155493905,30.266953291130754,32
45,-97.70028753914563,30.28603888478029,32
46,-97.7533598610901,30.30481082035043,32
47,-97.76852414058011,30.26316099330181,32
48,-97.74291217216432,30.2498122621397,32
49,-97.7238047583299,30.25086306642689,32
0,-97.71191377441053,30.31515440439758,33
1,-97.71681429365725,30.29658830355158,33
2,-97.77220882359413,30.28770269163684,33
3,-97.70445843405005,30.228751228109083,33
4,-97.72091748593238,30.268647477520002,33
5,-97.7116775671201,30.25752373467728,33
6,-97.75830874700868,30.236958601335154,33
7,-97.73316615476233,30.233422254513233,33
8,-97.7357022725798,30.278810771145352,33
9,-97.72516968810316,30.2384399016638,33
10,-97.79160799304206,30.312742294625387,33
11,-97.74729077368708,30.281228243357393,33
12,-97.70444142618028,30.297749032927168,33
13,-97.77333412781657,30.248694045748568,33
14,-97.78644281189192,30.31004162134103,33
15,-97.74031100906126,30.25173584732315,33
16,-97.75487629607333,30.275225796185246,33
17,-97.70374331677867,30.247805089953236,33
18,-97.76451104822652,30.307935751570117,33
19,-97.78654048894602,30.252202953191233,33
20,-97.70434297938422,30.315778214212116,33
21,-97.76818382746434,30.235789010852777,33
22,-97.77831191847541,30.277268789073354,33
23,-97.73184306332568,30.281423030833157,33
24,-97.69976146892108,30.232731814226774,33
25,-97.77052083559595,30.233628008926342,33
26,-97.76340729902797,30.27083958725752,33
27,-97.72037060948368,30.313555602978475,33
28,-97.69199821838433,30.281414105811184,33
29,-97.74161888251494,30.313438212264902,33
30,-97.78112638208702,30.29614025598609,33
31,-97.79357157012923,30.265609619615017,33
32,-97.76263799883375,30.295349398073817,33
33,-97.77888694177963,30.22767972987711,33
34,-97.72539498029238,30.228925112897716,33
35,-97.78581995386944,30.301628307091647,33
36,-97.75254425744107,30.29218302614574,33
37,-97.72316590833816,30.24405004224785,33
38,-97.7346756406058,30.27556373856219,33
39,-97.77233260206347,30.28009094724372,33
40,-97.71051034326041,30.302892877079834,33
41,-97.71736155755711,30.27587234362865,33
42,-97.71592428375506,30.261636139108276,33
43,-97.76845452806207,30.26714134174136,33
44,-97.78160487931332,30.266962841382547,33
45,-97.70041558371467,30.28630647764512,33
46,-97.75341718272314,30.30549891284677,33
47,-97.76880521982193,30.26290780448439,33
48,-97.7438158468035,30.25046427011168,33
49,-97.7236242674183,30.251273907408862,33
0,-97.71240783795476,30.3150133056953,34
1,-97.7167262826888,30.296778991506038,34
2,-97.7721937612198,30.28796424409216,34
3,-97.70506733963818,30.22812080684907,34
4,-97.72064512921708,30.268790992446508,34
5,-97.71135960695416,30.257535987248055,34
6,-97.75906708277415,30.237345123732595,34
7,-97.73270478247406,30.23357456799855,34
8,-97.73662144896781,30.27790751182316,34
9,-97.72599216683966,30.23886465655778,34
10,-97.79238242049617,30.313210666379483,34
11,-97.74668824360207,30.281970818356484,34
12,-97.70285791447068,30.2973349782917,34
13,-97.77317187388262,30.249280860700686,34
14,-97.78786111300823,30.309693270029147,34
15,-97.74051462949294,30.252547840980085,34
16,-97.75473408213215,30.27455397480546,34
17,-97.70366449627393,30.247708191462323,34
18,-97.76441212679434,30.308088630354366,34
19,-97.78621640811961,30.251765170591305,34
20,-97.70498248173753,30.316126989079464,34
21,-97.76764561815793,30.235754900746333,34
22,-97.77989920778096,30.27640879643372,34
23,-97.73105276324986,30.281333771185885,34
24,-97.69925949470961,30.23248994126099,34
25,-97.77101714405632,30.233802566081152,34
26,-97.7618549903316,30.271880913914057,34
27,-97.72087967056389,30.313566142448312,34
28,-97.69225738028145,30.28160475283141,34
29,-97.74157545953378,30.312832827987023,34
30,-97.78158625446392,30.295882175765513,34
31,-97.7933734554472,30.26510376223478,34
32,-97.76229647264962,30.2953574100429,34
33,-97.77788838706766,30.22762284263741,34
34,-97.72565748659932,30.228958220862875,34
35,-97.78543346987875,30.301859862769,34
36,-97.75437443487112,30.29277266141611,34
37,-97.72316319934154,30.244016457045113,34
38,-97.73474200541834,30.27557828971516,34
39,-97.77109227227444,30.279541392529488,34
40,-97.71107297797589,30.302033492610096,34
41,-97.71698496503139,30.27528425506172,34
42,-97.71424154283076,30.259897294619854,34
43,-97.7689894425249,30.267112367020896,34
44,-97.78058728620549,30.266893109833152,34
45,-97.70041938114215,30.286559655421843,34
46,-97.7542001021195,30.306063779137485,34
47,-97.76823849004644,30.263405363252478,34
48,-97.74399421263475,30.2518835431118,34
49,-97.72276929745766,30.251146558278723,34
0,-97.71376693408345,30.314839263428798,35
1,-97.7166633372788,30.296808669987065,35
2,-97.77208700312141,30.28776306375172,35
3,-97.7052633805231,30.227957067034165,35
4,-97.7205101247827,30.268175935621453,35
5,-97.71116796229339,30.25745001221836,35
6,-97.75864874738787,30.237189076201393,35
7,-97.73260845081943,30.233588002824245,35
8,-97.73669037629062,30.276762086601448,35
9,-97.7260418703617,30.23887943209661,35
10,-97.79330187372351,30.313352359259262,35
11,-97.74637071649514,30.28208538095901,35
12,-97.70295760595994,30.297336064549672,35
13,-97.77316559186201,30.249640022229503,35
14,-97.78875983069914,30.310736528248036,35
15,-97.74063664212886,30.252057898254918,35
16,-97.75424041740045,30.274759989625885,35
17,-97.70363062748594,30.247349941255568,35
18,-97.7645607347945,30.307833340105585,35
19,-97.78626022777866,30.25180223905603,35
20,-97.70527148373726,30.3160195674229,35
21,-97.76770680345237,30.23575195015007,35
22,-97.78108895873861,30.275666437276758,35
23,-97.73048140449872,30.28126024341127,35
24,-97.69924242488777,30.232433627170927,35
25,-97.77068926390193,30.233725050201866,35
26,-97.7612027391141,30.272860008874513,35
27,-97.72188692845309,30.313523871351084,35
28,-97.69266719012568,30.281891049517515,35
29,-97.74179973268396,30.31402444776369,35
30,-97.78134516261721,30.296398502784076,35
31,-97.79354186660072,30.26516965321204,35
32,-97.76213593941179,30.29546182699978,35
33,-97.77853523075169,30.227769051887215,35
34,-97.7249881964384,30.228882115863655,35
35,-97.78450903504289,30.30243906302807,35
36,-97.75493456734488,30.292534530634253,35
37,-97.72317039824678,30.24434287566649,35
38,-97.7347198902342,30.275572740016095,35
39,-97.77063186638424,30.278397765172166,35
40,-97.7110086430501,30.302126651971815,35
41,-97.71667878225404,30.275580883322537,35
42,-97.7138556297971,30.259178324111346,35
43,-97.76969892948973,30.26698698116588,35
44,-97.78048597882149,30.26690994894931,35
45,-97.70023290623784,30.287020739163065,35
46,-97.75466010311904,30.306113280439224,35
47,-97.767734494511,30.263501036319084,35
48,-97.74430432804297,30.253014128881002,35
49,-97.7225023974546,30.25082487712236,35
0,-97.71366375109662,30.314632534511514,36
1,-97.71740195644203,30.29613195242912,36
2,-97.77182968669581,30.287838890496094,36
3,-97.70581777050671,30.22752755210091,36
4,-97.72044694050953,30.268200789317422,36
5,-97.71019425080242,30.257491818086127,36
6,-97.75864079401501,30.237127012325146,36
7,-97.73216152668525,30.23349347749782,36
8,-97.73637235853313,30.276303534548372,36
9,-97.72558465657094,30.238976653408518,36
10,-97.79366348760955,30.313277611420997,36
11,-97.7458686386209,30.282151194668277,36
12,-97.70257974359033,30.29679317653836,36
13,-97.77317722745636,30.250381312844063,36
14,-97.78927145609171,30.310755582305788,36
15,-97.74091216643882,30.252182060019837,36
16,-97.7534770633013,30.27451147781919,36
17,-97.70362620387654,30.24738100475762,36
18,-97.76456852396252,30.307379351641035,36
19,-97.78627707735716,30.25181655820782,36
20,-97.70655410720956,30.31563984709181,36
21,-97.76744139271999,30.235726369610994,36
22,-97.78079036633976,30.27579334870334,36
23,-97.73060546138441,30.281072818682627,36
24,-97.69934501643239,30.231605441364504,36
25,-97.77148204536782,30.234328678047365,36
26,-97.76121322741947,30.272842281170405,36
27,-97.72238843507891,30.313094867885344,36
28,-97.69286187836302,30.282171184339898,36
29,-97.74321719502451,30.315243832114376,36
30,-97.78137262583289,30.29647847372034,36
31,-97.79341455122912,30.26509435990504,36
32,-97.76099182703618,30.295748993692133,36
33,-97.77903001656482,30.228004458828117,36
34,-97.72504656507112,30.228995415879805,36
35,-97.78465896197565,30.30222285590788,36
36,-97.75517066320849,30.29237823482826,36
37,-97.72312342815003,30.245408584109626,36
38,-97.73445908509524,30.27505408046182,36
39,-97.77066921813463,30.2782598239833,36
40,-97.71102744899234,30.30217076889328,36
41,-97.7165690890307,30.275580759475492,36
42,-97.71385278059586,30.259115888037023,36
43,-97.76990686707757,30.266605971024564,36
44,-97.7802717836272,30.267098249077865,36
45,-97.70037455383023,30.287889824613067,36
46,-97.75374613131355,30.305190377689918,36
47,-97.76695804150475,30.263582435282665,36
48,-97.74472460105646,30.253691675808575,36
49,-97.72241971678562,30.250610819419833,36
0,-97.71368798530678,30.31456135021954,37
1,-97.71778895130042,30.29621520484551,37
2,-97.77057544296078,30.288289890288148,37
3,-97.7080094267399,30.227308301771185,37
4,-97.72091659939728,30.267979939494083,37
5,-97.71018089996737,30.257489911462145,37
6,-97.758303088491,30.23689442816527,37
7,-97.7317318281911,30.23298216777323,37
8,-97.73677283204779,30.27661563834603,37
9,-97.7255511453708,30.23896526819706,37
10,-97.79378146628066,30.313066865273047,37
11,-97.74508301367037,30.281051105105313,37
12,-97.70263126463153,30.297036595456042,37
13,-97.77278053751856,30.2509515706907,37
14,-97.78861347043899,30.31031833186063,37
15,-97.741038892109,30.252510312429827,37
16,-97.75263712520267,30.274534571067473,37
17,-97.70363109796278,30.24737011528489,37
18,-97.76501090146246,30.307110093972945,37
19,-97.7870801336781,30.25188540474967,37
20,-97.70634640501707,30.31524439900254,37
21,-97.76755643919829,30.23574352070284,37
22,-97.78155861219331,30.276004815715666,37
23,-97.73049174821669,30.281030187895205,37
24,-97.69934558830202,30.230411846059802,37
25,-97.77154113932126,30.23443738017672,37
26,-97.76115071208041,30.27287945392621,37
27,-97.72329696851519,30.31281328154798,37
28,-97.6928607289887,30.282170188254153,37
29,-97.74388480281522,30.315883477748486,37
30,-97.78148222017818,30.29618497260595,37
31,-97.79323163699482,30.264400941921128,37
32,-97.76115257281198,30.29564725843052,37
33,-97.7806618130726,30.228643520566944,37
34,-97.72473819582167,30.22858320405398,37
35,-97.78455574274655,30.302461262940895,37
36,-97.75438602535024,30.292188383365993,37
37,-97.72176237429197,30.24598456104918,37
38,-97.73459418638187,30.275785498257857,37
39,-97.77092025135273,30.277939998182216,37
40,-97.7110335741063,30.30197472140605,37
41,-97.71602883982598,30.275517820524495,37
42,-97.7134082652375,30.258867269579373,37
43,-97.77056677088967,30.265731963566285,37
44,-97.7802391716959,30.267151043060878,37
45,-97.7000649437682,30.28762536391389,37
46,-97.75430006331638,30.30577998385602,37
47,-97.76559915216473,30.263959018982877,37
48,-97.7445762771187,30.253704154759465,37
49,-97.72283079836002,30.250793599265545,37
0,-97.7136961517205,30.31469209105597,38
1,-97.71842015308941,30.295839213950213,38
2,-97.77026288943188,30.289296388602697,38
3,-97.70794244368743,30.227309483779454,38
4,-97.72102543667755,30.267771493887555,38
5,-97.71019149221111,30.25749399240545,38
6,-97.75842687726467,30.237063376151227,38
7,-97.73285686706316,30.232732424943176,38
8,-97.73710268262137,30.27666705662381,38
9,-97.72577828960002,30.238893301404914,38
10,-97.79394685179903,30.313023704073835,38
11,-97.74350785959517,30.279818282434693,38
12,-97.70308667828179,30.29744802655077,38
13,-97.77285728012933,30.25079126249096,38
14,-97.78874908932964,30.31018984699333,38
15,-97.7409945201714,30.252377905694622,38
16,-97.75282396947651,30.274504971031146,38
17,-97.70401093491114,30.24816181865132,38
18,-97.76497732778385,30.306961706409442,38
19,-97.78698693911352,30.251856337876042,38
20,-97.70634240266538,30.315485585087345,38
21,-97.7673786585863,30.235832345193277,38
22,-97.78169183063105,30.27572834453273,38
23,-97.73060224728265,30.281001175672046,38
24,-97.69935806933995,30.23048829550426,38
25,-97.77115160027626,30.234364351778677,38
26,-97.7612208998635,30.272616215085126,38
27,-97.72446524171775,30.313054855476448,38
28,-97.69307711296109,30.282404576694123,38
29,-97.74470182766004,30.315483783757106,38
30,-97.78163878614438,30.295573040547357,38
31,-97.79330361501704,30.26422862538978,38
32,-97.76176000551786,30.295975103443535,38
33,-97.78132628515763,30.22944029721755,38
34,-97.72508484817942,30.228037607023325,38
35,-97.78400610103739,30.302670292960123,38
36,-97.75366340825244,30.292533413373803,38
37,-97.72167108054943,30.246045216262473,38
38,-97.73480145705855,30.276038307670966,38
39,-97.77140035426805,30.277612498446274,38
40,-97.71049003127425,30.30227742827547,38
41,-97.7154993760419,30.275490664117612,38
42,-97.71253640523341,30.25858011532473,38
43,-97.77098795176668,30.265652454339644,38
44,-97.7796891979626,30.268405454425842,38
45,-97.70080689247489,30.287492780822458,38
46,-97.75441936411849,30.30605193986762,38
47,-97.76465338127397,30.263908300128268,38
48,-97.74483584373013,30.253771586936782,38
49,-97.7235572839081,30.250834119588447,38
0,-97.71353086985694,30.314758213179413,39
1,-97.71865598907341,30.295516141321198,39
2,-97.77043906904842,30.289108979099957,39
3,-97.7077217690685,30.22759768722485,39
4,-97.72103404517902,30.267740565515886,39
5,-97.71015167844017,30.25750105073644,39
6,-97.75808502970565,30.23679785740577,39
7,-97.73342040805682,30.23261241250348,39
8,-97.73702159921207,30.2766638076651,39
9,-97.72626049618577,30.238885447493864,39
10,-97.79440519072398,30.313133232750022,39
11,-97.74263608369843,30.27957080687307,39
12,-97.703137017122,30.29748644414603,39
13,-97.773187121945,30.25033432452899,39
14,-97.78876251351856,30.31007375730557,39
15,-97.74100494086227,30.25227004228945,39
16,-97.75420753979179,30.275065037956576,39
17,-97.70344252848379,30.248463619070936,39
18,-97.76499712096535,30.30711159852952,39
19,-97.78712494413733,30.251901098340024,39
20,-97.70635115708443,30.31537330102933,39
21,-97.76648872355192,30.235889344788696,39
22,-97.78194615780181,30.275052068486314,39
23,-97.73056505249532,30.28100339930791,39
24,-97.69933507726776,30.230700829075722,39
25,-97.7716536784897,30.234341758977965,39
26,-97.7611963033289,30.272503294200458,39
27,-97.72525739255906,30.313752479574358,39
28,-97.69294750886883,30.28166164925842,39
29,-97.74511252547997,30.315169518436377,39
30,-97.78164933126922,30.295709239303378,39
31,-97.79270061225989,30.265345051613824,39
32,-97.76204463405462,30.295980997550355,39
33,-97.78238039659529,30.229633824452577,39
34,-97.7256688012166,30.227204539880823,39
35,-97.7836156558641,30.303209286785446,39
36,-97.7522130107881,30.292983376690984,39
37,-97.72193280778947,30.24583978980022,39
38,-97.7349046603377,30.276705249329318,39
39,-97.77140273586538,30.27761844292316,39
40,-97.71004327842287,30.302218196885082,39
41,-97.71478349811456,30.27538647294604,39
42,-97.71200028874327,30.258216317096903,39
43,-97.77161920550061,30.265894712116577,39
44,-97.77821009128614,30.26971157851472,39
45,-97.70104996625764,30.287442723969935,39
46,-97.75465676183028,30.30666291862607,39
47,-97.7628151948894,30.263112223403464,39
48,-97.7458432751114,30.25395359861626,39
49,-97.72292420127557,30.25084082880283,39
0,-97.71416731308531,30.31297856912454,40
1,-97.71871207814715,30.295507769749683,40
2,-97.77071347233324,30.288854749963807,40
3,-97.70811484633718,30.226719815589657,40
4,-97.72104652581106,30.26778130411272,40
5,-97.71089196298999,30.256794854873682,40
6,-97.75808490694722,30.23679783209087,40
7,-97.73435299142591,30.233364513196157,40
8,-97.73699236787279,30.276410186123677,40
9,-97.72693770163244,30.23850368005311,40
10,-97.79431265253342,30.313000458982785,40
11,-97.74182178921268,30.279320272526068,40
12,-97.70295492722775,30.297454788915044,40
13,-97.77369744751458,30.249531203348795,40
14,-97.7894040010865,30.309793185944386,40
15,-97.74102540172488,30.252179729076833,40
16,-97.7546145365124,30.275296651379172,40
17,-97.70340890935793,30.248163948745635,40
18,-97.76502440719916,30.306969192319393,40
19,-97.78819772269838,30.252673311261773,40
20,-97.70648778002503,30.31492592178214,40
21,-97.76537027501074,30.236516473195394,40
22,-97.78231470682869,30.274671038698937,40
23,-97.73136068603783,30.28073205523731,40
24,-97.69809851320933,30.23005099145327,40
25,-97.7719531712248,30.234275719588023,40
26,-97.76121953237882,30.272700779953617,40
27,-97.725529250152,30.31364874835856,40
28,-97.6928955632597,30.28109506076018,40
29,-97.74515876412619,30.31525150730531,40
30,-97.78180894114978,30.29702974124164,40
31,-97.7939192915014,30.264596275764134,40
32,-97.76170097137957,30.295730835632735,40
33,-97.78250883389309,30.22972794316897,40
34,-97.72597396681567,30.226173028016976,40
35,-97.78287480404191,30.30411587320488,40
36,-97.75234351581031,30.29412868860475,40
37,-97.72231675694478,30.245659489790814,40
38,-97.73438963920523,30.27644773013406,40
39,-97.77026816119667,30.277124140523238,40
40,-97.7100494565304,30.302216124949716,40
41,-97.71481562205044,30.27543452490328,40
42,-97.7128642129759,30.258145533508607,40
43,-97.77159707985285,30.265909633219806,40
44,-97.77758180825168,30.271891288400106,40
45,-97.70202912460175,30.287891177403047,40
46,-97.75474943387383,30.306906089703162,40
47,-97.76174089584816,30.263015797050592,40
48,-97.74703393795969,30.25390091505114,40
49,-97.72178472629565,30.25100521559034,40
0,-97.71451842561763,30.312524993229488,41
1,-97.71918654319265,30.29504414362079,41
2,-97.77117917760536,30.2883888011443,41
3,-97.7090481821581,30.226715236825076,41
4,-97.7212109352457,30.268124315283327,41
5,-97.71085602523576,30.25710260854943,41
6,-97.75823491688475,30.236864869249562,41
7,-97.73476133692101,30.233466076309817,41
8,-97.73663067213162,30.276134710172666,41
9,-97.72852284120917,30.23814009026079,41
10,-97.7937052672671,30.312968895318715,41
11,-97.74195993856586,30.279408161937614,41
12,-97.70306030680491,30.297587098300294,41
13,-97.77398591664722,30.248632146597487,41
14,-97.78940854361419,30.30966618862488,41
15,-97.74147009948804,30.252670830471846,41
16,-97.75491852106816,30.275470290680428,41
17,-97.70390475450667,30.2484809112267,41
18,-97.7650031071481,30.306968820287636,41
19,-97.78893316732879,30.253204412602653,41
20,-97.70692636620957,30.31427541181921,41
21,-97.76389726164246,30.23726548122698,41
22,-97.78152585775113,30.27553352161234,41
23,-97.73127764430227,30.280781350731278,41
24,-97.69773566102123,30.22970877809948,41
25,-97.77190656141883,30.234275124402195,41
26,-97.76051162299751,30.27362599279304,41
27,-97.72600017573713,30.313920034805243,41
28,-97.69228239619484,30.28146165101153,41
29,-97.74513671595854,30.315313663563767,41
30,-97.78162958178643,30.298036995116796,41
31,-97.79427486600477,30.265002333905564,41
32,-97.76239055397058,30.29588445149331,41
33,-97.78277034350656,30.230204425513097,41
34,-97.72585519932959,30.22631435982656,41
35,-97.78268498133549,30.304787697523466,41
36,-97.7523065272097,30.294448527082476,41
37,-97.72236967987277,30.24555979975795,41
38,-97.73448038136661,30.27583898085392,41
39,-97.77069170768736,30.27697846029021,41
40,-97.70998727930774,30.30218465800983,41
41,-97.71507542153775,30.27542822168815,41
42,-97.71257918325429,30.25821392016873,41
43,-97.77186249532136,30.26564913227865,41
44,-97.77675026743685,30.272505307549675,41
45,-97.70244193069898,30.288357022445854,41
46,-97.75472302206543,30.30709240723757,41
47,-97.76136660884232,30.26306883915047,41
48,-97.74896610545,30.254538802081377,41
49,-97.72131980021129,30.250310639886862,41
0,-97.71553984003978,30.312220841695105,42
1,-97.71923592160915,30.294660420176232,42
2,-97.771875838329,30.28827620886457,42
3,-97.70850504725699,30.2273920116609,42
4,-97.72122716108457,30.268096106599483,42
5,-97.7104053503296,30.257364685279963,42
6,-97.75837927225668,30.236724494754377,42
7,-97.7342514559858,30.23347335094578,42
8,-97.7364019565436,30.27593154816617,42
9,-97.73035765720056,30.237908500311626,42
10,-97.79280316755508,30.312597983238156,42
11,-97.74202754721072,30.279076321345485,42
12,-97.70280028188958,30.29716396934736,42
13,-97.77423189383886,30.248524521976528,42
14,-97.7893234276813,30.309535618311077,42
15,-97.74179837418359,30.252709029197245,42
16,-97.75496457715177,30.275210375552103,42
17,-97.70385929869245,30.249631594274007,42
18,-97.7649520715401,30.306951272727954,42
19,-97.78971250621092,30.253209116735974,42
20,-97.70784095682598,30.313483092927882,42
21,-97.76257591022244,30.238855883054498,42
22,-97.78111844286657,30.27563935928704,42
23,-97.7309446048151,30.280996058419795,42
24,-97.69774419389687,30.229805650114233,42
25,-97.77239125740816,30.234177198911645,42
26,-97.7603009796538,30.27402670241831,42
27,-97.72641109547858,30.31403649036721,42
28,-97.6923198323386,30.28143353727037,42
29,-97.74559987452633,30.316115715529776,42
30,-97.78184498445886,30.299542590143965,42
31,-97.79419828280491,30.26542817760037,42
32,-97.7619429399918,30.295665771433168,42
33,-97.7829329476379,30.23104847231546,42
34,-97.72590121021652,30.22623847300447,42
35,-97.7828350609664,30.30459015092993,42
36,-97.75233088010827,30.294444353115274,42
37,-97.72245881575553,30.24543439764898,42
38,-97.7348456724314,30.275378023525583,42
39,-97.77035873162141,30.276876908266473,42
40,-97.70978029958285,30.301499426941323,42
41,-97.71518491704812,30.27542885765364,42
42,-97.7126637307404,30.258216486674463,42
43,-97.7717319055063,30.265130825130015,42
44,-97.77652212838142,30.273929485562345,42
45,-97.70246369618872,30.28868704264084,42
46,-97.75515379748357,30.307875171983408,42
47,-97.76093971447013,30.26282485434857,42
48,-97.7496458194669,30.255539907901404,42
49,-97.72078543238999,30.25020369262247,42
0,-97.71478492877324,30.31248826603754,43
1,-97.71940432845591,30.2944779845395,43
2,-97.77272319377012,30.28773131192838,43
3,-97.70808095755756,30.227628876662642,43
4,-97.72194777959237,30.26757224980477,43
5,-97.7100951076815,30.257372663458742,43
6,-97.75892545891861,30.23647879206956,43
7,-97.73382454931419,30.233547372183786,43
8,-97.73672408549332,30.27646157340991,43
9,-97.73076647032855,30.237365606043433,43
10,-97.79267967291929,30.31251373371648,43
11,-97.74333811564449,30.279513116199247,43
12,-97.70258321409021,30.296606618882386,43
13,-97.77419600766586,30.248412968348713,43
14,-97.78925292320731,30.309304518224966,43
15,-97.74318915314463,30.25368446595707,43
16,-97.75523763096636,30.2753888842645,43
17,-97.70412631152927,30.250013491447607,43
18,-97.76474194953292,30.307164850611684,43
19,-97.78961714223215,30.25314157893045,43
20,-97.7081726316139,30.31327668005649,43
21,-97.76248347511336,30.24009972993224,43
22,-97.78092750853126,30.27563255273083,43
23,-97.73056374953322,30.28135081412129,43
24,-97.6976448233915,30.22973038285316,43
25,-97.77275343286544,30.234146783591854,43
26,-97.76035236177148,30.273966404033676,43
27,-97.72563021202228,30.31359579007169,43
28,-97.6920827645909,30.28095892285416,43
29,-97.74549175099604,30.31606278491611,43
30,-97.78184046996893,30.30025158061358,43
31,-97.7945055925936,30.266678268245887,43
32,-97.76217772397443,30.295701918554826,43
33,-97.7838727517895,30.231280924907324,43
34,-97.72551875050438,30.22688206749846,43
35,-97.78274448334311,30.30463785081465,43
36,-97.75160714674861,30.29477267255586,43
37,-97.72232838795259,30.245516703844714,43
38,-97.7334288403902,30.274544194599976,43
39,-97.77038012256213,30.27687936504409,43
40,-97.70914961432196,30.30118097298333,43
41,-97.71588159684315,30.274849208283094,43
42,-97.71252661469974,30.25760629941746,43
43,-97.77224798543017,30.264255401172566,43
44,-97.7764628562379,30.27521398313043,43
45,-97.70256470617419,30.288553610169473,43
46,-97.75584366568188,30.309172054326442,43
47,-97.76111378463597,30.262983809542394,43
48,-97.74976349482347,30.25558008392358,43
49,-97.72095982575614,30.250082736262335,43
0,-97.71457971406333,30.312640906119405,44
1,-97.71979821631831,30.29335449807796,44
2,-97.77331299702296,30.288646481673346,44
3,-97.70838499290231,30.227242405849278,44
4,-97.72231423968294,30.267146539791856,44
5,-97.71039464379885,30.257204421255004,44
6,-97.75867100423403,30.236315034929866,44
7,-97.73321970349825,30.233807754039667,44
8,-97.73664044522816,30.27717153147584,44
9,-97.7308631508882,30.237241061033174,44
10,-97.79360489816169,30.313001355181115,44
11,-97.74517091155674,30.279378077674693,44
12,-97.70211385652506,30.29667299095512,44
13,-97.7739853272016,30.24664651311116,44
14,-97.78925469116335,30.309295293451076,44
15,-97.74461146817083,30.253566679127804,44
16,-97.7551121446856,30.275372415373383,44
17,-97.70417121985959,30.250295090544252,44
18,-97.76366958031433,30.308335539480723,44
19,-97.78974282987885,30.253261533606654,44
20,-97.70827301513488,30.313540592760976,44
21,-97.76203166520911,30.240464792203973,44
22,-97.78140889346683,30.27570514299768,44
23,-97.73016894974467,30.281546500346494,44
24,-97.6966967423842,30.229851917704565,44
25,-97.7727167862632,30.234186427472935,44
26,-97.76005587397965,30.2740438473093,44
27,-97.72527529012235,30.31431720942088,44
28,-97.69260995797708,30.281372875978136,44
29,-97.7458560656242,30.31510260442114,44
30,-97.78177624372628,30.300429755303497,44
31,-97.79523475403536,30.267734497122586,44
32,-97.76134259292819,30.296089189534968,44
33,-97.78409452818315,30.23106630055297,44
34,-97.72563713448532,30.22739794998669,44
35,-97.7821501173886,30.304696617030732,44
36,-97.75170393805817,30.294637565762212,44
37,-97.72208519337258,30.245610663842953,44
38,-97.73323202706972,30.27398239627836,44
39,-97.77028025649192,30.277601359317224,44
40,-97.70942015663368,30.301904765239517,44
41,-97.71586549589706,30.274841733692718,44
42,-97.712690103018,30.257215079674907,44
43,-97.77261325409147,30.263837612618378,44
44,-97.77544630774334,30.275819696741735,44
45,-97.70264789312463,30.288621114280385,44
46,-97.75540169944082,30.310029672104022,44
47,-97.7606795192605,30.2627582529041,44
48,-97.75041845956189,30.25619003317702,44
49,-97.7210451141052,30.249400835558404,44
0,-97.71409923298543,30.312871780167125,45
1,-97.71989842480596,30.293233803223647,45
2,-97.77395147688816,30.288847064624346,45
3,-97.70820678060467,30.22731210777689,45
4,-97.72262733167186,30.26686047355077,45
5,-97.71073836165009,30.257206608090154,45
6,-97.75888402470481,30.236644306098324,45
7,-97.73341421691552,30.233984989034077,45
8,-97.73660854859892,30.27731646126025,45
9,-97.73102745452256,30.23694169804412,45
10,-97.79410391561692,30.313422777584503,45
11,-97.74514333598515,30.278546789497668,45
12,-97.7013084154255,30.29640237651117,45
13,-97.773943823443,30.246430803366476,45
14,-97.78896195097803,30.30968526655163,45
15,-97.7466300972398,30.253494081676525,45
16,-97.755427474635,30.275132167401942,45
17,-97.70537267258425,30.251489747195606,45
18,-97.76365655878308,30.308668167720327,45
19,-97.7902432026043,30.25363366853343,45
20,-97.70854371625492,30.313188346078604,45
21,-97.76163911719746,30.24167086670863,45
22,-97.78178482646797,30.27583522552393,45
23,-97.73026994799946,30.281516198233998,45
24,-97.69656127821513,30.229933740220734,45
25,-97.77260197704317,30.233909728869033,45
26,-97.76028272046815,30.273973645651967,45
27,-97.72550251872413,30.31418309019219,45
28,-97.69223349326013,30.281053226265023,45
29,-97.74654122860545,30.315238026013397,45
30,-97.78194901682292,30.30033527001018,45
31,-97.7955393713935,30.268813263183098,45
32,-97.76056526724277,30.29616159655278,45
33,-97.78406059392053,30.231080870151988,45
34,-97.72630292505829,30.22774469291869,45
35,-97.78185497604338,30.304699733166867,45
36,-97.75210217772144,30.29458403058231,45
37,-97.72230685659237,30.245345323596645,45
38,-97.73309436166755,30.27366948016977,45
39,-97.77031594475056,30.278660486505164,45
40,-97.70976952489518,30.302256776959688,45
41,-97.71544357808838,30.275201881580216,45
42,-97.71269175766646,30.25721469535361,45
43,-97.77396751039953,30.263359697930376,45
44,-97.77484312999019,30.276404418763164,45
45,-97.70218679975285,30.288525875336425,45
46,-97.75573631308052,30.31086903848233,45
47,-97.76071823292965,30.262743601084452,45
48,-97.75068032885869,30.25638813550947,45
49,-97.72168131028883,30.2488632580412,45
0,-97.71374096501924,30.312969078003892,46
1,-97.71991812657112,30.29309401954505,46
2,-97.7743131552099,30.28865449876124,46
3,-97.70755866349373,30.227857274758197,46
4,-97.72248787932212,30.267210802589698,46
5,-97.71186198078254,30.25781202907245,46
6,-97.75871691998549,30.23639670030311,46
7,-97.73371588924549,30.23409041341655,46
8,-97.73637281839444,30.27735949222053,46
9,-97.73160175013764,30.236090853518505,46
10,-97.79543712625387,30.31272841664734,46
11,-97.74513812611394,30.278427876813183,46
12,-97.70164615315758,30.295833965806185,46
13,-97.77421455166855,30.24581737123026,46
14,-97.78848828778564,30.310458503011525,46
15,-97.74677892395188,30.253535124996898,46
16,-97.75485772526129,30.2756636468071,46
17,-97.70559371781513,30.252203084393276,46
18,-97.763583980789,30.30954859466831,46
19,-97.79047165490532,30.253866384540594,46
20,-97.7087085390065,30.313091560292907,46
21,-97.76124542477119,30.24209107038888,46
22,-97.78287917785109,30.275804488558432,46
23,-97.730699174432,30.28119969723478,46
24,-97.69658366616491,30.22964099568373,46
25,-97.77251074688682,30.233907141925943,46
26,-97.7612441242437,30.27351596832191,46
27,-97.72634882569443,30.313811840065604,46
28,-97.69227493062623,30.280864839973194,46
29,-97.74563721256199,30.315555556388297,46
30,-97.78163606687635,30.300425941987562,46
31,-97.79550003182844,30.268632696597887,46
32,-97.76205169516498,30.29648672964274,46
33,-97.78360019314265,30.231336834557126,46
34,-97.72646522252457,30.228104847016095,46
35,-97.78090927717062,30.304596397717127,46
36,-97.75181949244205,30.29463068622405,46
37,-97.72217754339887,30.244933006687646,46
38,-97.73288280620652,30.273949613217507,46
39,-97.77006113224552,30.27897146293592,46
40,-97.7097624661063,30.302311806302043,46
41,-97.71510827290264,30.275001268734872,46
42,-97.71302527059292,30.25700515265706,46
43,-97.77456024231604,30.26376944182468,46
44,-97.77381102392818,30.276911229598717,46
45,-97.7021703700485,30.28851338753075,46
46,-97.75584596402182,30.310676449484614,46
47,-97.76123573690657,30.261657292003008,46
48,-97.75053406956819,30.25633774003959,46
49,-97.72229201526633,30.248434425491645,46
0,-97.71291364150453,30.3131773881084,47
1,-97.71935593833118,30.292284150637894,47
2,-97.77472013544927,30.287886457275004,47
3,-97.70747997029147,30.22785315673024,47
4,-97.72187650107432,30.26752419656765,47
5,-97.71245428275826,30.258142577182163,47
6,-97.758731418955,30.23641041223619,47
7,-97.73373231041049,30.2341347451597,47
8,-97.73491631333981,30.2771990432343,47
9,-97.73220311326892,30.23464963030654,47
10,-97.79568116636939,30.31239295148412,47
11,-97.74596912921699,30.278195376892388,47
12,-97.70146619376861,30.29544281536128,47
13,-97.7751560317907,30.24558149728268,47
14,-97.78812417294263,30.310449775311355,47
15,-97.74759127587058,30.254641450728748,47
16,-97.75431645301343,30.27573586568824,47
17,-97.70670156128507,30.252652935642363,47
18,-97.76356854276479,30.30966957124723,47
19,-97.79045345984755,30.253690884536194,47
20,-97.70916787683535,30.312548875853913,47
21,-97.76121675406522,30.242122371380457,47
22,-97.78366333989644,30.276088271976143,47
23,-97.73071203529207,30.280620278820383,47
24,-97.69657204276348,30.229599781592036,47
25,-97.77249147910842,30.23415676014083,47
26,-97.76186408334625,30.273107493895733,47
27,-97.7266522998529,30.313755655092397,47
28,-97.69293867161777,30.281486487678137,47
29,-97.74529626248334,30.31586246146078,47
30,-97.7812033737585,30.301220042155332,47
31,-97.79545134505085,30.26889192600241,47
32,-97.76312849319078,30.297659487647643,47
33,-97.78387721069673,30.231550283245443,47
34,-97.72713841814115,30.22838602019802,47
35,-97.78090189712653,30.30460337889461,47
36,-97.7516916086424,30.2947005196974,47
37,-97.7216110887383,30.24453386929426,47
38,-97.7336194718542,30.274632450760503,47
39,-97.77020088527003,30.279388488740917,47
40,-97.70974409341315,30.302132269114175,47
41,-97.7160956461958,30.27464285379919,47
42,-97.71299107784812,30.25672179916015,47
43,-97.77486550000583,30.26391006328347,47
44,-97.77304485053128,30.277174703868678,47
45,-97.70085328387826,30.289039605899266,47
46,-97.75514447950187,30.310844776352564,47
47,-97.76159904672888,30.260573762435534,47
48,-97.75019699953178,30.255838558600512,47
49,-97.72280146012143,30.24802711378562,47
0,-97.71211480157771,30.313315955729045,48
1,-97.71858212406957,30.29226582419722,48
2,-97.77451786182924,30.287012055752395,48
3,-97.70765554735962,30.22777993717803,48
4,-97.7215914789106,30.267280979712694,48
5,-97.7122848427744,30.258161759806985,48
6,-97.7584258026436,30.235835544030074,48
7,-97.73352979007772,30.233734084817026,48
8,-97.73418675101848,30.277009913735576,48
9,-97.73324641088765,30.233014813037105,48
10,-97.79473931180907,30.311852357395914,48
11,-97.74774272003266,30.278604276351544,48
12,-97.7015226124278,30.295123313163025,48
13,-97.77540960752502,30.244943308812037,48
14,-97.7881076770942,30.310881315280522,48
15,-97.74792874702028,30.25511196244319,48
16,-97.75379818452939,30.275584682625315,48
17,-97.7073910707877,30.252944409389272,48
18,-97.7635295202339,30.309384187273793,48
19,-97.78985229728556,30.253106611337298,48
20,-97.71001200851747,30.312535508162426,48
21,-97.76076166710088,30.24204264906417,48
22,-97.78396680318885,30.27557639969529,48
23,-97.73083248083897,30.279383208857165,48
24,-97.69646723228229,30.22846945312053,48
25,-97.77280935301003,30.23358990525333,48
26,-97.76195692618273,30.27306920501955,48
27,-97.72655490270724,30.313659311112666,48
28,-97.69366540492808,30.281729149717947,48
29,-97.74528489430816,30.315871827531726,48
30,-97.78140081419205,30.302210325240093,48
31,-97.79573574369878,30.268374506143637,48
32,-97.76355818759222,30.298369068392446,48
33,-97.78423363714586,30.23188305092439,48
34,-97.72654866478327,30.228866596875775,48
35,-97.78061637099992,30.304748610553524,48
36,-97.7523066200096,30.29443653579298,48
37,-97.72144099998691,30.24439353621782,48
38,-97.73321054557232,30.275562573543684,48
39,-97.77052428959891,30.279539571572435,48
40,-97.70912018814883,30.301972262380055,48
41,-97.71664706387233,30.274281067662912,48
42,-97.7129780652167,30.256686719243223,48
43,-97.77538711626453,30.26367064325061,48
44,-97.77227481362664,30.27703992006372,48
45,-97.70063539926846,30.289895269112776,48
46,-97.75568941402301,30.31066161546774,48
47,-97.76128588523484,30.260540029944675,48
48,-97.75019449970291,30.25580027888325,48
49,-97.72351661293997,30.247645454033595,48
0,-97.71164987383317,30.312564298081124,49
1,-97.71840569845992,30.29229680262019,49
2,-97.77410161219429,30.28554463512367,49
3,-97.70715651690547,30.228020746630126,49
4,-97.72139437352229,30.267205822039433,49
5,-97.71153020676043,30.25828157420752,49
6,-97.75791382533875,30.235445519425365,49
7,-97.7334904460022,30.23358663945536,49
8,-97.73308951804819,30.276745137176878,49
9,-97.73487172895149,30.2327167727384,49
10,-97.79414705291872,30.31162296326745,49
11,-97.74868418674376,30.278905424427613,49
12,-97.70133681887837,30.29475633054024,49
13,-97.7741573101631,30.243840118829247,49
14,-97.787909107435,30.310651925874325,49
15,-97.7478627852379,30.25511387521507,49
16,-97.75269366962868,30.27541478969666,49
17,-97.70807264209209,30.253124189784486,49
18,-97.76341497842982,30.309171143539665,49
19,-97.78935031339755,30.252253201638073,49
20,-97.71086387939395,30.312416345008465,49
21,-97.76109237833107,30.24201838547849,49
22,-97.78397066807487,30.275560095041133,49
23,-97.73040165658585,30.27893386654198,49
24,-97.69610491221891,30.228032794739953,49
25,-97.77285662956466,30.233679951533173,49
26,-97.76122399202373,30.273437228701752,49
27,-97.72676222394736,30.314044809423166,49
28,-97.69367461327504,30.281731276385365,49
29,-97.74548932055559,30.315148795781315,49
30,-97.77961970575743,30.303052593406186,49
31,-97.79563661439286,30.268241132056914,49
32,-97.76366402566407,30.29843040802439,49
33,-97.78490143343451,30.232655962186872,49
34,-97.72680666149556,30.229134792455756,49
35,-97.78020428730518,30.305076348136915,49
36,-97.75236176747092,30.29420071702626,49
37,-97.721083408821,30.243689985010075,49
38,-97.73376867854466,30.277393001394874,49
39,-97.77045431424132,30.279236468409152,49
40,-97.70815102915641,30.30185559707621,49
41,-97.71753625867301,30.274271790042853,49
42,-97.71341790285112,30.255787908194048,49
43,-97.77497676428521,30.263689675624075,49
44,-97.77188702471474,30.277108054688323,49
45,-97.70070134462371,30.29044921330042,49
46,-97.75598098004946,30.31001729183345,49
47,-97.7617269431221,30.260629606140032,49
48,-97.75003283432054,30.255663249603398,49
49,-97.72404499437897,30.247489331905772,49
