mock_ue_id,lon,lat,tick
0,-122.36094308563366,37.82420678617512,0
1,-122.38475406564714,37.78395218196699,0
2,-122.43421024570857,37.76112218872029,0
3,-122.35403535300858,37.770454914788345,0
4,-122.3757433049778,37.79507319810287,0
5,-122.38279524714686,37.758816730895425,0
6,-122.41329274196713,37.820063712981295,0
7,-122.43348390173429,37.8112263477329,0
8,-122.45353036035176,37.80770773747305,0
9,-122.43408429779394,37.763622320926274,0
10,-122.42670809224099,37.746253566226784,0
11,-122.40515209214516,37.79287082502011,0
12,-122.4144993229222,37.776306236861664,0
13,-122.46206187376923,37.817659557176306,0
14,-122.37032155395046,37.815694141345105,0
15,-122.36236698759765,37.77145204470594,0
16,-122.44854142990472,37.828746702551804,0
17,-122.40134933352806,37.76910582937598,0
18,-122.45214154347727,37.78928446960503,0
19,-122.38788634260607,37.76596239416635,0
20,-122.43244754801373,37.82721577136928,0
21,-122.38934558875462,37.75773182274666,0
22,-122.38163043548914,37.7469471961378,0
23,-122.37688901840923,37.782080638798284,0
24,-122.45223033354526,37.83230146043801,0
25,-122.36009044127384,37.82323169168289,0
26,-122.39655999197025,37.81531513207031,0
27,-122.35809713223837,37.785003004285244,0
28,-122.40409509326598,37.757870477146014,0
29,-122.3955665359208,37.7685260354738,0
30,-122.3654983861722,37.75678931169149,0
31,-122.3957123125876,37.75322216059675,0
32,-122.41735836859208,37.744830818915005,0
33,-122.42178151913548,37.74784904100364,0
34,-122.41590324718045,37.75866221954232,0
35,-122.3901527269317,37.74764391444076,0
36,-122.365521451876,37.79608882151034,0
37,-122.41266524863292,37.80420561944476,0
38,-122.4362364940004,37.77828547887148,0
39,-122.43751882088621,37.771450496732704,0
40,-122.37953159938492,37.788288432102455,0
41,-122.37140909133679,37.82162149371095,0
42,-122.45244407002332,37.819635011822356,0
43,-122.45703428630634,37.74678913013453,0
44,-122.39685495622665,37.75923538037126,0
45,-122.4477784335811,37.76414384418552,0
46,-122.37061102586402,37.76537774035528,0
47,-122.42920578360712,37.79439846494452,0
48,-122.44817386293143,37.78033899025502,0
49,-122.35954571972391,37.747443005563746,0
0,-122.36100860025311,37.82438923512644,1
1,-122.38571829958208,37.78379705898728,1
2,-122.43360576093795,37.761535582208744,1
3,-122.35397750286685,37.77079181199433,1
4,-122.37565781680019,37.794585441729666,1
5,-122.38269779019858,37.759009039192314,1
6,-122.41410253195096,37.819709158831444,1
7,-122.4338311526999,37.8114228757493,1
8,-122.45363286376977,37.80762180334175,1
9,-122.43358044797681,37.76294511637907,1
10,-122.42678237222789,37.74682595918561,1
11,-122.40561897444961,37.79315214805809,1
12,-122.41494110624762,37.77636513224975,1
13,-122.46200749605656,37.81746823960418,1
14,-122.37031315037542,37.81568671770966,1
15,-122.36234471968042,37.7715247050877,1
16,-122.44878379135248,37.82874764361356,1
17,-122.40050840023844,37.76947097146745,1
18,-122.45217137668703,37.78923315680826,1
19,-122.3878623090274,37.76631534946479,1
20,-122.43377015533554,37.82748708631352,1
21,-122.38934469864441,37.7577170013208,1
22,-122.3821746801197,37.746890247214004,1
23,-122.37731986288199,37.78262009510874,1
24,-122.45249446169416,37.83189362298063,1
25,-122.35990766806228,37.82314702485836,1
26,-122.39670401334439,37.814641783508044,1
27,-122.3582711089701,37.78531405218831,1
28,-122.40408431512735,37.7577663501659,1
29,-122.39470806884101,37.76900095804894,1
30,-122.3651993939147,37.75692660445957,1
31,-122.394522506502,37.75287305410972,1
32,-122.41800196753454,37.74433819578386,1
33,-122.42122747022856,37.74814972046715,1
34,-122.41597222882255,37.75856633500315,1
35,-122.39016761413917,37.747610589536876,1
36,-122.36598184362461,37.79636607146963,1
37,-122.41274271664804,37.80427119444538,1
38,-122.43621607516188,37.77752298250244,1
39,-122.43707345205155,37.771260892672444,1
40,-122.37990188077222,37.787340675680134,1
41,-122.37161873719673,37.82091422240221,1
42,-122.45205084064816,37.819713513778666,1
43,-122.4582743884618,37.74654309979136,1
44,-122.39717503463115,37.75941914360854,1
45,-122.44759059823471,37.763627610154124,1
46,-122.37051625670368,37.76537401600382,1
47,-122.42933621893737,37.794402641615235,1
48,-122.44804863770962,37.78062345998469,1
49,-122.35877652120108,37.7476462268979,1
0,-122.36126514733668,37.82452027224663,2
1,-122.3859489672843,37.78348096384505,2
2,-122.43355040895244,37.761547654904454,2
3,-122.35392461529743,37.77007691928588,2
4,-122.37551819897874,37.79328683432481,2
5,-122.38221763983275,37.759139137615946,2
6,-122.41409504819647,37.819712408371636,2
7,-122.43295371206122,37.81133683746593,2
8,-122.4531582629314,37.80825363105382,2
9,-122.43354893791626,37.76268959789432,2
10,-122.42654871556053,37.74708143741953,2
11,-122.40560009241244,37.793156510644245,2
12,-122.41577871904627,37.77654937161832,2
13,-122.46169606333977,37.8168807119549,2
14,-122.3703768119145,37.81570867762737,2
15,-122.36329008324878,37.77137021559518,2
16,-122.44864301243459,37.82846078084736,2
17,-122.40064012493977,37.76951367791728,2
18,-122.45227707784619,37.78912575702767,2
19,-122.38807501485972,37.76689519311505,2
20,-122.43432907542869,37.82749933423706,2
21,-122.3894782673849,37.758415502436684,2
22,-122.38183793041874,37.74679887521699,2
23,-122.3774928247387,37.78249524745515,2
24,-122.45242729630695,37.83198652776779,2
25,-122.35976101761722,37.82431383408757,2
26,-122.39660741104521,37.81409170454495,2
27,-122.35794517168628,37.785321386944005,2
28,-122.40424445018094,37.757803779963695,2
29,-122.39470226571235,37.76900288309365,2
30,-122.36545416616454,37.75690688766461,2
31,-122.39431010414776,37.75253757928356,2
32,-122.41815672816705,37.74438434869996,2
33,-122.42046903250912,37.747786296905694,2
34,-122.41620134078232,37.758444417804846,2
35,-122.38990653936197,37.747351495608164,2
36,-122.36630314082399,37.796262637782114,2
37,-122.41276323921676,37.80431752533201,2
38,-122.43579241764957,37.776793346393696,2
39,-122.43701596020935,37.77209864332432,2
40,-122.3798330776048,37.78756522300535,2
41,-122.37158210601741,37.821337413145514,2
42,-122.45323134244939,37.82020607134974,2
43,-122.45837531606786,37.746463825027654,2
44,-122.39778867124443,37.7597292459631,2
45,-122.44755864329318,37.76349953195849,2
46,-122.37062477644204,37.765460134185666,2
47,-122.42990620875605,37.79488707308041,2
48,-122.44827323832165,37.78003008748738,2
49,-122.35857035607599,37.74789716552239,2
0,-122.36156001579815,37.824668264574655,3
1,-122.38614353135948,37.78317146164546,3
2,-122.43355070227406,37.76086487096532,3
3,-122.35380849725081,37.77000178697673,3
4,-122.37636574699773,37.79213522527892,3
5,-122.38272074996546,37.75916845365374,3
6,-122.41421400591254,37.819566788425405,3
7,-122.43327155994021,37.811498763169716,3
8,-122.45332649846286,37.808748421135675,3
9,-122.43347160197949,37.762611381090736,3
10,-122.42657051101143,37.74704321574097,3
11,-122.40612479873084,37.79326909175982,3
12,-122.41572060363697,37.77709654311078,3
13,-122.46081271151826,37.815712051364926,3
14,-122.3711384338427,37.81580473607542,3
15,-122.36336907823373,37.771314486202115,3
16,-122.44835715963248,37.82829876328114,3
17,-122.3994031915832,37.76965867366069,3
18,-122.45258954746018,37.78852477364388,3
19,-122.38816769909208,37.76665491226253,3
20,-122.43432300741908,37.82749939139755,3
21,-122.38942832049747,37.75849278242756,3
22,-122.38186178646734,37.746782960767234,3
23,-122.37736534103165,37.782343771579264,3
24,-122.45226096532603,37.83234193198269,3
25,-122.35957939545224,37.824597662544456,3
26,-122.39618338305223,37.81372209952993,3
27,-122.35796443892585,37.785345277728645,3
28,-122.40416348872472,37.75782930091065,3
29,-122.3935019571838,37.76868979035149,3
30,-122.36648787914541,37.756998873311844,3
31,-122.3931783657376,37.75227667634695,3
32,-122.41754737196128,37.744348133465536,3
33,-122.42052435986834,37.74777155044027,3
34,-122.41721546165152,37.758152739250725,3
35,-122.3916671848006,37.74747568664127,3
36,-122.36673652303777,37.79630210391705,3
37,-122.41125609652654,37.80375616548684,3
38,-122.43505017644624,37.77662625805972,3
39,-122.43691890183725,37.77269116171748,3
40,-122.38004285082178,37.78746941263159,3
41,-122.37135805579193,37.8222700470989,3
42,-122.45382408580642,37.81991683973944,3
43,-122.45854352399691,37.74653028379382,3
44,-122.39808948245654,37.759683792561695,3
45,-122.4474541881651,37.762974556707285,3
46,-122.37097386331533,37.765401108887886,3
47,-122.42942203108049,37.79543989251302,3
48,-122.44820409904732,37.780066063318834,3
49,-122.35778810583285,37.74815424496194,3
0,-122.36116465158821,37.82458582110035,4
1,-122.3862511927762,37.78290809760961,4
2,-122.43365170210227,37.76069077387076,4
3,-122.35390882947833,37.77003196960286,4
4,-122.37699184502895,37.791722811300566,4
5,-122.38302350963306,37.759305091409075,4
6,-122.41497820316135,37.81949021653222,4
7,-122.43367984540093,37.81188224034025,4
8,-122.4530919563056,37.80928463482493,4
9,-122.43394170057509,37.7628187432457,4
10,-122.42658434899641,37.7470491813444,4
11,-122.40612090362436,37.79326675841489,4
12,-122.4155676417171,37.777251303505786,4
13,-122.46181547654312,37.81515151908681,4
14,-122.37114094381022,37.81557499700543,4
15,-122.36378230892441,37.77102695324631,4
16,-122.44830424571397,37.82810874915337,4
17,-122.39933978771967,37.769713190591546,4
18,-122.45198244136026,37.78821856341163,4
19,-122.38816688549576,37.76665557146003,4
20,-122.43504833765253,37.82800140605171,4
21,-122.38942753517699,37.75849948357631,4
22,-122.38188280480236,37.746919113613295,4
23,-122.37727613361784,37.782733486471464,4
24,-122.45214462386133,37.83259045765957,4
25,-122.3591135273729,37.82408191087339,4
26,-122.39633414929814,37.81435483987398,4
27,-122.35862760206169,37.785754975443346,4
28,-122.40465495418648,37.75758856745541,4
29,-122.3932245934719,37.76862023432056,4
30,-122.36795532111127,37.75658555877378,4
31,-122.39241595322144,37.75189260136457,4
32,-122.4175993724973,37.744356793800485,4
33,-122.4196477061712,37.747869635420535,4
34,-122.41802817321518,37.75802714398599,4
35,-122.39240657665854,37.74814119895215,4
36,-122.36650118376433,37.79638092775823,4
37,-122.41043556960848,37.80298243481449,4
38,-122.43548210481086,37.77621309262654,4
39,-122.43808692852241,37.773279138345735,4
40,-122.37972153271345,37.787150448573044,4
41,-122.37112088607937,37.823140047563435,4
42,-122.45388836006485,37.81993951482818,4
43,-122.4577511861829,37.746372778596935,4
44,-122.39857614356791,37.75969828424329,4
45,-122.44751808929655,37.76311486289726,4
46,-122.37047683429863,37.765067690151014,4
47,-122.42990809390217,37.79602633531658,4
48,-122.44829105758161,37.779942694947934,4
49,-122.35776160237144,37.748159705822175,4
0,-122.36138620828709,37.82442780050581,5
1,-122.3872129394193,37.781970320615535,5
2,-122.43360877666282,37.76052233110852,5
3,-122.35377629524875,37.77021961611527,5
4,-122.3772479438279,37.79144217848693,5
5,-122.38355229118675,37.759451192838355,5
6,-122.41639553866389,37.81984657309806,5
7,-122.43404172348535,37.81196547028993,5
8,-122.45312163736384,37.8093045646275,5
9,-122.4343625017887,37.76272472568496,5
10,-122.42764656403848,37.74736501497386,5
11,-122.40612209775843,37.79326719352763,5
12,-122.41490830983335,37.77744238158007,5
13,-122.4615833027741,37.8145995011166,5
14,-122.37110797242366,37.81552040517499,5
15,-122.36383661826363,37.771742342818996,5
16,-122.44803030670663,37.827200915625404,5
17,-122.39900326247576,37.7698367667305,5
18,-122.45198786832941,37.788252196241295,5
19,-122.38784743184506,37.765323203869286,5
20,-122.43492637238069,37.828036755526846,5
21,-122.38936212362984,37.758644530461886,5
22,-122.38212705051012,37.74667208490383,5
23,-122.37770584367847,37.7835241025329,5
24,-122.45171758540867,37.83292482485086,5
25,-122.35906304141874,37.82401886585988,5
26,-122.39587069845297,37.81575026425585,5
27,-122.35861742942778,37.78644618029227,5
28,-122.40442781440414,37.757392064598086,5
29,-122.39256760061595,37.76856854424819,5
30,-122.36822859147267,37.75606178237461,5
31,-122.39310757538917,37.75112675735681,5
32,-122.41767647767826,37.744417161920936,5
33,-122.41984239940561,37.74801564858731,5
34,-122.41811744987658,37.757768760783144,5
35,-122.39220030263765,37.747986116400405,5
36,-122.36695848184851,37.79628236910982,5
37,-122.410440511654,37.802990377493245,5
38,-122.43597380043391,37.77580492495267,5
39,-122.43856037779804,37.77364757139575,5
40,-122.37977434686533,37.78659533468236,5
41,-122.37125712415546,37.82344418130782,5
42,-122.45339252667077,37.82002029168898,5
43,-122.45679136018794,37.74652024711816,5
44,-122.39882867860123,37.759672337219776,5
45,-122.44764367868883,37.76317916431545,5
46,-122.36944705454816,37.76510423414925,5
47,-122.43004518050621,37.79554116505358,5
48,-122.44883831351041,37.78011082162076,5
49,-122.35774785709674,37.74804955691716,5
0,-122.36230813706912,37.82437843914554,6
1,-122.38717757425516,37.781992060168875,6
2,-122.43256530138213,37.76092159221586,6
3,-122.35380433565672,37.770250025793636,6
4,-122.3773302631936,37.79178542556254,6
5,-122.38496090908464,37.75919984297894,6
6,-122.41663622564607,37.81995571265432,6
7,-122.433956044613,37.811991229464155,6
8,-122.45262009012582,37.80906776825755,6
9,-122.43434743796286,37.76263025457839,6
10,-122.42729174592142,37.74727366398986,6
11,-122.40574755925107,37.793092119090865,6
12,-122.41508848886524,37.777530090219706,6
13,-122.4616269564921,37.81469554734765,6
14,-122.37104885518089,37.81531170023333,6
15,-122.36492329151365,37.77263939620856,6
16,-122.44765102948773,37.82703936150784,6
17,-122.3991845775433,37.769752096381744,6
18,-122.45215122387282,37.78892956224126,6
19,-122.38791003243897,37.76565023273784,6
20,-122.43372702274361,37.82784232126394,6
21,-122.38863136756372,37.759188589688364,6
22,-122.38211561661812,37.74668032585177,6
23,-122.37769399195435,37.78316217089065,6
24,-122.45175299636787,37.832679689958795,6
25,-122.35909190441554,37.8240979586207,6
26,-122.39584542376426,37.81612332819427,6
27,-122.3601513970166,37.78646104657898,6
28,-122.40448477969905,37.757895218735676,6
29,-122.39304358791122,37.76866019708937,6
30,-122.36819969527721,37.755903553491144,6
31,-122.39310409444055,37.751130439099065,6
32,-122.41780354166826,37.74495775642275,6
33,-122.41986302318583,37.747880773138995,6
34,-122.41802137004376,37.75786975868168,6
35,-122.39153379475444,37.7473602352387,6
36,-122.36637270816009,37.796132899806246,6
37,-122.41046908972399,37.802986407641605,6
38,-122.43549377121906,37.775753076554956,6
39,-122.43882721471277,37.77391152121712,6
40,-122.37953836928068,37.786252127322705,6
41,-122.37116263803861,37.82361288545828,6
42,-122.45349767040607,37.81998980182391,6
43,-122.45661694150857,37.74648767656668,6
44,-122.39867018677892,37.759616186793416,6
45,-122.44788345044184,37.763445798433544,6
46,-122.36932518456746,37.76518962029571,6
47,-122.42956225086415,37.79550791164695,6
48,-122.44929451691311,37.78005459301845,6
49,-122.35794480723615,37.74810562150364,6
0,-122.36268221985367,37.82451491759982,7
1,-122.38822114559096,37.78159092517444,7
2,-122.43228318502328,37.76129440287092,7
3,-122.3538099270417,37.77019636239558,7
4,-122.37717814807864,37.792104485383724,7
5,-122.38764743951867,37.759641952325175,7
6,-122.41618424965486,37.820002924462955,7
7,-122.43347889127364,37.812142483212234,7
8,-122.45245518369869,37.809361165149454,7
9,-122.43432707134522,37.7622311671623,7
10,-122.4276819378081,37.747513281846416,7
11,-122.40635613671593,37.79347601841216,7
12,-122.41514608726425,37.777538357010975,7
13,-122.4616867399192,37.81477841927564,7
14,-122.37127828768767,37.815513606745014,7
15,-122.36486695955733,37.77269715638695,7
16,-122.44742553225808,37.826209022640406,7
17,-122.39953808775563,37.769773517803834,7
18,-122.4523287799372,37.78950840162081,7
19,-122.38802403779748,37.765730529070716,7
20,-122.4331301424602,37.82754017933952,7
21,-122.38886968298762,37.75924279299396,7
22,-122.38162693088981,37.746582840516766,7
23,-122.37773848692552,37.782974207430634,7
24,-122.45172543996604,37.83238639362525,7
25,-122.35956231949908,37.8231691903963,7
26,-122.39593922105256,37.81620729807673,7
27,-122.36092397524334,37.78667628458937,7
28,-122.40462628073189,37.75773907751379,7
29,-122.39363653029042,37.76875584234098,7
30,-122.3690743471518,37.755451659124766,7
31,-122.39307035748315,37.75087735751971,7
32,-122.41791131980162,37.74503403170393,7
33,-122.41985083705272,37.747862658652586,7
34,-122.41835908401201,37.758765254065366,7
35,-122.39150006324944,37.747315226701936,7
36,-122.3647037935552,37.795807572942124,7
37,-122.4105673157356,37.802997218990754,7
38,-122.43502532323787,37.77645981323323,7
39,-122.43885269899842,37.77395995251915,7
40,-122.37957621902459,37.78661745264251,7
41,-122.37146955678038,37.823954034969915,7
42,-122.45350875045827,37.820214017192626,7
43,-122.45696826474368,37.74642657208985,7
44,-122.39824778508368,37.75969174578704,7
45,-122.44789881400698,37.76300227327961,7
46,-122.37009050224816,37.7651183868971,7
47,-122.4303702564762,37.79544422748899,7
48,-122.44957539559213,37.77963478835664,7
49,-122.35864595421214,37.74876434951176,7
0,-122.36277812514444,37.82511799046516,8
1,-122.38871597966838,37.78107674953605,8
2,-122.43258404701777,37.76090595581391,8
3,-122.35400732230211,37.770114034226744,8
4,-122.37723164870008,37.79208680489853,8
5,-122.38890858730518,37.759202328260955,8
6,-122.41795796697528,37.82011343957281,8
7,-122.43348342785777,37.81210984344683,8
8,-122.45219474307886,37.80756889373165,8
9,-122.43402331350335,37.76192408286834,8
10,-122.42714228352325,37.74695474998153,8
11,-122.40637082636536,37.79365780296507,8
12,-122.41452630362753,37.77766607402449,8
13,-122.4616779968687,37.81477071742157,8
14,-122.37119998660592,37.81562284165613,8
15,-122.36444427588877,37.77336740967467,8
16,-122.44691751027905,37.8259358545009,8
17,-122.40008970555564,37.769516356512106,8
18,-122.45219036157262,37.78928815963377,8
19,-122.3879842445286,37.765799288670514,8
20,-122.43301980195298,37.827515645448955,8
21,-122.38900956677936,37.75917005719981,8
22,-122.38125538151638,37.74660010204096,8
23,-122.37738874961038,37.78266626270734,8
24,-122.45114744283114,37.83160742349558,8
25,-122.35883016801759,37.82239336715804,8
26,-122.3954293462771,37.815664405948745,8
27,-122.36128043002732,37.786565401452755,8
28,-122.40465146850634,37.75777118253193,8
29,-122.39404744487669,37.7686891736545,8
30,-122.36894360469017,37.755558074373404,8
31,-122.3929825744216,37.750773742017046,8
32,-122.41836968664126,37.74494304920899,8
33,-122.41976693798117,37.748019018203486,8
34,-122.41777728456246,37.75937869675703,8
35,-122.39155262502094,37.74726791283497,8
36,-122.36377366861575,37.79546594967699,8
37,-122.41009809066111,37.802946737102644,8
38,-122.43537921100224,37.776865394167096,8
39,-122.43840054344498,37.77371691271305,8
40,-122.3796026775473,37.78653122040378,8
41,-122.37153812010021,37.82472575486521,8
42,-122.45337284382227,37.82111896054303,8
43,-122.45684451173383,37.74641784589866,8
44,-122.39702403842979,37.759832474713434,8
45,-122.44822344206399,37.763181030020846,8
46,-122.3698138883797,37.76502198045438,8
47,-122.4307940928513,37.795411212471706,8
48,-122.44959990874713,37.779542610585054,8
49,-122.35858035885242,37.74900815993887,8
0,-122.36276208894769,37.82589072915569,9
1,-122.38932174709784,37.780648148149005,9
2,-122.43280039019022,37.760729846466305,9
3,-122.3542512536134,37.77038315378933,9
4,-122.37779963977412,37.79224477054533,9
5,-122.38906969249125,37.75908700822148,9
6,-122.41833220448098,37.82005132946123,9
7,-122.43306356686804,37.81247590001825,9
8,-122.45193053235207,37.80708699175748,9
9,-122.4335781029148,37.761723038851,9
10,-122.42696268946378,37.747124117454554,9
11,-122.40619105848556,37.79296941260587,9
12,-122.41423076001433,37.778048507262305,9
13,-122.4621661933591,37.815237074924596,9
14,-122.37109027636153,37.81600083618566,9
15,-122.36433343850634,37.77369544944003,9
16,-122.44616010727798,37.82545691861045,9
17,-122.40005378800035,37.769537193106174,9
18,-122.45225568219902,37.78841357959173,9
19,-122.3879871720227,37.76579766716661,9
20,-122.43304369329876,37.82757363487455,9
21,-122.38906057468016,37.75852981232999,9
22,-122.38124338217008,37.746603127124885,9
23,-122.3775985185763,37.78331232377568,9
24,-122.45128269545783,37.83075464079388,9
25,-122.35866641392903,37.82214497026701,9
26,-122.39496936213393,37.81548765780465,9
27,-122.36151006337307,37.786155454023316,9
28,-122.40469366864608,37.75810223653086,9
29,-122.39487030544556,37.768385215043885,9
30,-122.36819435942526,37.75606537962988,9
31,-122.39288535198716,37.750075696384876,9
32,-122.41808009834332,37.74497848080498,9
33,-122.41963832841896,37.7477490559133,9
34,-122.41710979547828,37.75973298047071,9
35,-122.39213096803228,37.74751023215476,9
36,-122.36296492954438,37.79503285605433,9
37,-122.41072193732917,37.80308592025387,9
38,-122.43484892394878,37.777277220790594,9
39,-122.43841365630996,37.77279042492729,9
40,-122.38000318742748,37.78611218715787,9
41,-122.3717146162126,37.824220722892804,9
42,-122.45349639355737,37.821390894040206,9
43,-122.45607889203977,37.746415891641284,9
44,-122.3966236449007,37.76020949733349,9
45,-122.44824287914412,37.7631950062709,9
46,-122.36980121209263,37.76501901218831,9
47,-122.43169491629509,37.795737602421596,9
48,-122.44953346728406,37.779641714369006,9
49,-122.35895859297628,37.74920609325341,9
0,-122.36196605634963,37.82523579984749,10
1,-122.3890905011432,37.781420639062425,10
2,-122.43263736540608,37.76086340311731,10
3,-122.35418121134568,37.770502233469124,10
4,-122.37762268719325,37.7923358428959,10
5,-122.38947818418364,37.75906516964049,10
6,-122.41873925435407,37.81997281848575,10
7,-122.4332177396735,37.81216486417206,10
8,-122.45158631245533,37.80726826978875,10
9,-122.4335687021967,37.76230101687527,10
10,-122.42763295030602,37.74709416605681,10
11,-122.40608996402062,37.79289549900294,10
12,-122.41393626206411,37.778262922920945,10
13,-122.462333848587,37.814714683373765,10
14,-122.37149443820948,37.816600100830684,10
15,-122.3637439371349,37.77406245088636,10
16,-122.44732901952564,37.82581578269887,10
17,-122.39903489282291,37.77009274096192,10
18,-122.45240185142023,37.78831176987411,10
19,-122.3881102346733,37.76563691922042,10
20,-122.43372730976166,37.82789915093249,10
21,-122.38857952514746,37.75731064141698,10
22,-122.3812987146646,37.74657958404403,10
23,-122.37858097264177,37.78352396813881,10
24,-122.45118708955084,37.83036070386307,10
25,-122.35891715758926,37.82120343724086,10
26,-122.39423163410034,37.81559496669432,10
27,-122.3604298506232,37.78600479461573,10
28,-122.40433232006491,37.758014972506494,10
29,-122.3962845568658,37.768106972016966,10
30,-122.36822602846236,37.75588963261863,10
31,-122.3931387769358,37.750373126729606,10
32,-122.41817466556101,37.74491352608204,10
33,-122.41951410115654,37.747375452179845,10
34,-122.41691800143762,37.759931483708264,10
35,-122.3927544941905,37.74768728300164,10
36,-122.36294626344726,37.795012442262106,10
37,-122.41140188125487,37.80301016560287,10
38,-122.4350096889185,37.777937654381816,10
39,-122.43887334581254,37.771176845597665,10
40,-122.38051879759304,37.78601032413401,10
41,-122.37233011449354,37.82365022370284,10
42,-122.45352122616973,37.82130511367906,10
43,-122.45571359867172,37.746512516073956,10
44,-122.39594129311372,37.76018294724617,10
45,-122.44942655064783,37.76418439404771,10
46,-122.36893242954166,37.76507405820523,10
47,-122.43096392128108,37.79559950503166,10
48,-122.44999522727933,37.7807874410029,10
49,-122.35846061980645,37.74906535864263,10
0,-122.36081023644218,37.82522192710334,11
1,-122.3888469137073,37.780893369396146,11
2,-122.43218854952566,37.76092567914328,11
3,-122.35440982637832,37.77003588040614,11
4,-122.37748928153576,37.7923487993372,11
5,-122.38939438870817,37.75901491213259,11
6,-122.4197954276181,37.81925675303373,11
7,-122.43327348669037,37.81214313020201,11
8,-122.45089861281664,37.80684085928502,11
9,-122.43334607116176,37.76276247736917,11
10,-122.42729905969647,37.747267576032336,11
11,-122.40597351281195,37.79284672892799,11
12,-122.41430020589074,37.77818862965848,11
13,-122.46190408766428,37.81441027718337,11
14,-122.37117168597155,37.81676585168227,11
15,-122.36337929862972,37.77396736229162,11
16,-122.44730268710384,37.82581271013655,11
17,-122.39825099546273,37.770547838522845,11
18,-122.45251661293162,37.78790673389328,11
19,-122.38785731689502,37.7657752102596,11
20,-122.43309893165367,37.82764581496622,11
21,-122.38887043237116,37.757380474358705,11
22,-122.38141041758034,37.74638700649095,11
23,-122.37871832954235,37.78360263832033,11
24,-122.45150469116906,37.82993414575192,11
25,-122.35918373897736,37.82088021858869,11
26,-122.39529383358243,37.81577317057536,11
27,-122.36003426232455,37.78557869803493,11
28,-122.40380089427636,37.75806436666609,11
29,-122.3961986832671,37.76808894917495,11
30,-122.36876410392271,37.75557299069823,11
31,-122.39318617274797,37.750435624228025,11
32,-122.41942396476433,37.74536878684016,11
33,-122.41899670710806,37.74703746379984,11
34,-122.41674603226409,37.76045700420672,11
35,-122.3930948036532,37.74784927270253,11
36,-122.36276003033423,37.79625226612004,11
37,-122.41229221485303,37.80307271229025,11
38,-122.43466905458773,37.77762263932924,11
39,-122.43805361981339,37.771511970104285,11
40,-122.38056064509539,37.78601071656077,11
41,-122.37243303027635,37.82389064307504,11
42,-122.45332673405365,37.82171865401241,11
43,-122.45522980000642,37.74672643683506,11
44,-122.3959596937675,37.76015227606817,11
45,-122.44965350153737,37.76430300344441,11
46,-122.36982401079597,37.76486677373678,11
47,-122.43077488315934,37.79588022039384,11
48,-122.44986497913169,37.78103153041297,11
49,-122.35834172626971,37.74817227556007,11
0,-122.36062826095637,37.82516061154357,12
1,-122.38882816945016,37.78042455812724,12
2,-122.43168241565434,37.760764712551286,12
3,-122.35427822384905,37.77035810840672,12
4,-122.3773553969944,37.79361653226833,12
5,-122.38956191799487,37.75905651819943,12
6,-122.4208445662873,37.8190647765471,12
7,-122.43391022175757,37.812208176465276,12
8,-122.45071530949754,37.806524008191566,12
9,-122.43341824369816,37.76309482402653,12
10,-122.42737573336456,37.74727056104635,12
11,-122.40535296214675,37.79262702857363,12
12,-122.41379823380103,37.77887094256053,12
13,-122.46224017021511,37.814479368360935,12
14,-122.37080601211952,37.816623414728895,12
15,-122.36347677951068,37.77394620608643,12
16,-122.44668364887188,37.825464106998126,12
17,-122.3970569782136,37.77012284128078,12
18,-122.45256838381957,37.78706659882014,12
19,-122.38814510630561,37.76635044998383,12
20,-122.43344274584013,37.82814147456622,12
21,-122.38931785161205,37.757799068378176,12
22,-122.38125283055813,37.74643766614275,12
23,-122.37905143509447,37.78446716635479,12
24,-122.4514251139998,37.829727676554775,12
25,-122.35914897432423,37.82090583237847,12
26,-122.39540528813518,37.815752887613165,12
27,-122.36097660781112,37.78555886819753,12
28,-122.40354329163456,37.75797952064562,12
29,-122.39662094374518,37.768139589106724,12
30,-122.36977071794549,37.75512192339802,12
31,-122.39262126604912,37.749967117226085,12
32,-122.41990555743905,37.74494890043425,12
33,-122.4188193780117,37.74696854459632,12
34,-122.41674134215238,37.76045847170814,12
35,-122.39357785734339,37.74797215681573,12
36,-122.3628653908861,37.796300021908415,12
37,-122.41242574357867,37.80304299638515,12
38,-122.43410051851161,37.777284999237885,12
39,-122.43789333821071,37.77173756379237,12
40,-122.38097541671723,37.78602178070786,12
41,-122.3723418161032,37.82415165239335,12
42,-122.45153003926288,37.82176961080724,12
43,-122.45414562278425,37.747178465524804,12
44,-122.39678099796919,37.759817335295125,12
45,-122.4491975595441,37.76371107148656,12
46,-122.36984683703409,37.76477200304458,12
47,-122.43183006147295,37.79658290573254,12
48,-122.44981224808099,37.78057537759252,12
49,-122.35826780024308,37.74836946665462,12
0,-122.36075902164005,37.8252326481102,13
1,-122.38873716824449,37.78096182338346,13
2,-122.43241815583357,37.76071592449215,13
3,-122.35409378584171,37.770521224134136,13
4,-122.37755159945641,37.794287279640976,13
5,-122.39099754345084,37.75967938401513,13
6,-122.42086324680295,37.81951297766579,13
7,-122.43397370705361,37.81220929861478,13
8,-122.45013186902901,37.806502544982465,13
9,-122.43335302972945,37.763080667360995,13
10,-122.42719552090281,37.746797780797955,13
11,-122.40548819263584,37.792736115415835,13
12,-122.41374188723752,37.77964780451252,13
13,-122.46264546973413,37.81465947865667,13
14,-122.37101999156079,37.816263801170834,13
15,-122.36353310763003,37.77390310219479,13
16,-122.44566704032032,37.824997875258795,13
17,-122.39734656908043,37.76995764355373,13
18,-122.45232125284421,37.7874160460741,13
19,-122.38758257940891,37.765845118166695,13
20,-122.43346062636944,37.82831451886525,13
21,-122.3897822332621,37.75854846494017,13
22,-122.38119779005305,37.74647543793149,13
23,-122.37916337504817,37.78603982067589,13
24,-122.45148176574862,37.829546032244195,13
25,-122.35921665626722,37.820869143091166,13
26,-122.3955736757936,37.81632059866106,13
27,-122.36155439327531,37.785434167370994,13
28,-122.40370405861331,37.757342277654,13
29,-122.39717164743601,37.76852491872568,13
30,-122.37038752391543,37.75594264076536,13
31,-122.39260934803414,37.749949277952496,13
32,-122.42049002696132,37.74473778992603,13
33,-122.4180447283765,37.746435663568775,13
34,-122.41663195068821,37.76065476809466,13
35,-122.39388351324214,37.74797067209054,13
36,-122.36258465750755,37.79612281266962,13
37,-122.41291262956976,37.8040893076698,13
38,-122.43383965807486,37.77713531878783,13
39,-122.43761559085794,37.77075665606491,13
40,-122.3812193274451,37.78586347254921,13
41,-122.37235497649486,37.82416782644354,13
42,-122.45036192036133,37.821599991861234,13
43,-122.45415313710612,37.747061008431345,13
44,-122.39592805738529,37.75959840702444,13
45,-122.44980221377392,37.76397657947021,13
46,-122.36980244377465,37.764885878504984,13
47,-122.43187527050011,37.79669475382627,13
48,-122.44921709593805,37.77977318251804,13
49,-122.3582716807259,37.74835541541859,13
0,-122.36084921090409,37.82572680366845,14
1,-122.38863394867973,37.78102262241204,14
2,-122.43265767236144,37.76071621201461,14
3,-122.35471453841892,37.77012131506237,14
4,-122.37735136079712,37.79432789652724,14
5,-122.39067613375487,37.759366839304285,14
6,-122.42114177530306,37.8194211011161,14
7,-122.43433587612216,37.81208016545999,14
8,-122.45015225073195,37.80650518192861,14
9,-122.43338651195535,37.763122926238665,14
10,-122.42718769203361,37.74679567569979,14
11,-122.40549764052587,37.79272096211857,14
12,-122.41315530739291,37.78024209581755,14
13,-122.46208913590651,37.81457756554137,14
14,-122.37094034261281,37.816583060330316,14
15,-122.36340687017152,37.774190604033976,14
16,-122.44508775804584,37.82410724163923,14
17,-122.39737533585452,37.76994412585933,14
18,-122.45258410711773,37.787330928676276,14
19,-122.38880035101715,37.76527302550968,14
20,-122.4335258709877,37.82833044920252,14
21,-122.38965766254253,37.75876733521113,14
22,-122.38095752449179,37.746574042909685,14
23,-122.37876230633097,37.78662186964108,14
24,-122.45250919322801,37.82930804600374,14
25,-122.3598248708282,37.82037098865861,14
26,-122.39593611140864,37.816857156381445,14
27,-122.36151948752207,37.78544474756756,14
28,-122.40371343880706,37.75725050744059,14
29,-122.39860803766346,37.76838481634085,14
30,-122.37153933077786,37.755976021301244,14
31,-122.39257975654652,37.74993282102604,14
32,-122.42021260627251,37.745131625163346,14
33,-122.4168495734818,37.74596628182983,14
34,-122.4166766943538,37.760027566299705,14
35,-122.39377659691702,37.748182493049576,14
36,-122.36149653536222,37.79638916454949,14
37,-122.41308657512205,37.804141825821844,14
38,-122.43353957642398,37.77704890859743,14
39,-122.43784104795637,37.77044525658719,14
40,-122.38114979479563,37.785881558531706,14
41,-122.37224721683371,37.823983002531705,14
42,-122.45000046758652,37.82172210238541,14
43,-122.45420956078722,37.74700034409529,14
44,-122.39570301727352,37.75970982803346,14
45,-122.449666390285,37.764499280699454,14
46,-122.37025562716347,37.76501514223601,14
47,-122.43309094751898,37.79802063538513,14
48,-122.44902510822786,37.78026376618252,14
49,-122.35804120451984,37.74850053371027,14
0,-122.36109804912188,37.8261614127747,15
1,-122.38848823400643,37.78234327800311,15
2,-122.43309372709591,37.76046905152727,15
3,-122.35416624368685,37.77042149463479,15
4,-122.3772331589922,37.79435413008746,15
5,-122.39068601518368,37.759134487768264,15
6,-122.4205782913676,37.819692218943665,15
7,-122.43436558350119,37.812108680407476,15
8,-122.4497077931738,37.80641747245056,15
9,-122.43333817187222,37.76308677751209,15
10,-122.42565210077082,37.746392585880145,15
11,-122.40542710671052,37.79328911561783,15
12,-122.41271319526466,37.78034434927085,15
13,-122.46202773087214,37.81535178077649,15
14,-122.37130368953983,37.81616906674562,15
15,-122.36297035422483,37.77453969825641,15
16,-122.44472221904296,37.824049852152065,15
17,-122.39738039450097,37.76994334735053,15
18,-122.45262508450358,37.78708408514058,15
19,-122.38948635019325,37.76463795387437,15
20,-122.43360573871597,37.828343893190315,15
21,-122.3899296151035,37.758057089333015,15
22,-122.38087234968101,37.746730083606984,15
23,-122.3787526645912,37.78665451253362,15
24,-122.45308710683801,37.829424307317666,15
25,-122.36124916727856,37.820171425881924,15
26,-122.39628940841466,37.817288367222034,15
27,-122.36230771992989,37.78547962446909,15
28,-122.40312464368795,37.758440052216066,15
29,-122.39825637648106,37.76864681865123,15
30,-122.37178415692654,37.75607414784336,15
31,-122.39279097293657,37.750444380610894,15
32,-122.42020990113583,37.74512104008113,15
33,-122.41615479718713,37.74607610587372,15
34,-122.41758960042893,37.75875559063902,15
35,-122.39380865032075,37.74811780029346,15
36,-122.35992512623932,37.795643381135804,15
37,-122.41339968905234,37.804188004386155,15
38,-122.43329991151262,37.77683499814297,15
39,-122.43799593275766,37.76970769870997,15
40,-122.38107838691128,37.7859231033802,15
41,-122.37228056735177,37.824145746431235,15
42,-122.45127815872014,37.82191692378987,15
43,-122.45472914667769,37.746908404934985,15
44,-122.3956153536145,37.75978503858785,15
45,-122.4492379563108,37.765118739723874,15
46,-122.37057722839458,37.765120466131144,15
47,-122.43323269708893,37.79842213122555,15
48,-122.44876740075176,37.780672005706094,15
49,-122.35772114711753,37.74891640222531,15
0,-122.36156658208246,37.827074694926594,16
1,-122.3882151600507,37.78253333428176,16
2,-122.4324476547898,37.76056228216112,16
3,-122.35431914723537,37.77036058839256,16
4,-122.37745804378245,37.7940285545017,16
5,-122.39026664064764,37.75890297554877,16
6,-122.42049053509061,37.82007167497047,16
7,-122.4341834709506,37.81230796198329,16
8,-122.44980476986296,37.80673067124506,16
9,-122.43337437291063,37.7630287529978,16
10,-122.42574558710761,37.74642455623992,16
11,-122.40528081263109,37.79392503510141,16
12,-122.41241104470778,37.78076152667588,16
13,-122.46184371769994,37.81517605107954,16
14,-122.3712529577775,37.81650673821925,16
15,-122.36266676194546,37.77440369348262,16
16,-122.44430395186382,37.823361877144386,16
17,-122.3969948884922,37.77027696846378,16
18,-122.45291441541512,37.787385500787735,16
19,-122.39005639986571,37.76569487366074,16
20,-122.43370766665967,37.82859255682114,16
21,-122.38992233051759,37.7577901729606,16
22,-122.3808998487069,37.746121729482184,16
23,-122.37955120278994,37.78601525741311,16
24,-122.45262896330006,37.82959886994991,16
25,-122.36150165954696,37.81992581065855,16
26,-122.39636717240715,37.81763414237921,16
27,-122.3638323448574,37.78566365261056,16
28,-122.40321502683463,37.758946865825415,16
29,-122.39791934957077,37.76835012122768,16
30,-122.37205991366194,37.75591620338105,16
31,-122.39302015422429,37.750523854237365,16
32,-122.4201154808599,37.745404065508765,16
33,-122.41604423239124,37.74600102142928,16
34,-122.41795234511847,37.75801451256688,16
35,-122.39371366550846,37.748027196932014,16
36,-122.36034683027914,37.79552637950247,16
37,-122.41320227297777,37.804064718898786,16
38,-122.43322792216556,37.77668402976811,16
39,-122.43776993784546,37.76936393498227,16
40,-122.38152960120735,37.785541217369676,16
41,-122.37166078543441,37.825072951837484,16
42,-122.45271361511931,37.82104578831276,16
43,-122.45512530908084,37.74670979916804,16
44,-122.39561455618235,37.759785343644864,16
45,-122.44929601556485,37.76526126159979,16
46,-122.37048380395261,37.76508451134928,16
47,-122.43394768434545,37.79847437335516,16
48,-122.44916107127437,37.7805245234552,16
49,-122.35739128654836,37.74937598969228,16
0,-122.36179613477321,37.82745321053474,17
1,-122.38848632088572,37.78226126614198,17
2,-122.43119195340398,37.76076939362238,17
3,-122.35398022677698,37.770941296124896,17
4,-122.37825436166413,37.792961620348294,17
5,-122.39015778309962,37.75877715277417,17
6,-122.42093060028247,37.819814908775314,17
7,-122.43397017296196,37.812565269140926,17
8,-122.45016469288119,37.80712585133529,17
9,-122.4335818736344,37.76371959609879,17
10,-122.42538742609698,37.74657828918101,17
11,-122.40630295094513,37.79415975456174,17
12,-122.41304463777814,37.78100284333484,17
13,-122.46231615105859,37.81543844484556,17
14,-122.37123498395631,37.81649474177654,17
15,-122.3626349723028,37.774406292149756,17
16,-122.44395839097132,37.82303672922142,17
17,-122.39637419294517,37.77001452968935,17
18,-122.45309485392164,37.78770635095975,17
19,-122.38974461350467,37.766257555441136,17
20,-122.43334328622363,37.82837785688492,17
21,-122.39033689008784,37.75755329732837,17
22,-122.38101464200693,37.74555406598162,17
23,-122.37972386480196,37.786226842939065,17
24,-122.45310485341842,37.82948856220296,17
25,-122.36280483575068,37.819543065932564,17
26,-122.39613912548067,37.81889016141637,17
27,-122.36431627610726,37.78615927438947,17
28,-122.40299045687668,37.75942472866373,17
29,-122.39765146289078,37.76807716434382,17
30,-122.37231797079198,37.75532296037613,17
31,-122.39288026482082,37.75083316266019,17
32,-122.41995964982975,37.74614830172634,17
33,-122.41561673965552,37.74576763035886,17
34,-122.41840879290088,37.75795536552666,17
35,-122.39356368365554,37.74762653182869,17
36,-122.36096091014214,37.79603923625612,17
37,-122.41301254349382,37.80408824815979,17
38,-122.43306208467193,37.77654968325996,17
39,-122.43774147087952,37.769390350999615,17
40,-122.38203454081953,37.78525305777041,17
41,-122.37108517721133,37.82572709592087,17
42,-122.45272858500246,37.820766809295904,17
43,-122.45569818507013,37.74691608825997,17
44,-122.39490256697862,37.76118070679213,17
45,-122.44891402334555,37.76471283856087,17
46,-122.36940511229108,37.76372321933494,17
47,-122.43390648243978,37.79843678023533,17
48,-122.4500619253985,37.78036408201699,17
49,-122.35727150354718,37.749449792570715,17
0,-122.36201804910954,37.827596842495076,18
1,-122.38813328779914,37.78268471452348,18
2,-122.4296019101715,37.759804197784334,18
3,-122.35350231488593,37.77122164337484,18
4,-122.3794596809157,37.791831050990105,18
5,-122.39001160228537,37.75832803254297,18
6,-122.42141681227409,37.81927253555941,18
7,-122.43325775633515,37.812381682286606,18
8,-122.45076593087835,37.80830132815732,18
9,-122.43292852538877,37.76403392260761,18
10,-122.42509679663311,37.74656429849851,18
11,-122.40709598441633,37.793878335802255,18
12,-122.41316508708553,37.78098666362505,18
13,-122.46237958593328,37.81549297960043,18
14,-122.37128935137014,37.81686738612602,18
15,-122.36289089784978,37.77425230211871,18
16,-122.44392673328684,37.822999793249004,18
17,-122.39614337521131,37.7699529218602,18
18,-122.45309154418644,37.78807773661732,18
19,-122.3897351077524,37.76694534452297,18
20,-122.43332043446522,37.828352500086076,18
21,-122.39066175919612,37.75735178443045,18
22,-122.38123295307796,37.74551218521142,18
23,-122.37902024126555,37.78564952779489,18
24,-122.45370090036465,37.82875476756271,18
25,-122.36283952865483,37.81950557272856,18
26,-122.39613749291884,37.818885961964924,18
27,-122.36455279965419,37.786185515350766,18
28,-122.40314318972386,37.75960805014269,18
29,-122.3972073080307,37.76797339510635,18
30,-122.37119915018256,37.75572331884719,18
31,-122.39297780001004,37.75115282300778,18
32,-122.41993621489037,37.74616518008676,18
33,-122.41547397312964,37.74533725532767,18
34,-122.41838862563789,37.75794788648755,18
35,-122.39404402658832,37.74799877563849,18
36,-122.36123975310255,37.79575544539856,18
37,-122.41293113207273,37.80409549052499,18
38,-122.43319894494088,37.777006992409675,18
39,-122.43727520132991,37.76883141434424,18
40,-122.38268246420904,37.78497939498431,18
41,-122.37136979612404,37.826648285707535,18
42,-122.45203656734999,37.821453351833696,18
43,-122.45646686682174,37.74690456208118,18
44,-122.39448905614043,37.76167349320642,18
45,-122.44843589539435,37.7636114947619,18
46,-122.36871951621148,37.763738142884584,18
47,-122.43390739107618,37.798440217987725,18
48,-122.45005820334507,37.780366965702456,18
49,-122.35739063098096,37.74986563039799,18
0,-122.36258041282066,37.827633955134885,19
1,-122.3891400534588,37.78255912905651,19
2,-122.42857843479722,37.76050652230337,19
3,-122.35444546669447,37.77177862715855,19
4,-122.38037553056292,37.79093824530046,19
5,-122.39018344766306,37.758405221702766,19
6,-122.42143460505191,37.81926876819354,19
7,-122.43317372271032,37.812199002894594,19
8,-122.45075806843663,37.80823736110842,19
9,-122.4324668122337,37.76477886034421,19
10,-122.42587431357462,37.74681818561249,19
11,-122.40702558627697,37.79324733505176,19
12,-122.41338955299908,37.78106174432987,19
13,-122.4625966035091,37.81566199467334,19
14,-122.37142829506826,37.8171620052957,19
15,-122.36291816831694,37.77424833806262,19
16,-122.44437882033655,37.8233508649447,19
17,-122.39608264172195,37.77000339776418,19
18,-122.45302044855484,37.787959536961004,19
19,-122.38973138434629,37.76713657563119,19
20,-122.4334477740883,37.82848092459466,19
21,-122.39144686943632,37.75673007236637,19
22,-122.38219404598416,37.7446927056136,19
23,-122.37884814892115,37.785498372708204,19
24,-122.45379272737804,37.828431555650425,19
25,-122.36321936944277,37.81887639162324,19
26,-122.39575485328585,37.81853751618309,19
27,-122.36455447653657,37.786184756385644,19
28,-122.4028181545226,37.759493324197074,19
29,-122.39593119300372,37.768277981663836,19
30,-122.36983444087326,37.75642251061232,19
31,-122.39298224031204,37.7511053436139,19
32,-122.42084644142427,37.745734299916485,19
33,-122.41560087542025,37.74544969923091,19
34,-122.41783721021274,37.75807834078532,19
35,-122.39443062530401,37.74786750757587,19
36,-122.36123740255083,37.7958174134878,19
37,-122.41191557040948,37.80427642607693,19
38,-122.43391462182869,37.77743998208453,19
39,-122.43732095397581,37.768914597937666,19
40,-122.38242657582873,37.784637138101616,19
41,-122.37136699136545,37.82678062565766,19
42,-122.45161311717193,37.82204873875036,19
43,-122.45740955662596,37.747161239137604,19
44,-122.3943706510028,37.76169821238826,19
45,-122.44779688584727,37.76298402845323,19
46,-122.36834573571225,37.7638544937318,19
47,-122.43397247936129,37.79849358283244,19
48,-122.450057446889,37.78027127420402,19
49,-122.35743498370378,37.75022403604225,19
0,-122.36259336582755,37.82763734656376,20
1,-122.39042620074218,37.78110360902037,20
2,-122.4282759969669,37.760532267256565,20
3,-122.35388561187452,37.77241267349998,20
4,-122.38111572088593,37.7903192387361,20
5,-122.38964043804289,37.75833182695888,20
6,-122.42087658174025,37.819486028283734,20
7,-122.43298924942049,37.8119654959202,20
8,-122.45079245740942,37.80826764720566,20
9,-122.43254836916975,37.76551456394766,20
10,-122.4265449849592,37.74696090967573,20
11,-122.4072552443956,37.79338686068582,20
12,-122.4143258624811,37.78130671618659,20
13,-122.46314247629019,37.81555016408634,20
14,-122.37133862193431,37.8169783920909,20
15,-122.36369804686764,37.77453333616521,20
16,-122.44479413841307,37.82503126266269,20
17,-122.39712346251468,37.77029622106569,20
18,-122.45309782005414,37.788286467231366,20
19,-122.38974140034954,37.76689610491041,20
20,-122.43385943809687,37.82888025733162,20
21,-122.39057856602038,37.75609474254532,20
22,-122.38253810782508,37.74413522410194,20
23,-122.37945130603852,37.78578355521859,20
24,-122.4537461826753,37.82845546344011,20
25,-122.36350150068726,37.81874374501728,20
26,-122.39594121817075,37.81835090103694,20
27,-122.36440652657066,37.78620568110254,20
28,-122.40281403761318,37.759436779466895,20
29,-122.3953258138606,37.76840752040152,20
30,-122.36962831398131,37.756448606228275,20
31,-122.39306979418743,37.75131145314202,20
32,-122.42133176125313,37.74575440471281,20
33,-122.41559104171397,37.74542406737269,20
34,-122.41727168665997,37.758398463895844,20
35,-122.39385936907601,37.747722601945306,20
36,-122.36135813344244,37.79589541939204,20
37,-122.41186490559782,37.80442532141899,20
38,-122.43393587273842,37.777458431133795,20
39,-122.43709112519507,37.76862858226038,20
40,-122.38240614855216,37.78465271294208,20
41,-122.37169526295389,37.826446700623855,20
42,-122.45193179344335,37.82286894852197,20
43,-122.45855753525285,37.74772080050855,20
44,-122.39545067983414,37.76211632850798,20
45,-122.4478475262239,37.76303628333786,20
46,-122.36824703906973,37.76385206111558,20
47,-122.43399940466247,37.798567009825454,20
48,-122.45007709686509,37.78024755814013,20
49,-122.35731676269845,37.75013792634999,20
0,-122.36230060685672,37.82728226937768,21
1,-122.39043050809036,37.781099976999066,21
2,-122.42864637039355,37.760259697263656,21
3,-122.35381387861086,37.77238495555852,21
4,-122.38138233219675,37.78966485582557,21
5,-122.38902476073262,37.75743118489041,21
6,-122.42108199922858,37.81938877296197,21
7,-122.43281443394663,37.81192250140601,21
8,-122.45155375038301,37.80847561359852,21
9,-122.43253814803094,37.76552373104197,21
10,-122.42809286188934,37.746116486356875,21
11,-122.40760908491268,37.793809214243765,21
12,-122.41449545657373,37.78169194699776,21
13,-122.46325664204181,37.815535196960916,21
14,-122.37123401887024,37.81664464124289,21
15,-122.36413908458654,37.77391282039009,21
16,-122.44564459957213,37.82583731130929,21
17,-122.3976585914024,37.770080805974715,21
18,-122.4534882224007,37.78935903898189,21
19,-122.38955882562612,37.766592017793876,21
20,-122.43384959607245,37.82888736729764,21
21,-122.38963201112291,37.75548375680878,21
22,-122.38243278864529,37.744133915130114,21
23,-122.37918098424613,37.78564406907902,21
24,-122.45373508172668,37.828545831888896,21
25,-122.36346345239829,37.81701272737625,21
26,-122.39599091098805,37.81844554009506,21
27,-122.36448229845692,37.786899559446816,21
28,-122.40266959185313,37.75908659203676,21
29,-122.39484993496333,37.76858690047913,21
30,-122.36964569499877,37.756415342456805,21
31,-122.39341313832671,37.751445211360156,21
32,-122.42204483371678,37.7456551876303,21
33,-122.41451432372195,37.74655477562371,21
34,-122.41724345866844,37.758428192881006,21
35,-122.39409320485072,37.74732899643973,21
36,-122.36167227625377,37.79583873067475,21
37,-122.4106496854111,37.80504757994894,21
38,-122.43389295761692,37.777440716676864,21
39,-122.43729840667177,37.76776326914845,21
40,-122.38262175132229,37.78466538327879,21
41,-122.37171057482665,37.82577162149009,21
42,-122.45171223818274,37.82340067875275,21
43,-122.459989229451,37.7481867261149,21
44,-122.39604924816523,37.76215879847135,21
45,-122.44757142501935,37.76323085097972,21
46,-122.36849702538593,37.763781372035865,21
47,-122.43390188907016,37.79853966760791,21
48,-122.45012703131184,37.779983082704995,21
49,-122.35877228551254,37.750482563041736,21
0,-122.36196134051046,37.827205077917064,22
1,-122.38989765423767,37.78210521450222,22
2,-122.42871716625072,37.760221468432654,22
3,-122.35427027338532,37.772201008395236,22
4,-122.38239023480621,37.78955462804703,22
5,-122.38932927148367,37.75696608802662,22
6,-122.42158720957534,37.81918752773209,22
7,-122.43374674734663,37.81189116664495,22
8,-122.45239512605906,37.808506537630734,22
9,-122.43254963761055,37.76468867081171,22
10,-122.42785912531815,37.746001559013195,22
11,-122.40827336466687,37.79432571555805,22
12,-122.41448565922286,37.78168770171692,22
13,-122.46353239887208,37.81574366108322,22
14,-122.37008980729263,37.81545122175732,22
15,-122.36550989624033,37.77377152308073,22
16,-122.44620368842418,37.82678178403738,22
17,-122.39795439117144,37.76975690835997,22
18,-122.4531888461768,37.79026182919565,22
19,-122.38932218638386,37.76680630414946,22
20,-122.43449647659321,37.828624370719965,22
21,-122.38907137893158,37.75520032219288,22
22,-122.38245336681486,37.74412676528375,22
23,-122.3797027674713,37.78477784679811,22
24,-122.45373078679854,37.82840045324043,22
25,-122.36586925619528,37.816337663815624,22
26,-122.39606128413845,37.81831111884952,22
27,-122.36465066486245,37.78682683299652,22
28,-122.40284760835756,37.75894717093197,22
29,-122.39445798121011,37.768251979720965,22
30,-122.36930203342776,37.75664418018962,22
31,-122.39380884002179,37.75140909291992,22
32,-122.42161122393713,37.74565708104034,22
33,-122.41472499305802,37.74692190151532,22
34,-122.41730412274796,37.75811402404667,22
35,-122.3943901556455,37.74736959735952,22
36,-122.36263599760412,37.7963606134852,22
37,-122.40979209965556,37.805154927636224,22
38,-122.43405650043111,37.77742102671316,22
39,-122.43648807814576,37.76830453541863,22
40,-122.38252215286347,37.78481784904457,22
41,-122.37162716516916,37.82589155369436,22
42,-122.45104012199326,37.82438994729094,22
43,-122.45956255547445,37.74812684848948,22
44,-122.39548808964713,37.76188635382535,22
45,-122.44688869563697,37.76268290709811,22
46,-122.36956557487896,37.763634845856004,22
47,-122.43340737951361,37.79854955801368,22
48,-122.45000752660265,37.78014020967433,22
49,-122.35945022891562,37.7512039191589,22
0,-122.36214457494061,37.82732238110757,23
1,-122.38897036805143,37.782746965292795,23
2,-122.4290580910513,37.759897247369686,23
3,-122.35501145969629,37.77204771052761,23
4,-122.38107680901169,37.789683285327385,23
5,-122.38909508146519,37.7565892713064,23
6,-122.4219111285977,37.818840502912835,23
7,-122.43459727643294,37.81214470271529,23
8,-122.45225498107617,37.809212775662886,23
9,-122.43176573980955,37.76492378133244,23
10,-122.42849017708431,37.74627845740573,23
11,-122.40949511453238,37.79458792409682,23
12,-122.41439060400126,37.78166387606417,23
13,-122.46290522113955,37.81578349942317,23
14,-122.37014516730545,37.81519213284498,23
15,-122.36555931033256,37.77373351428275,23
16,-122.44635727023037,37.82695423294191,23
17,-122.39742303973517,37.77009805455696,23
18,-122.45318053635998,37.790296578108965,23
19,-122.38928956700701,37.76693836617516,23
20,-122.43503910828505,37.8284068113431,23
21,-122.38854677455555,37.75503938465072,23
22,-122.38227315876175,37.74422843756145,23
23,-122.37919659554753,37.784180325291906,23
24,-122.45419851646032,37.82800890030846,23
25,-122.36619883385868,37.815557906582775,23
26,-122.3964468683261,37.818406996957194,23
27,-122.36397718663873,37.786936428302994,23
28,-122.40402279769087,37.758196240668454,23
29,-122.39396375174175,37.76809295055749,23
30,-122.36945966059652,37.7574963471906,23
31,-122.39360200592573,37.7512756247557,23
32,-122.42133531931353,37.74539841777434,23
33,-122.41424151670122,37.74706653923679,23
34,-122.41726139838325,37.758271714560806,23
35,-122.3938146227341,37.74699929891216,23
36,-122.36249873571747,37.79624291187288,23
37,-122.40861838617019,37.8058312249605,23
38,-122.43393103045898,37.77727392654267,23
39,-122.43639463505833,37.768139062415926,23
40,-122.38245619266465,37.78500464319578,23
41,-122.37164286233951,37.826210019545606,23
42,-122.45010748234031,37.825614426308725,23
43,-122.45958731008811,37.74812774087171,23
44,-122.39578059331082,37.761778298254825,23
45,-122.44677229298357,37.76224744235008,23
46,-122.36962926442789,37.76371682531845,23
47,-122.4332569216497,37.798544122347586,23
48,-122.45024152019913,37.77943772727985,23
49,-122.3599872870536,37.75180912694124,23
0,-122.36216206473979,37.82761700761125,24
1,-122.38841058728339,37.783121234017294,24
2,-122.42974642782907,37.75965483890851,24
3,-122.35525557345456,37.772173101743775,24
4,-122.38088698365502,37.78978351664949,24
5,-122.3888608435075,37.756301616170006,24
6,-122.42104268982273,37.818269606757006,24
7,-122.4338526738909,37.812340925172165,24
8,-122.45288381692002,37.80948336227466,24
9,-122.4323158845679,37.76464074157061,24
10,-122.42851012400061,37.746316652680605,24
11,-122.40997244249135,37.794492686503666,24
12,-122.415020425904,37.781200870462044,24
13,-122.46320517186365,37.816434836247645,24
14,-122.36964505052799,37.81459015563761,24
15,-122.3651718248576,37.774090668911356,24
16,-122.4465594715501,37.82707879725542,24
17,-122.39705694768375,37.770464358141574,24
18,-122.45376614623852,37.79115100265778,24
19,-122.38929480102394,37.767250813706085,24
20,-122.43414617151004,37.82913159991244,24
21,-122.38866969155329,37.75516615444625,24
22,-122.3817535054249,37.74498948821,24
23,-122.37917005065097,37.783775976263605,24
24,-122.45401181408029,37.827794675536346,24
25,-122.36621886939747,37.815422040098994,24
26,-122.39638821533647,37.818141876091985,24
27,-122.36445976711319,37.786474613112766,24
28,-122.40369813469718,37.75805042087088,24
29,-122.39269185427435,37.76757010003988,24
30,-122.36851079629119,37.75811306174946,24
31,-122.39379310700708,37.75127375739085,24
32,-122.42012949757954,37.74534932745876,24
33,-122.41405133015843,37.7469943909077,24
34,-122.41708098539357,37.75843104253357,24
35,-122.39266226585367,37.74694562154593,24
36,-122.36293636569296,37.7961859787109,24
37,-122.40861164922744,37.80582962649487,24
38,-122.43392507184072,37.777263199996476,24
39,-122.43615705790847,37.767603014929605,24
40,-122.38161863450703,37.785351689008515,24
41,-122.3717512569618,37.827168096207174,24
42,-122.44927919354785,37.82648420894873,24
43,-122.45935124978996,37.74831410776177,24
44,-122.39573980451118,37.76182315945496,24
45,-122.4470370422485,37.76296089821188,24
46,-122.36936337464176,37.76354331101331,24
47,-122.43323835438008,37.79854344558158,24
48,-122.45104390557556,37.778887116964746,24
49,-122.35996181520969,37.751783408091384,24
0,-122.36216787462442,37.8276940337022,25
1,-122.38751249288536,37.78285356173514,25
2,-122.42964070348548,37.759899320301045,25
3,-122.356332508226,37.772331243513456,25
4,-122.38089494836677,37.78977971866662,25
5,-122.38930153677612,37.756940982686395,25
6,-122.42091367080188,37.81827148529135,25
7,-122.4337320100668,37.812295163663926,25
8,-122.45401693276231,37.810698190069296,25
9,-122.43203492192431,37.7642354630016,25
10,-122.42908264752054,37.746621741079004,25
11,-122.41013164301175,37.7950062824917,25
12,-122.41512908463213,37.78113542496601,25
13,-122.46268240785516,37.816231853914175,25
14,-122.36962430673786,37.814506499228635,25
15,-122.36516661739242,37.77421804634522,25
16,-122.44649673444138,37.82696930277701,25
17,-122.39698466231336,37.77045554408375,25
18,-122.45391090442857,37.79154874104338,25
19,-122.3895170026876,37.767134344713774,25
20,-122.43313742876687,37.82910270658608,25
21,-122.38956095025378,37.7556176159748,25
22,-122.38159978186982,37.7449613906695,25
23,-122.37940244817817,37.78338320943708,25
24,-122.45420241495756,37.82761869203763,25
25,-122.36615801537415,37.81555635050827,25
26,-122.39643795142776,37.818183037160715,25
27,-122.36396861875863,37.78681986184588,25
28,-122.40370050051372,37.758057667026286,25
29,-122.39243153702996,37.76756778607558,25
30,-122.36850945200734,37.758120077255796,25
31,-122.3938233446825,37.750832972396616,25
32,-122.42028557351107,37.74531469684126,25
33,-122.41356498912606,37.74659293151715,25
34,-122.41623788523088,37.758791292001234,25
35,-122.392372730223,37.746462449697695,25
36,-122.36314926833332,37.796254403302136,25
37,-122.40839948127064,37.80603629239241,25
38,-122.43322878272072,37.77863080114833,25
39,-122.43640091119981,37.7671947470647,25
40,-122.38119798411134,37.78533640825264,25
41,-122.37218378303703,37.827316127281165,25
42,-122.44836082386513,37.82698756692067,25
43,-122.45923484651486,37.74835808871158,25
44,-122.39501851167292,37.76194601656162,25
45,-122.44701808036511,37.763291639019286,25
46,-122.36933062012709,37.763526930856486,25
47,-122.43330157478425,37.798463545703775,25
48,-122.45100798710693,37.77840891564421,25
49,-122.35983658297633,37.75238063454277,25
0,-122.3625468256303,37.82792229399878,26
1,-122.38655329417048,37.78291454221672,26
2,-122.42831961757578,37.75976582290619,26
3,-122.3573174227314,37.771868796450725,26
4,-122.38059372295821,37.79034506770101,26
5,-122.38941829019267,37.75779772393255,26
6,-122.42113870257083,37.8181658027984,26
7,-122.43356366522944,37.812293268271105,26
8,-122.45511634386041,37.81125566737022,26
9,-122.43160859349565,37.76366483822824,26
10,-122.4295350755266,37.747092017419064,26
11,-122.41119541951281,37.79567581585411,26
12,-122.41484602322792,37.781077335811986,26
13,-122.46304556274507,37.81622470995168,26
14,-122.3695541282297,37.81474501494501,26
15,-122.36514564891517,37.774633062868965,26
16,-122.44527906833095,37.826658111555744,26
17,-122.39592083933135,37.770922433078674,26
18,-122.45385595177797,37.79128243865396,26
19,-122.38937039279465,37.767440317901276,26
20,-122.43209740343174,37.82886744800044,26
21,-122.38960064393089,37.75628114504764,26
22,-122.38168702058606,37.74495539453169,26
23,-122.3792962326405,37.7833274780442,26
24,-122.45446716224767,37.827377140400806,26
25,-122.36474532043516,37.81650645303846,26
26,-122.39669726146641,37.81836473744592,26
27,-122.36316550491422,37.78735538926946,26
28,-122.40361285603308,37.75801829560154,26
29,-122.39267094978742,37.76777343709114,26
30,-122.36865714499973,37.7578637772604,26
31,-122.39374634969622,37.75075775024621,26
32,-122.41965331024912,37.74515795344213,26
33,-122.41279629834884,37.746170610264315,26
34,-122.41642259227226,37.75871139872105,26
35,-122.39261383889273,37.74645432010934,26
36,-122.36310729628455,37.79627799663395,26
37,-122.40733909180982,37.80535476720865,26
38,-122.43524263780998,37.778743545858184,26
39,-122.43668658388164,37.766876961525476,26
40,-122.38070171041036,37.78606755191493,26
41,-122.37268995546859,37.827487403647496,26
42,-122.44807607838888,37.82702334519659,26
43,-122.45900893607552,37.74848279556478,26
44,-122.39440973641558,37.76198340453955,26
45,-122.44708238647695,37.76335197510756,26
46,-122.36902382067706,37.76346850739194,26
47,-122.43263262602815,37.79891976390303,26
48,-122.45127935425356,37.77778904240154,26
49,-122.35973822661127,37.75309752332081,26
0,-122.36331363193429,37.82834810149762,27
1,-122.38655014429007,37.78292521936003,27
2,-122.42828675420641,37.759812200273025,27
3,-122.35733831865419,37.771847341307,27
4,-122.38095203725747,37.79025271631365,27
5,-122.38949447032772,37.75779725397803,27
6,-122.42163577812909,37.81802646485565,27
7,-122.43402114349445,37.81227642960302,27
8,-122.45570545230541,37.812086340307,27
9,-122.43148110909291,37.76382517445377,27
10,-122.4301193400958,37.74800276419809,27
11,-122.41125004314645,37.795775232256155,27
12,-122.41421757946414,37.781175870276684,27
13,-122.46402272151053,37.81703499873125,27
14,-122.36997077043377,37.81533158728556,27
15,-122.36525661339945,37.77546409245383,27
16,-122.44509413868664,37.826670000400235,27
17,-122.3946068598111,37.771567755747505,27
18,-122.45381098690243,37.7911341559789,27
19,-122.38948031092298,37.76787986712739,27
20,-122.43284875222264,37.82902782031775,27
21,-122.38962377184137,37.7562087691528,27
22,-122.38240454306418,37.74478760485562,27
23,-122.37956923288998,37.78426198818278,27
24,-122.45450050560169,37.82731542643174,27
25,-122.36519731217089,37.81606184995639,27
26,-122.3965682232036,37.818795903959355,27
27,-122.36314727274936,37.78737498494619,27
28,-122.4036909943511,37.758026972570924,27
29,-122.39239694956554,37.76759592300649,27
30,-122.36839838739047,37.758170703496695,27
31,-122.39370415563072,37.750962946578426,27
32,-122.4202126246135,37.74530368084269,27
33,-122.41211719328552,37.74545404534917,27
34,-122.41660456796325,37.758427739497,27
35,-122.39293927001766,37.74647488864158,27
36,-122.36298332107994,37.79628468968317,27
37,-122.4067744059468,37.80433631610969,27
38,-122.43570687333765,37.77924065369853,27
39,-122.43638908449793,37.76722648869674,27
40,-122.38069975409391,37.78608557059717,27
41,-122.37315457443822,37.82759310884298,27
42,-122.44752159336163,37.82808611941778,27
43,-122.45895393643643,37.748480272954595,27
44,-122.39434310663607,37.76064002032277,27
45,-122.44717645055516,37.763152240167315,27
46,-122.37004112556639,37.76291408107355,27
47,-122.43332460611282,37.79912337710605,27
48,-122.45263843058545,37.777076728310675,27
49,-122.35955667499094,37.753002043858885,27
0,-122.36377067912463,37.82926278261614,28
1,-122.38655118315627,37.782916871439866,28
2,-122.42809784773591,37.75990959240296,28
3,-122.35727500660667,37.77181639433443,28
4,-122.38095583305554,37.79025590069368,28
5,-122.39017961027058,37.758485374160635,28
6,-122.4215844227119,37.81805472069542,28
7,-122.4347002894758,37.812241613471826,28
8,-122.45645039719695,37.812920922574,28
9,-122.43226876005734,37.76309112114093,28
10,-122.43094339100855,37.74888405913389,28
11,-122.41127226476308,37.79582569199727,28
12,-122.41421407515622,37.78121958836427,28
13,-122.46371742000788,37.81729332038457,28
14,-122.37027831514122,37.815424245837875,28
15,-122.36467767641255,37.7765671932625,28
16,-122.44594057752182,37.82685756772609,28
17,-122.39441193429883,37.77153626216487,28
18,-122.45406633847973,37.790003598310555,28
19,-122.38953620026975,37.76805173395997,28
20,-122.43254096343784,37.82919227601576,28
21,-122.38962416638037,37.7561555013765,28
22,-122.38246466519809,37.74453560973239,28
23,-122.38019171546455,37.784770483722575,28
24,-122.4545220117996,37.82735171229746,28
25,-122.36524193581,37.81600765275318,28
26,-122.39714402368219,37.81778504610148,28
27,-122.36341694556187,37.787430619667425,28
28,-122.40343401521619,37.75933025855013,28
29,-122.3926857172718,37.7678985580046,28
30,-122.36840269640786,37.75820527723688,28
31,-122.39334302045845,37.75040604158594,28
32,-122.41994145543714,37.74521458633315,28
33,-122.4107809540976,37.744441968295654,28
34,-122.41738781205648,37.75774865871437,28
35,-122.39320116517969,37.74651032468888,28
36,-122.36306222487059,37.79641596220331,28
37,-122.40710464046026,37.804798540080355,28
38,-122.43545359341542,37.778958874968374,28
39,-122.43632157342924,37.76748946576591,28
40,-122.3807485285756,37.78566049410073,28
41,-122.37326757491105,37.82644458678532,28
42,-122.44736167362144,37.828407844288726,28
43,-122.45877487886622,37.7486123663069,28
44,-122.39379313209133,37.76050353122124,28
45,-122.44690599205315,37.76251671684608,28
46,-122.3702393127764,37.76290444668161,28
47,-122.43329316926153,37.799078947607,28
48,-122.45373367279299,37.776329620211285,28
49,-122.35978874876474,37.75306994698238,28
0,-122.36420749703271,37.82931912939907,29
1,-122.38603918655845,37.78315471206392,29
2,-122.4276721572549,37.759915064290766,29
3,-122.35737507816923,37.771794614635645,29
4,-122.38119794775763,37.790315258826936,29
5,-122.39034678208864,37.759096926768734,29
6,-122.42121060003458,37.81809832393839,29
7,-122.43555082678532,37.812430976151326,29
8,-122.45667863143622,37.81409260617196,29
9,-122.4323607742428,37.76286073735843,29
10,-122.43099503048062,37.74871539951009,29
11,-122.41128127923075,37.79573586029169,29
12,-122.414622852262,37.77995802550243,29
13,-122.4634866098385,37.8174598254814,29
14,-122.37025659373123,37.81567971099935,29
15,-122.3644630500487,37.77702941392633,29
16,-122.4462899472486,37.82719388519583,29
17,-122.39402818704946,37.77153075058664,29
18,-122.45337565741505,37.7885093688748,29
19,-122.38977341601003,37.76773486269848,29
20,-122.43189611739095,37.82890410645578,29
21,-122.38963079867894,37.75624979892799,29
22,-122.38242935191643,37.74360166059515,29
23,-122.38004593846728,37.784744490966126,29
24,-122.4540539896967,37.82794062840565,29
25,-122.36521003029439,37.81553150957366,29
26,-122.39720514610407,37.81772994584677,29
27,-122.36257192622925,37.78804211569882,29
28,-122.40332124474315,37.75957360009616,29
29,-122.39430936116676,37.7680338532101,29
30,-122.36821693937723,37.75856253434601,29
31,-122.39357036417765,37.75054608994495,29
32,-122.42008187425148,37.74517457792053,29
33,-122.40956134361369,37.74397434916081,29
34,-122.41725252784248,37.75793031149534,29
35,-122.39328707322184,37.74656372085765,29
36,-122.36303909765356,37.796403865110875,29
37,-122.40693372324138,37.80461098658245,29
38,-122.43525251512588,37.778757093535646,29
39,-122.43670539408218,37.76817301340322,29
40,-122.38055204429868,37.78580398308198,29
41,-122.37318022225733,37.82578097488615,29
42,-122.44649796760967,37.82890032028959,29
43,-122.45981038844586,37.74850014425726,29
44,-122.39404456111775,37.76068479881456,29
45,-122.4463121432181,37.76237367636522,29
46,-122.37080165617952,37.76265065893264,29
47,-122.4329296943402,37.798903888782625,29
48,-122.45351718384738,37.77592525470794,29
49,-122.35962661856726,37.75281079419456,29
0,-122.3664051533291,37.82959205048508,30
1,-122.38564132019458,37.783202531145086,30
2,-122.42766605194332,37.759918090443556,30
3,-122.35718778488994,37.77189156503708,30
4,-122.38105630178111,37.79029518968239,30
5,-122.39055553630644,37.759784255637044,30
6,-122.42122839296839,37.81816166616009,30
7,-122.43705014752042,37.812787990978975,30
8,-122.45629651340494,37.81463980508487,30
9,-122.43248352061252,37.763106710217976,30
10,-122.43096184923745,37.74866937207608,30
11,-122.41096015003363,37.795517128467196,30
12,-122.41533389057257,37.7793217875714,30
13,-122.46293726416559,37.81764301115984,30
14,-122.36984243118619,37.815978064368956,30
15,-122.36444451733585,37.77704128480233,30
16,-122.44598341564725,37.82706210610118,30
17,-122.39421065118054,37.77139810111826,30
18,-122.45352151897933,37.788364328631886,30
19,-122.39045143208065,37.76716851383541,30
20,-122.43123186916081,37.82827801413671,30
21,-122.38951684034218,37.756651863581325,30
22,-122.38226715304218,37.74364359640011,30
23,-122.38004369532867,37.784668336260516,30
24,-122.45326487381675,37.82827971107881,30
25,-122.36547266563116,37.814420339436445,30
26,-122.39751932363895,37.818245503935586,30
27,-122.36216695796128,37.787909995131024,30
28,-122.40337369529911,37.759606900361305,30
29,-122.39522991642622,37.76714624911937,30
30,-122.36821898393185,37.75856042615357,30
31,-122.39344144203525,37.7508822138715,30
32,-122.41949948666482,37.74474310460332,30
33,-122.40916525174592,37.74387299320069,30
34,-122.41643972144057,37.758239255321186,30
35,-122.393234338302,37.74633642083085,30
36,-122.36315479686152,37.79647156447121,30
37,-122.40642673239115,37.8045671745095,30
38,-122.43540531516574,37.778460964226646,30
39,-122.43669898371664,37.76789233048947,30
40,-122.38061714114127,37.78613891073263,30
41,-122.37339294540251,37.82546204265098,30
42,-122.44635690031826,37.82925457418838,30
43,-122.46077967881689,37.74857488158327,30
44,-122.39355732932023,37.76070915839593,30
45,-122.44529624574892,37.762376892619805,30
46,-122.37136256371154,37.762397071687666,30
47,-122.43192149688439,37.79881400615245,30
48,-122.4543855844815,37.77539577247778,30
49,-122.3607578945339,37.7535061047141,30
0,-122.36674230851098,37.82949021259948,31
1,-122.38564614938706,37.78320044152497,31
2,-122.42782969846331,37.75995628182112,31
3,-122.3572364720869,37.77171214910555,31
4,-122.38076930384896,37.79029853540359,31
5,-122.39040473382475,37.759690635810784,31
6,-122.42198568945527,37.81781804119533,31
7,-122.43789434171227,37.81206557896931,31
8,-122.45610270075868,37.81496698448228,31
9,-122.43272137630265,37.76332118724376,31
10,-122.43101588564708,37.74859374931398,31
11,-122.41118940935372,37.79591043827623,31
12,-122.41600409240702,37.77922057460403,31
13,-122.46332973179707,37.81865915852372,31
14,-122.3699443125968,37.816409924993685,31
15,-122.3646705532178,37.77693261432426,31
16,-122.4440067784368,37.82721859931445,31
17,-122.39433044663258,37.77137695108402,31
18,-122.45355297732821,37.78844426883238,31
19,-122.39129249114178,37.766808519894646,31
20,-122.43006409592265,37.828311396100524,31
21,-122.38951409156236,37.75665754796181,31
22,-122.38230434491476,37.74364437691996,31
23,-122.38008001926525,37.78482856357697,31
24,-122.45380519420762,37.82770550328393,31
25,-122.36626757586166,37.81355359735881,31
26,-122.39745681427831,37.81818455744107,31
27,-122.36233796213196,37.78788798786327,31
28,-122.40342706757457,37.759619410169364,31
29,-122.3955745365773,37.76729137224329,31
30,-122.3680733072738,37.75863436024839,31
31,-122.39337395601059,37.75069545449671,31
32,-122.41779774373806,37.74520746564439,31
33,-122.40831317635391,37.74396201988474,31
34,-122.4156238655475,37.75880128448695,31
35,-122.3916806506854,37.745050758909954,31
36,-122.36285338356294,37.79631393028448,31
37,-122.40590125819716,37.804330675141316,31
38,-122.43549357710668,37.77791531737585,31
39,-122.43675727881504,37.76825542631163,31
40,-122.38047167119775,37.78645555890853,31
41,-122.3733228885929,37.82548291012958,31
42,-122.44586521668359,37.82964482128265,31
43,-122.46113028528826,37.74854041770808,31
44,-122.39350368300765,37.7607054345354,31
45,-122.44432739392285,37.761779015328315,31
46,-122.37221311160611,37.76213594294257,31
47,-122.43170249106562,37.79847191509431,31
48,-122.45444572667914,37.7754042137308,31
49,-122.36109789668592,37.75461989259328,31
0,-122.36740670239475,37.82951955722225,32
1,-122.38633296961763,37.782484231820476,32
2,-122.42829703307073,37.759661916798215,32
3,-122.3565237033398,37.77213312076667,32
4,-122.38080479179517,37.79029542862705,32
5,-122.39035196231268,37.759750223958726,32
6,-122.42223302842143,37.817817266357956,32
7,-122.43877950220227,37.812054865437425,32
8,-122.45630417893871,37.81467153620279,32
9,-122.4327421619056,37.76334209319276,32
10,-122.43101350547339,37.74857963274556,32
11,-122.41142338978456,37.797273778971295,32
12,-122.41644447463528,37.77922614992657,32
13,-122.46332886849294,37.81861994303932,32
14,-122.36990925387181,37.81633385320641,32
15,-122.36492910189376,37.77748224683316,32
16,-122.44345334836302,37.8267563316548,32
17,-122.39454696707624,37.771305967713545,32
18,-122.45349372044267,37.7883221941616,32
19,-122.39141864421931,37.766585069259065,32
20,-122.42977939601383,37.828185427760296,32
21,-122.39042471887278,37.75629136660761,32
22,-122.38329379883677,37.74353826876744,32
23,-122.37995717582929,37.78518869088981,32
24,-122.45418390306953,37.82772610446756,32
25,-122.36707921132889,37.81313312120654,32
26,-122.39789525676147,37.818543794231104,32
27,-122.36201142935184,37.7877787664093,32
28,-122.40334468586325,37.759628780280174,32
29,-122.39457291811866,37.76720046049427,32
30,-122.36823354342278,37.75855806549839,32
31,-122.39299781818279,37.750524469069035,32
32,-122.41645086233915,37.744937743904174,32
33,-122.4083216329451,37.74391060834491,32
34,-122.41485692665358,37.75953997071702,32
35,-122.39169967738886,37.74506304141721,32
36,-122.36343995916181,37.796452535510085,32
37,-122.40535568764155,37.80478853301358,32
38,-122.43465977365511,37.776959725522204,32
39,-122.43690128492645,37.76814184329717,32
40,-122.38051563217347,37.786572062775285,32
41,-122.37250890111828,37.826415626513445,32
42,-122.44650115490217,37.829031498077505,32
43,-122.46137997692497,37.748667234099855,32
44,-122.39330929513054,37.76075727173677,32
45,-122.44438659307109,37.76189313131534,32
46,-122.37269952804874,37.762105454472724,32
47,-122.43166435009513,37.79841944535323,32
48,-122.45444606021218,37.77484176904314,32
49,-122.36186021576447,37.75476863722112,32
0,-122.36751823043998,37.82974878412544,33
1,-122.38648885704905,37.78209167669956,33
2,-122.42829705366502,37.759662015633644,33
3,-122.35664350577937,37.771856454621926,33
4,-122.38088675793274,37.79012037934764,33
5,-122.39038884951304,37.75955906908232,33
6,-122.42170242257578,37.817943643989835,33
7,-122.43878776613198,37.812059068373095,33
8,-122.45631455169166,37.81451071938299,33
9,-122.43316890646476,37.763118941031685,33
10,-122.43097728776216,37.74851840341535,33
11,-122.41301108378572,37.79768979427431,33
12,-122.41575592817883,37.77926585989258,33
13,-122.46380166728939,37.81797822871,33
14,-122.36964788239744,37.81611280941347,33
15,-122.36450398164338,37.77669323992332,33
16,-122.44403999647132,37.82676984143998,33
17,-122.39525577331763,37.770383268573106,33
18,-122.45276845841646,37.787742856509844,33
19,-122.39156946389818,37.76696836041103,33
20,-122.43063755799804,37.82838633305677,33
21,-122.39069210700077,37.755845004948746,33
22,-122.38298750209414,37.74363050225334,33
23,-122.38004774603806,37.785066575432324,33
24,-122.45521680003081,37.827753695618924,33
25,-122.36707136557129,37.81313867727944,33
26,-122.39792490359957,37.818595656946655,33
27,-122.36099380867105,37.78820646259033,33
28,-122.40410383950714,37.75963663689457,33
29,-122.39410899046209,37.76704952514223,33
30,-122.36791337026122,37.75873949096812,33
31,-122.39295482024441,37.750470321703034,33
32,-122.41542731681501,37.744016577192625,33
33,-122.4078787859319,37.7438354937709,33
34,-122.41483568596902,37.75934664175751,33
35,-122.39158003167772,37.74499398803868,33
36,-122.36315459111655,37.79575627630386,33
37,-122.40513362981581,37.804657707007685,33
38,-122.43430246757659,37.77624650770545,33
39,-122.43656789890404,37.76782781573442,33
40,-122.38025233674787,37.78709262132181,33
41,-122.37261675026382,37.82653424095951,33
42,-122.44712351130974,37.828134263880514,33
43,-122.46114869295712,37.748698519397294,33
44,-122.39388351081465,37.76106733829742,33
45,-122.44416673774317,37.761806543060736,33
46,-122.37275763736365,37.76211965503491,33
47,-122.43196286873365,37.79850565822101,33
48,-122.4546851557034,37.77468649463248,33
49,-122.36213972602759,37.755019221127405,33
0,-122.3676543279687,37.83001833061878,34
1,-122.38659889126275,37.7820650510519,34
2,-122.42827700112281,37.75944765399753,34
3,-122.35661981727459,37.771857618641036,34
4,-122.38099603141742,37.78970595642446,34
5,-122.3907616874187,37.76027262134396,34
6,-122.42077479720079,37.81805429426076,34
7,-122.43828034899782,37.8120509034613,34
8,-122.4564851127815,37.81470255882342,34
9,-122.4330963158132,37.76337675498669,34
10,-122.43059611011608,37.74822961179355,34
11,-122.41361735912349,37.797783860583166,34
12,-122.41488753915273,37.77869981754717,34
13,-122.46384214538665,37.81758527343943,34
14,-122.36854969231835,37.81614495613781,34
15,-122.36467334049317,37.7754421901902,34
16,-122.4446842483792,37.82705398880888,34
17,-122.39604275097534,37.7695003560485,34
18,-122.4520005284522,37.787708822061944,34
19,-122.3912372685873,37.7675380721566,34
20,-122.43052154995097,37.82836473549729,34
21,-122.39051794694714,37.75601165996372,34
22,-122.38261011298479,37.743715485522635,34
23,-122.38004627387137,37.785039953121114,34
24,-122.45540890608211,37.827109961410464,34
25,-122.36651938205091,37.812239672652794,34
26,-122.39762921131712,37.81864413343179,34
27,-122.36072824045667,37.78821025728122,34
28,-122.40410642881385,37.759638106179985,34
29,-122.3927910267283,37.76717108546044,34
30,-122.36677648779533,37.7589800207122,34
31,-122.39294106537423,37.74987969748403,34
32,-122.41330886137082,37.74483126527953,34
33,-122.40851537767064,37.74404841453693,34
34,-122.41541659310262,37.75991512570658,34
35,-122.39146996392226,37.74490304149231,34
36,-122.36301263960209,37.794969232950386,34
37,-122.40599453197854,37.80438576283443,34
38,-122.43334792756136,37.77538646873965,34
39,-122.43596836169574,37.7673939663261,34
40,-122.3802931640941,37.78730496430685,34
41,-122.37262437015913,37.82619439853454,34
42,-122.44776907502073,37.82753635454412,34
43,-122.46072408681526,37.7487326971372,34
44,-122.39390565782371,37.76109240847442,34
45,-122.44485867624667,37.76245301873333,34
46,-122.37333306670398,37.76185516399933,34
47,-122.4328594563789,37.798827118672705,34
48,-122.45439447379529,37.77468729389424,34
49,-122.36187858107269,37.75535258808695,34
0,-122.36892224863504,37.829922322941385,35
1,-122.38658973293497,37.7820716618131,35
2,-122.42825445094348,37.75970080509367,35
3,-122.35651428519006,37.77198646885915,35
4,-122.3813815403752,37.78879253874008,35
5,-122.3918925656648,37.76087990270388,35
6,-122.4206454797143,37.81806220112576,35
7,-122.4386010993484,37.81155354838612,35
8,-122.45648722953315,37.81482847005549,35
9,-122.43301050896862,37.763454892172305,35
10,-122.43037018677579,37.74816268084453,35
11,-122.41360481371856,37.79777199010872,35
12,-122.41414625644518,37.77859687632798,35
13,-122.46383482923679,37.817592911870925,35
14,-122.36823341738723,37.81601354310604,35
15,-122.36456436990673,37.77573503609088,35
16,-122.44487640240186,37.82726133109229,35
17,-122.39733875014899,37.76936982648184,35
18,-122.45259074370924,37.788178005752094,35
19,-122.39091107669641,37.767763927196334,35
20,-122.43013741676842,37.82834184153829,35
21,-122.39096710746634,37.756138942720305,35
22,-122.38249385262847,37.74414571633067,35
23,-122.38090598427321,37.78578750652433,35
24,-122.45601346173056,37.82623588628451,35
25,-122.36576714594133,37.81246283988673,35
26,-122.39791840670932,37.81917510625131,35
27,-122.35977700690906,37.78794443258201,35
28,-122.40407104248715,37.759620711340425,35
29,-122.3916126770283,37.76732386534026,35
30,-122.36693864315062,37.75882142350563,35
31,-122.39268079869474,37.749703864915524,35
32,-122.4130239152014,37.7451252236476,35
33,-122.40916050878482,37.744327931795844,35
34,-122.41536937971908,37.75985476031225,35
35,-122.39113544981376,37.74464437949228,35
36,-122.36272748646776,37.79482094666399,35
37,-122.40642538837726,37.80429821741471,35
38,-122.4327156052042,37.77471208828254,35
39,-122.43596157351506,37.76714740364863,35
40,-122.38031435678732,37.787500979304454,35
41,-122.37206551878958,37.82628661630199,35
42,-122.44769195728902,37.82758100581253,35
43,-122.46051236179554,37.74876940309749,35
44,-122.39401076554914,37.76115110141823,35
45,-122.44521006009407,37.763111628573874,35
46,-122.3732035229281,37.76201346844093,35
47,-122.43339364378997,37.79947688452077,35
48,-122.45461652836032,37.77464612930255,35
49,-122.36134226755331,37.75556338656966,35
0,-122.36894599155873,37.82992968101369,36
1,-122.3855277447483,37.78242858928188,36
2,-122.42844979163496,37.75953142448458,36
3,-122.35679989664182,37.770581091741626,36
4,-122.38196245055533,37.78840734338752,36
5,-122.39153203906923,37.760555241454156,36
6,-122.41998726285901,37.818096997458426,36
7,-122.4384181263223,37.811507167192715,36
8,-122.45696343845833,37.815469575650205,36
9,-122.43207978393147,37.76411423131668,36
10,-122.43055084105244,37.74820332125123,36
11,-122.41323658402632,37.79747369576803,36
12,-122.41410091062669,37.77852345466349,36
13,-122.46371655970746,37.81790484999869,36
14,-122.36829446050324,37.81593592120698,36
15,-122.36509712010543,37.77546449161019,36
16,-122.44564245862372,37.82729606767497,36
17,-122.39736206152566,37.76918013986045,36
18,-122.45269914119964,37.78797548499469,36
19,-122.39057393198854,37.76824425206461,36
20,-122.43026052556169,37.828365314375986,36
21,-122.39027240963313,37.75611815670539,36
22,-122.38210048132912,37.7444228003218,36
23,-122.38095771889601,37.78590920273543,36
24,-122.45608572732,37.8263918437152,36
25,-122.36600483628544,37.812338952280854,36
26,-122.39787756415137,37.819012873282674,36
27,-122.36003997137067,37.78831244034709,36
28,-122.40364691937957,37.75922225429023,36
29,-122.39171802765395,37.76725077699238,36
30,-122.36694550828004,37.75876693730841,36
31,-122.39268572453996,37.74970921300813,36
32,-122.41322931015459,37.74504676548887,36
33,-122.40947536966615,37.744528587206865,36
34,-122.41527371828727,37.76000423410689,36
35,-122.39029669555389,37.74437079801311,36
36,-122.36411166217682,37.79536690153203,36
37,-122.40709712248862,37.80420706845617,36
38,-122.43283969898779,37.77424353393677,36
39,-122.43601893211412,37.76705455086939,36
40,-122.38014165258123,37.787394523146226,36
41,-122.37173016369175,37.826000391797464,36
42,-122.4477883616472,37.827557532053056,36
43,-122.46032679494385,37.74903502002397,36
44,-122.39395801650792,37.76114942098805,36
45,-122.44484648111465,37.76288392350362,36
46,-122.37268249612585,37.76209763513398,36
47,-122.43361150146818,37.79976003988629,36
48,-122.4548528239882,37.77454281445368,36
49,-122.36004060494525,37.75593799473622,36
0,-122.36889765060471,37.82992754927044,37
1,-122.38524753918779,37.782472354806416,37
2,-122.42980204075056,37.75968507989473,37
3,-122.35728446972209,37.77006391282991,37
4,-122.38345990482118,37.78749846580586,37
5,-122.39158951383698,37.760328376521734,37
6,-122.41812557400236,37.81729673015826,37
7,-122.43891466467946,37.81156493500243,37
8,-122.45692291124031,37.815355274300885,37
9,-122.43186421533203,37.76421877011262,37
10,-122.43139039466043,37.74842758611392,37
11,-122.41318019187942,37.79691426580432,37
12,-122.41329142264762,37.77837672313859,37
13,-122.46293642207868,37.818714509109476,37
14,-122.36898049601969,37.81661130044907,37
15,-122.36485644046144,37.775774152433144,37
16,-122.4462361098605,37.82717902691996,37
17,-122.3964709689485,37.76958108932557,37
18,-122.45274806894403,37.78771371433205,37
19,-122.3901132948237,37.768638136332825,37
20,-122.43028934345563,37.82838003056319,37
21,-122.38984318140501,37.75542712284872,37
22,-122.3821931788029,37.74439812141245,37
23,-122.38071117990165,37.78657350820546,37
24,-122.45674532352038,37.826085056191104,37
25,-122.36586482841561,37.81228106453804,37
26,-122.3974814097471,37.81936006768953,37
27,-122.35995280985523,37.788142418344606,37
28,-122.4044725758128,37.759662435048746,37
29,-122.39147394033415,37.767377084725894,37
30,-122.36676515316631,37.75891430833099,37
31,-122.39272564750196,37.749322610612445,37
32,-122.41292220930458,37.74528268198745,37
33,-122.410446898945,37.745000945319106,37
34,-122.41527794925007,37.75998945537538,37
35,-122.39093039788862,37.7445085352876,37
36,-122.36391697315456,37.794535213439,37
37,-122.40795213938334,37.8049747996469,37
38,-122.43270609647102,37.77453942753532,37
39,-122.435643305542,37.767402440888944,37
40,-122.38050513204786,37.788012332729146,37
41,-122.37103187052836,37.825238128905355,37
42,-122.44729029069494,37.82880117809456,37
43,-122.46003833195519,37.749276021944425,37
44,-122.39311676810946,37.76125533992132,37
45,-122.44607926627995,37.76297458686124,37
46,-122.3723639505195,37.76215557164215,37
47,-122.43362056948905,37.7997675508329,37
48,-122.45485921267591,37.77475896518068,37
49,-122.35973438938903,37.75653499446776,37
0,-122.36872552858864,37.82981303980074,38
1,-122.38550184914541,37.782973617191494,38
2,-122.4308261428941,37.759514733753576,38
3,-122.3581841056811,37.76946798186157,38
4,-122.3841433586369,37.78713043563818,38
5,-122.39112554199448,37.76080063944393,38
6,-122.41850580409269,37.817463166204504,38
7,-122.43906720086557,37.81149959301411,38
8,-122.45691978097919,37.815284153954416,38
9,-122.4317021799281,37.76472199156265,38
10,-122.43098921550586,37.74816877401711,38
11,-122.41216686004176,37.796394640598244,38
12,-122.41329849145562,37.77837415212198,38
13,-122.46285931012181,37.81889811880212,38
14,-122.36911017708346,37.81708397410135,38
15,-122.36435477108176,37.77618780765313,38
16,-122.44607684089662,37.82688641850673,38
17,-122.39673408685934,37.76956311196564,38
18,-122.45263349412198,37.787905942734874,38
19,-122.39043617681163,37.768448211424854,38
20,-122.4313245542867,37.82855586567005,38
21,-122.38965033268767,37.755297138605044,38
22,-122.38206618867979,37.74440296012331,38
23,-122.38044787366944,37.78599076898673,38
24,-122.45749865845808,37.82598162649321,38
25,-122.36560186827825,37.81233879770254,38
26,-122.39710668069863,37.819810202379955,38
27,-122.35942297498167,37.78821158425851,38
28,-122.40471702368066,37.7598274037254,38
29,-122.39103895490788,37.76754115402552,38
30,-122.3671652869158,37.75849831726081,38
31,-122.39294759940172,37.74902344952375,38
32,-122.41212855229038,37.745019996975806,38
33,-122.41057188587128,37.74516505937679,38
34,-122.41383143810673,37.76041763704079,38
35,-122.39057258085235,37.74400089364686,38
36,-122.36364839734533,37.794401179568744,38
37,-122.40854963760255,37.80525191435316,38
38,-122.43267368624441,37.77438220540132,38
39,-122.4350580720748,37.767760890543975,38
40,-122.38072481769788,37.787679942868905,38
41,-122.37049593557403,37.824750592258845,38
42,-122.44710695104372,37.82952147394084,38
43,-122.4603850133112,37.74926353121421,38
44,-122.39395625060112,37.76111147025772,38
45,-122.44632594778717,37.76279691553791,38
46,-122.37221148337288,37.76214942802805,38
47,-122.43404053014652,37.80054515388908,38
48,-122.45513798972503,37.77435099530221,38
49,-122.35972439883743,37.75670151821533,38
0,-122.36852940523258,37.829810451303004,39
1,-122.3853975102516,37.78320271441948,39
2,-122.43039668751061,37.75976168533908,39
3,-122.35805016623466,37.769528529448266,39
4,-122.38442295334517,37.78685402951003,39
5,-122.39123329259921,37.76093996485396,39
6,-122.41901303515765,37.81726955724819,39
7,-122.43902929997212,37.811520419893995,39
8,-122.45692173101229,37.815286168878394,39
9,-122.43136766145655,37.764700839236475,39
10,-122.43076752806235,37.74791356241941,39
11,-122.41136695119575,37.79565523389496,39
12,-122.41287276033765,37.77835699588122,39
13,-122.46277413529411,37.818662751427574,39
14,-122.36918899592725,37.817161386490675,39
15,-122.36434556944448,37.77619850671636,39
16,-122.44579684718556,37.826366876304654,39
17,-122.3968189225716,37.76946188289967,39
18,-122.45259834335681,37.78803740664342,39
19,-122.39165219335115,37.76756628539567,39
20,-122.43146323324196,37.829005247476616,39
21,-122.38963607306634,37.75513620988866,39
22,-122.38209305364624,37.744375493618726,39
23,-122.37918846400164,37.78620473490355,39
24,-122.45838827015213,37.82542783845553,39
25,-122.36601296397103,37.81223270731191,39
26,-122.39614248113259,37.82014333862639,39
27,-122.35885668399226,37.788432422567986,39
28,-122.40499687087991,37.76038009199193,39
29,-122.39120631306848,37.767555392571545,39
30,-122.36729658412128,37.75823954904759,39
31,-122.39325265510175,37.7485908977302,39
32,-122.41158865893426,37.7451213417445,39
33,-122.41112398299596,37.74528371013885,39
34,-122.41209256794285,37.76109790127979,39
35,-122.39046103816943,37.74396147509839,39
36,-122.36312473703533,37.79399922385508,39
37,-122.4102387411622,37.80585364047752,39
38,-122.43298600238795,37.77363502079718,39
39,-122.43482112980263,37.767204479722935,39
40,-122.38095995859128,37.78757239411081,39
41,-122.37004015556383,37.82423786822542,39
42,-122.44667582320267,37.83008200944843,39
43,-122.46018437676871,37.7491828981699,39
44,-122.3947246014168,37.76124584147087,39
45,-122.44682912830518,37.76252069478359,39
46,-122.37179893482754,37.76213703006942,39
47,-122.43412397792588,37.80153627823835,39
48,-122.45553545143116,37.77366666273685,39
49,-122.35973831258036,37.75646313231112,39
0,-122.37050818349071,37.83064061250281,40
1,-122.38538113747366,37.7831551834382,40
2,-122.43006038484904,37.76003126540699,40
3,-122.35890814612853,37.769341260486804,40
4,-122.3857934946722,37.78654255758245,40
5,-122.39130589695993,37.7610438818594,40
6,-122.41807348943053,37.81772857806294,40
7,-122.43897848000127,37.81158620335317,40
8,-122.45584260658809,37.81494086892981,40
9,-122.43144359838733,37.764578647185914,40
10,-122.43136033536453,37.74823854388538,40
11,-122.41121746471805,37.79592058260838,40
12,-122.41304516479762,37.77841721054163,40
13,-122.46220627020656,37.817988502439704,40
14,-122.36926707020542,37.817302758027544,40
15,-122.36454938852863,37.77617213782601,40
16,-122.44484064201906,37.82672136586291,40
17,-122.39736901050624,37.769063956007194,40
18,-122.45261470087718,37.7881382026471,40
19,-122.39167530304826,37.767293255990474,40
20,-122.43120909653992,37.82868802731609,40
21,-122.38949743781468,37.755373390715114,40
22,-122.38211338895535,37.744404124872844,40
23,-122.37914212266426,37.78620712800533,40
24,-122.45867923442994,37.8245163428824,40
25,-122.36623582091518,37.81186339281024,40
26,-122.39532154046609,37.82070493618069,40
27,-122.35780054323196,37.78880980821566,40
28,-122.404729082743,37.75985389240155,40
29,-122.39054367666755,37.768368986123264,40
30,-122.36724512062047,37.75834117230823,40
31,-122.3934494706882,37.748515889852484,40
32,-122.4125270946919,37.74544909396711,40
33,-122.41100026290486,37.74518462646571,40
34,-122.41050079660144,37.76239649687944,40
35,-122.38955841251293,37.74356027547976,40
36,-122.36293901362404,37.79407412462555,40
37,-122.41080352062814,37.80619054943341,40
38,-122.43239243975684,37.77293352015414,40
39,-122.43391343989663,37.76666894029511,40
40,-122.38093388842503,37.7876190886471,40
41,-122.37012724798697,37.82390517102128,40
42,-122.44678607208762,37.83055995754249,40
43,-122.46045264055934,37.7490186934928,40
44,-122.39500923402888,37.76117278029817,40
45,-122.44709316948669,37.76255084882188,40
46,-122.37261392084339,37.762148723136015,40
47,-122.43475860650486,37.80251449780677,40
48,-122.45569278972694,37.77306922656289,40
49,-122.35980398324469,37.7573416969587,40
0,-122.37081165178041,37.83080836121327,41
1,-122.3850027385663,37.78360069145011,41
2,-122.42963431581117,37.76047704111373,41
3,-122.35938501484364,37.769511406206206,41
4,-122.38641005891958,37.78656254004455,41
5,-122.39151058382265,37.76107263934418,41
6,-122.41743157698441,37.81735033647058,41
7,-122.43875500542124,37.81190648880741,41
8,-122.45633623719934,37.814897863749934,41
9,-122.43148638856184,37.76470829274247,41
10,-122.43142854455158,37.748293381371205,41
11,-122.41114262693435,37.79544484564226,41
12,-122.41286838793499,37.77830620188793,41
13,-122.4623274115433,37.81807479732953,41
14,-122.36877068003848,37.81743537608256,41
15,-122.36445273642717,37.77633318728251,41
16,-122.44401168537439,37.82631993179639,41
17,-122.39743790667752,37.76904006311228,41
18,-122.45198440555869,37.78784592022042,41
19,-122.3917778686206,37.76710360752382,41
20,-122.43152932668721,37.82913344720985,41
21,-122.38966448332579,37.75493352862787,41
22,-122.38211199391236,37.74463588541895,41
23,-122.37830483756451,37.78545586086436,41
24,-122.45890385817013,37.82448291162901,41
25,-122.36661972545132,37.8116488647561,41
26,-122.39530726431717,37.82036017099822,41
27,-122.35723094320997,37.78885004079328,41
28,-122.404269519208,37.76024624826044,41
29,-122.39123251370155,37.76832324894087,41
30,-122.36724257287068,37.758343868911524,41
31,-122.39353693189322,37.74876532055314,41
32,-122.41214365958064,37.74547439199062,41
33,-122.41114454170649,37.74544430631782,41
34,-122.40994975962455,37.76259977130689,41
35,-122.38907370212956,37.74349500992839,41
36,-122.36277752532853,37.79408975413812,41
37,-122.41086153193133,37.806191040749255,41
38,-122.43348167549777,37.771695775619825,41
39,-122.43314545636194,37.766675362924666,41
40,-122.37943088606761,37.78798830823106,41
41,-122.36974974325148,37.82367878737996,41
42,-122.44687464311188,37.83082563266769,41
43,-122.46062341164718,37.74889327161921,41
44,-122.3953407599454,37.76125978268277,41
45,-122.4471461542043,37.762573177823235,41
46,-122.37294943131414,37.762267444508666,41
47,-122.43543931265921,37.803142384284094,41
48,-122.45569917623635,37.773062391344695,41
49,-122.359880504836,37.757312259449044,41
0,-122.37155135713054,37.83122709508127,42
1,-122.3846696906941,37.78365356701834,42
2,-122.42917725587816,37.76081149941409,42
3,-122.35924689089687,37.769452345956296,42
4,-122.38642729019436,37.78656698384379,42
5,-122.39116146148392,37.760774838950944,42
6,-122.41852742859086,37.81700403287386,42
7,-122.43883262122215,37.81189326827814,42
8,-122.45670923767952,37.81522547511379,42
9,-122.43237494631234,37.76401371260197,42
10,-122.43128668705869,37.74817573066046,42
11,-122.41099934438591,37.79507355603277,42
12,-122.4126861174962,37.77808454527845,42
13,-122.46202046631764,37.81799649745046,42
14,-122.36834139296163,37.81871982188938,42
15,-122.36458048792045,37.77589776402196,42
16,-122.44396721473552,37.826250960941934,42
17,-122.39752267699699,37.7689475595652,42
18,-122.45194038330217,37.787674955293774,42
19,-122.39166477840958,37.767401611336645,42
20,-122.43277647296527,37.829451958716284,42
21,-122.3902328862596,37.7547140415622,42
22,-122.38182288201011,37.74419310110321,42
23,-122.37718148784923,37.78441558533303,42
24,-122.45881529440113,37.8248710832588,42
25,-122.3682270836069,37.811287144256404,42
26,-122.3954227789083,37.82066825131169,42
27,-122.35773226378022,37.78879365858709,42
28,-122.40386114140802,37.760510812687734,42
29,-122.39101447970562,37.76850204801747,42
30,-122.36751526836294,37.757768617811664,42
31,-122.39349289676306,37.74884304257438,42
32,-122.41221531049608,37.745485049076144,42
33,-122.41126582163575,37.74587543992562,42
34,-122.40919478983469,37.7634774923336,42
35,-122.38890132435081,37.74341330218821,42
36,-122.36234644621581,37.793379015704325,42
37,-122.41117413563242,37.80623862653819,42
38,-122.43430837549101,37.77122559560163,42
39,-122.43290843055014,37.766470317001364,42
40,-122.37777539712998,37.78753920556467,42
41,-122.36886088094235,37.82300297207538,42
42,-122.44686398909755,37.83091938576101,42
43,-122.46062300292006,37.74837069769498,42
44,-122.39506582471849,37.76135611667303,42
45,-122.44718254799922,37.762615533464256,42
46,-122.37258685573494,37.7623166867127,42
47,-122.43539358833715,37.80418519815595,42
48,-122.45594947562135,37.77299387441793,42
49,-122.35981804621126,37.757540533155634,42
0,-122.37093987167532,37.830533972498365,43
1,-122.38451536509993,37.78370535805058,43
2,-122.42824365686644,37.76068275766088,43
3,-122.35924870557848,37.769451411781965,43
4,-122.3870616653278,37.786277802460965,43
5,-122.39120971550692,37.76073527072926,43
6,-122.41900938223712,37.81702515381057,43
7,-122.43980364754428,37.81196306806874,43
8,-122.45677041328562,37.81540785159353,43
9,-122.43249909407743,37.76349008667288,43
10,-122.43110906251145,37.74793508572484,43
11,-122.4108404191268,37.7950087300452,43
12,-122.41328081779467,37.77814089431241,43
13,-122.46180231334127,37.8176058053133,43
14,-122.36833961594965,37.818746310953784,43
15,-122.3646794495376,37.775423244067404,43
16,-122.44393874722171,37.82622839524927,43
17,-122.39771183251865,37.7688009742628,43
18,-122.45246093828582,37.78637057082766,43
19,-122.39136529877946,37.76722220325622,43
20,-122.43296721770874,37.82967728453563,43
21,-122.39042105274042,37.75413042679654,43
22,-122.38140906592488,37.744865755060715,43
23,-122.37585348507407,37.784478054453295,43
24,-122.45901217670058,37.82476222982365,43
25,-122.36855730354806,37.81119597750417,43
26,-122.39500052712393,37.82119783190859,43
27,-122.3576931439187,37.78878873583733,43
28,-122.4032779391079,37.75933268776515,43
29,-122.39111945593572,37.76851876810927,43
30,-122.36779993332955,37.75736002561281,43
31,-122.3935381173633,37.74961947179863,43
32,-122.41144670768153,37.74558022604359,43
33,-122.41229935545985,37.74606557105526,43
34,-122.40805045043068,37.7635407106161,43
35,-122.3891011776919,37.74362788127646,43
36,-122.36116079912888,37.79256472832613,43
37,-122.41080789980128,37.80605321360856,43
38,-122.43442567569565,37.77135107539021,43
39,-122.43323719250148,37.76665443317986,43
40,-122.37754064683061,37.78765333457237,43
41,-122.36844635067202,37.82298041684918,43
42,-122.4468638599912,37.83091940946509,43
43,-122.46146649776877,37.74770212232899,43
44,-122.39454951417066,37.76154981145376,43
45,-122.44717169635284,37.76253262560907,43
46,-122.37313141129536,37.76226771785441,43
47,-122.43519363038583,37.80507889580044,43
48,-122.45597649846607,37.772956121235616,43
49,-122.35982604844534,37.7575498856906,43
0,-122.37067450430499,37.83052041152611,44
1,-122.3832345667423,37.783945489639066,44
2,-122.42721099340233,37.76054082510779,44
3,-122.35945438759941,37.769198283910825,44
4,-122.38705952335496,37.7860459947141,44
5,-122.39022955191994,37.761911766098684,44
6,-122.41841272141647,37.817192257758585,44
7,-122.44029375203337,37.81187939488417,44
8,-122.45642700831056,37.81517738903967,44
9,-122.43217963440236,37.76384931560779,44
10,-122.43149117852381,37.7475790851416,44
11,-122.4111048851508,37.795256405561375,44
12,-122.41370455545189,37.77797184959812,44
13,-122.46190241033361,37.8173243713322,44
14,-122.3681714850274,37.81851983771452,44
15,-122.36478199446518,37.7751638401429,44
16,-122.44186524033809,37.82617740358334,44
17,-122.39769724252223,37.768807211509774,44
18,-122.45230321130826,37.78545851405738,44
19,-122.39146565214192,37.76731062072983,44
20,-122.43316712180393,37.829638051444995,44
21,-122.38969966668428,37.754389389580666,44
22,-122.38091634702249,37.7451596982929,44
23,-122.37499671062805,37.7844169744497,44
24,-122.45910666442478,37.825236659409924,44
25,-122.36849542505323,37.811262385840685,44
26,-122.39519606233682,37.82156031852716,44
27,-122.35714532848361,37.78869488408387,44
28,-122.40296610231235,37.75915855448677,44
29,-122.39184918329377,37.768956605225114,44
30,-122.36703174601921,37.75797782115612,44
31,-122.3934852812056,37.749509623570184,44
32,-122.41112953419245,37.7458155054282,44
33,-122.4126233577862,37.745843180804435,44
34,-122.40731470955166,37.763955552660825,44
35,-122.3891495072784,37.74375629861626,44
36,-122.36031426711367,37.79243540801266,44
37,-122.41115507997472,37.80629660530357,44
38,-122.4345537694795,37.77069341244435,44
39,-122.43279753322629,37.767247544152234,44
40,-122.37719188314603,37.787605347763694,44
41,-122.36838158208901,37.822737564616276,44
42,-122.44546922368015,37.83079929716487,44
43,-122.46168909229468,37.74756930500481,44
44,-122.39398799115432,37.761324653493716,44
45,-122.44691980448705,37.762563055040154,44
46,-122.37420362949909,37.7629869238984,44
47,-122.43500337283307,37.804015398033286,44
48,-122.45547936648754,37.773222014056145,44
49,-122.3616264026455,37.758093125539794,44
0,-122.37032139187612,37.83021416302897,45
1,-122.38325082163925,37.783917023422646,45
2,-122.42681043989923,37.76070802305015,45
3,-122.35955475952655,37.76913123376124,45
4,-122.38739655099616,37.78557474524237,45
5,-122.38944278309224,37.761948443713905,45
6,-122.41865551256684,37.81723457848286,45
7,-122.44061674874322,37.81185144914774,45
8,-122.45632789019601,37.81491368979078,45
9,-122.43214774655952,37.764530246910745,45
10,-122.432021120727,37.74808766780653,45
11,-122.41121012176387,37.79556542574287,45
12,-122.414251823289,37.77814514405283,45
13,-122.46155818478643,37.81692399883561,45
14,-122.36751746154836,37.81715735647659,45
15,-122.36532788013112,37.77475866510562,45
16,-122.44187506605603,37.8261860673321,45
17,-122.39715583165936,37.768880487125784,45
18,-122.45293753753776,37.7841769392298,45
19,-122.39164581062933,37.76697798496692,45
20,-122.43412046211456,37.83084597992652,45
21,-122.38967562544406,37.75441552490236,45
22,-122.3803146846958,37.74534367235413,45
23,-122.37452632728335,37.784416918782696,45
24,-122.45905584342223,37.82558742263023,45
25,-122.3681575710029,37.81195520965794,45
26,-122.39552651459658,37.82202841765339,45
27,-122.35697126080977,37.78875269115859,45
28,-122.40284054033152,37.759086564382976,45
29,-122.39157260815449,37.76986954844584,45
30,-122.36650111448202,37.758049518902475,45
31,-122.39321293945137,37.749036234233294,45
32,-122.41119470518814,37.74579982255354,45
33,-122.41394966440234,37.74566084666672,45
34,-122.40714511259563,37.764416349929746,45
35,-122.38902386421884,37.74340133414553,45
36,-122.35991063254228,37.791867726468965,45
37,-122.41100418620385,37.80627396926687,45
38,-122.43456531651147,37.770557865766676,45
39,-122.43262438115194,37.767898466955764,45
40,-122.37745623820364,37.78754646297221,45
41,-122.36788976378712,37.82271599373489,45
42,-122.44529272644368,37.83063158975679,45
43,-122.46259971801754,37.747442819355506,45
44,-122.39319677653582,37.76123171734361,45
45,-122.44665569084297,37.762829347747996,45
46,-122.37594667723161,37.76284920707918,45
47,-122.43505743606106,37.80404099577825,45
48,-122.45515016825891,37.77345498727214,45
49,-122.3620566081475,37.758882094751925,45
0,-122.37002699843163,37.83019416303357,46
1,-122.38322606667167,37.78395483214485,46
2,-122.4266426769277,37.76084690904123,46
3,-122.35948353723984,37.76913109676814,46
4,-122.38736926198919,37.78548408446045,46
5,-122.38958341120482,37.76203140167821,46
6,-122.4195753786106,37.81711748816165,46
7,-122.44012429239969,37.81207837679257,46
8,-122.45655142250159,37.81388397599657,46
9,-122.43178725099439,37.76502548947061,46
10,-122.43202817149484,37.748261571617064,46
11,-122.41022947822721,37.79441053270432,46
12,-122.4147096615753,37.77817150053634,46
13,-122.46139669354523,37.817569782780616,46
14,-122.36621447803138,37.81643101166497,46
15,-122.3658527396254,37.77458118566486,46
16,-122.4413491951391,37.825884005769566,46
17,-122.39630192132861,37.769211134696974,46
18,-122.45269861704584,37.784276249346846,46
19,-122.39094529615303,37.76741501665551,46
20,-122.43461052796701,37.831139638324565,46
21,-122.3883307798067,37.75352211189868,46
22,-122.3802839294884,37.745377241695245,46
23,-122.37456669155475,37.78390857926941,46
24,-122.45902867936829,37.825570610226094,46
25,-122.36817537237971,37.81265277104856,46
26,-122.39546973851272,37.82227624728839,46
27,-122.35617319993014,37.7890485874596,46
28,-122.40285981076532,37.75953854355967,46
29,-122.39173285719616,37.77004653364433,46
30,-122.36648891565105,37.75804995346405,46
31,-122.39286579009973,37.748974753697205,46
32,-122.410780028041,37.74578931241066,46
33,-122.41445613872708,37.74556050610015,46
34,-122.4063136628075,37.76479114643134,46
35,-122.38903602790597,37.74345170497524,46
36,-122.3601875303006,37.792170088865205,46
37,-122.40980377514599,37.80692869991344,46
38,-122.43433560587526,37.770686742053414,46
39,-122.43216517626955,37.76828359012306,46
40,-122.3775637155431,37.78759442795522,46
41,-122.36785702327612,37.82245969184566,46
42,-122.44536780098268,37.830653702772565,46
43,-122.46292083770163,37.74767822075467,46
44,-122.39292173761865,37.76112853636107,46
45,-122.44666363643776,37.76282595687907,46
46,-122.37534033021167,37.76245030603277,46
47,-122.43639584592772,37.8039746435939,46
48,-122.45503458831001,37.7736154896267,46
49,-122.36236852915805,37.75957571338473,46
0,-122.36931624906887,37.82990668793645,47
1,-122.38249401670797,37.78455583577861,47
2,-122.42688005581834,37.761506789572785,47
3,-122.35943162654999,37.76910898616353,47
4,-122.38704861626778,37.78582183080801,47
5,-122.39025738795011,37.76195706696801,47
6,-122.41954923773307,37.817101913624235,47
7,-122.43940076303033,37.81197437255387,47
8,-122.45660113047997,37.813460040842884,47
9,-122.43193149125848,37.76536004808636,47
10,-122.43291019014048,37.748852351369536,47
11,-122.40921734618087,37.793982554826584,47
12,-122.41524223983997,37.77846570553677,47
13,-122.46097678297409,37.8180140738278,47
14,-122.36615833134162,37.81637171177709,47
15,-122.3661367236564,37.77448937840451,47
16,-122.44080131097027,37.82535097002364,47
17,-122.39617369928509,37.76931463034465,47
18,-122.4535352609849,37.783448181000246,47
19,-122.3908562663965,37.76776156454006,47
20,-122.4355617495206,37.83078867819384,47
21,-122.38819094963158,37.753054084514254,47
22,-122.38031129455561,37.744684867139135,47
23,-122.37486472056004,37.78425341060597,47
24,-122.45959471461823,37.82586750487366,47
25,-122.36811315951667,37.81269183195237,47
26,-122.3954685441164,37.8228006269627,47
27,-122.35631222166707,37.78897150210544,47
28,-122.40385306508601,37.7600009194166,47
29,-122.39208192321604,37.7702013428993,47
30,-122.36663069290172,37.757915014858206,47
31,-122.39385386115798,37.74949658204021,47
32,-122.41053215433459,37.7456553418972,47
33,-122.41453598484335,37.745659984889386,47
34,-122.40612840081245,37.76521900496585,47
35,-122.38773725954302,37.74296210557506,47
36,-122.35958561374235,37.791871267895075,47
37,-122.40921628103855,37.80776024834011,47
38,-122.43462124175669,37.771202672844744,47
39,-122.43227275576355,37.768717935191916,47
40,-122.37760299956176,37.787601835960295,47
41,-122.36814293702139,37.82255562728256,47
42,-122.44507726894102,37.83083074647567,47
43,-122.46336592527905,37.747831209340625,47
44,-122.39222962649526,37.76080914620582,47
45,-122.44658304749976,37.7621335176338,47
46,-122.37530857639757,37.762292716104646,47
47,-122.43584622789216,37.803983453944234,47
48,-122.4549589712126,37.77363995146506,47
49,-122.36264082317842,37.76005496474051,47
0,-122.36864673995677,37.83002523389598,48
1,-122.3819029116127,37.784706665733886,48
2,-122.42643546690486,37.76210107485829,48
3,-122.3593329398683,37.76903830159477,48
4,-122.38673528529992,37.786977007838246,48
5,-122.39094591777898,37.76116381581771,48
6,-122.41929777668182,37.817087495986016,48
7,-122.43932970870077,37.81172303299631,48
8,-122.45679711334503,37.813680981582046,48
9,-122.4321039265764,37.76596870782643,48
10,-122.43377263161364,37.74911041552313,48
11,-122.40830767115838,37.79403297155474,48
12,-122.41561415023138,37.77867014194909,48
13,-122.46098061583697,37.81799573379275,48
14,-122.36633257763313,37.81664582664848,48
15,-122.3663517631728,37.77453411398742,48
16,-122.44019581497486,37.82549245031323,48
17,-122.39682552770198,37.76940313865307,48
18,-122.45355158296255,37.783175334988464,48
19,-122.39093699538127,37.76809096164818,48
20,-122.43611163303719,37.83073813857145,48
21,-122.38846087791937,37.7521316788249,48
22,-122.38031472923981,37.744927804537795,48
23,-122.3741149910025,37.78576676023118,48
24,-122.46015239261219,37.825743785328,48
25,-122.36842312615512,37.81252329156744,48
26,-122.39595381420887,37.82320289032407,48
27,-122.35606225702521,37.788995217768715,48
28,-122.4049162926586,37.760139143311015,48
29,-122.39231426395752,37.77032333384024,48
30,-122.36674583570033,37.75743283766622,48
31,-122.39413569744929,37.749924280442926,48
32,-122.41052957699077,37.7456537014003,48
33,-122.41481503040889,37.74596686069545,48
34,-122.40567559452734,37.76493810110599,48
35,-122.3871881936891,37.74329317944224,48
36,-122.36012222061716,37.792221756047475,48
37,-122.40956933540652,37.80743751969981,48
38,-122.43464780468794,37.77118013453574,48
39,-122.43282284732217,37.769081741222,48
40,-122.37777127104857,37.78743255045425,48
41,-122.36768727559294,37.82246923523591,48
42,-122.4455494610255,37.83049333501913,48
43,-122.46278543861936,37.74811704831738,48
44,-122.39266015146667,37.76138615942676,48
45,-122.44607371905991,37.761780745287865,48
46,-122.3751930773072,37.76206869787961,48
47,-122.43569626742575,37.80335506297876,48
48,-122.45463238057286,37.7736421885058,48
49,-122.36253673658968,37.75971957396786,48
0,-122.36780786064553,37.83008665591888,49
1,-122.38189671126385,37.784710648925284,49
2,-122.42614769583967,37.76333114447136,49
3,-122.35787455820575,37.76881161364438,49
4,-122.38576789924413,37.7879348404254,49
5,-122.39206039763282,37.76108445075832,49
6,-122.41989702206185,37.81710629031901,49
7,-122.43923488254455,37.81164283862817,49
8,-122.45725887853595,37.81422505634573,49
9,-122.4322024290568,37.766194145192955,49
10,-122.43471836081171,37.74952723189961,49
11,-122.40738631932686,37.79413650155974,49
12,-122.41523434014975,37.77846877117159,49
13,-122.46109451443061,37.817922749633084,49
14,-122.36629707575109,37.81692281415891,49
15,-122.3666460551116,37.77439475150891,49
16,-122.43869678430332,37.82489077054582,49
17,-122.3965722542521,37.76956893572029,49
18,-122.45375611923438,37.783353036101914,49
19,-122.39049911972019,37.76880755757149,49
20,-122.43655851108333,37.83098739016849,49
21,-122.38889798510012,37.75189777082471,49
22,-122.38127523536966,37.74576131976239,49
23,-122.3744416922249,37.786549572669635,49
24,-122.45980887529232,37.82612874189336,49
25,-122.36854662139027,37.81251193588435,49
26,-122.39603155818742,37.823403333372454,49
27,-122.35570879319414,37.789255307434466,49
28,-122.40697057297099,37.7603733565163,49
29,-122.39187270384936,37.77030281888736,49
30,-122.36761573299572,37.75735501910197,49
31,-122.39437659640384,37.750513994872286,49
32,-122.40938156826611,37.745521856777884,49
33,-122.41450379917572,37.74560560565521,49
34,-122.40556145034085,37.765065785914196,49
35,-122.38703801178502,37.74359932852499,49
36,-122.36087832535527,37.79212214680427,49
37,-122.40917475191851,37.80758480815099,49
38,-122.4346333993035,37.77132701766139,49
39,-122.43279090215042,37.76940477066728,49
40,-122.3781265181943,37.787074113833995,49
41,-122.3675971941956,37.82238015124416,49
42,-122.44591084307461,37.83049543544796,49
43,-122.46256693370934,37.7481252068033,49
44,-122.39345669956192,37.76179395904511,49
45,-122.44484793545448,37.76114969179285,49
46,-122.37549791050375,37.762159554537895,49
47,-122.43575271993971,37.80354761762677,49
48,-122.45447692652948,37.77376588627317,49
49,-122.36250592577919,37.75926577402343,49
